Timestamp;CPU Core #1 Temp (�C);CPU Core #2 Temp (�C);CPU Core #3 Temp (�C);CPU Core #4 Temp (�C);CPU Package Temp (�C);CPU Package Power (W);CPU Cores Power (W);CPU Graphics Power (W);CPU Total Load (%);RAM Load (%);GPU Core Temp (�C);GPU Core Load (%);GPU Memory Load (%)
2025-04-28 11:06:34;71,0 �C;70,0 �C;67,0 �C;69,0 �C;71,0 �C;17,9 W;14,8 W;0,2 W;27,9 %;51,1 %;0,0 �C;0,0 %;2,0 %
2025-04-28 11:06:36;67,0 �C;67,0 �C;65,0 �C;66,0 �C;67,0 �C;7,7 W;5,0 W;0,0 W;10,7 %;51,1 %;0,0 �C;0,0 %;2,0 %
2025-04-28 11:06:38;60,0 �C;60,0 �C;60,0 �C;60,0 �C;60,0 �C;3,3 W;0,8 W;0,0 W;0,6 %;50,8 %;0,0 �C;0,0 %;2,0 %
2025-04-28 11:06:40;65,0 �C;65,0 �C;65,0 �C;65,0 �C;65,0 �C;4,0 W;1,5 W;0,0 W;3,5 %;50,8 %;0,0 �C;0,0 %;2,0 %
2025-04-28 11:06:42;60,0 �C;60,0 �C;60,0 �C;60,0 �C;60,0 �C;5,5 W;2,9 W;0,0 W;5,9 %;50,8 %;0,0 �C;0,0 %;2,0 %
2025-04-28 11:06:44;63,0 �C;63,0 �C;63,0 �C;63,0 �C;63,0 �C;13,4 W;9,1 W;1,1 W;34,2 %;51,0 %;0,0 �C;0,0 %;2,0 %
2025-04-28 11:06:46;66,0 �C;66,0 �C;63,0 �C;64,0 �C;66,0 �C;14,1 W;10,1 W;0,9 W;31,9 %;51,5 %;0,0 �C;0,0 %;2,0 %
2025-04-28 11:06:48;59,0 �C;59,0 �C;59,0 �C;59,0 �C;65,0 �C;5,3 W;2,4 W;0,2 W;16,2 %;51,4 %;0,0 �C;0,0 %;2,0 %
2025-04-28 11:06:50;64,0 �C;67,0 �C;63,0 �C;65,0 �C;67,0 �C;8,5 W;5,3 W;0,3 W;16,1 %;51,2 %;0,0 �C;0,0 %;2,0 %
2025-04-28 11:06:52;66,0 �C;71,0 �C;66,0 �C;68,0 �C;71,0 �C;15,8 W;12,0 W;0,7 W;33,6 %;51,4 %;0,0 �C;0,0 %;2,0 %
2025-04-28 11:06:54;67,0 �C;67,0 �C;67,0 �C;67,0 �C;67,0 �C;8,6 W;5,8 W;0,0 W;16,3 %;51,5 %;0,0 �C;0,0 %;2,0 %
2025-04-28 11:06:56;66,0 �C;67,0 �C;65,0 �C;68,0 �C;68,0 �C;11,7 W;8,2 W;0,6 W;29,3 %;51,4 %;0,0 �C;0,0 %;2,0 %
2025-04-28 11:06:58;65,0 �C;65,0 �C;64,0 �C;65,0 �C;65,0 �C;7,6 W;4,8 W;0,1 W;18,1 %;51,5 %;0,0 �C;0,0 %;2,0 %
2025-04-28 11:07:00;61,0 �C;61,0 �C;61,0 �C;61,0 �C;61,0 �C;6,0 W;3,2 W;0,1 W;14,4 %;51,3 %;0,0 �C;0,0 %;2,0 %
2025-04-28 11:07:02;66,0 �C;67,0 �C;65,0 �C;66,0 �C;67,0 �C;8,1 W;5,4 W;0,0 W;10,8 %;51,2 %;0,0 �C;0,0 %;2,0 %
2025-04-28 11:07:04;59,0 �C;59,0 �C;59,0 �C;59,0 �C;60,0 �C;4,0 W;1,4 W;0,0 W;3,3 %;51,3 %;0,0 �C;0,0 %;2,0 %
2025-04-28 11:07:06;65,0 �C;65,0 �C;63,0 �C;65,0 �C;65,0 �C;9,7 W;6,4 W;0,4 W;28,3 %;51,1 %;0,0 �C;0,0 %;2,0 %
2025-04-28 11:07:08;67,0 �C;66,0 �C;66,0 �C;66,0 �C;67,0 �C;17,7 W;13,2 W;1,2 W;36,4 %;51,6 %;0,0 �C;0,0 %;2,0 %
2025-04-28 11:07:10;65,0 �C;65,0 �C;65,0 �C;65,0 �C;65,0 �C;3,7 W;1,1 W;0,0 W;2,9 %;51,5 %;0,0 �C;0,0 %;2,0 %
2025-04-28 11:07:12;63,0 �C;63,0 �C;63,0 �C;63,0 �C;63,0 �C;3,3 W;0,8 W;0,0 W;2,3 %;51,5 %;0,0 �C;0,0 %;2,0 %
2025-04-28 11:07:14;60,0 �C;60,0 �C;60,0 �C;60,0 �C;60,0 �C;3,9 W;1,3 W;0,0 W;1,9 %;51,4 %;0,0 �C;0,0 %;2,0 %
2025-04-28 11:07:16;63,0 �C;61,0 �C;60,0 �C;62,0 �C;63,0 �C;3,4 W;0,9 W;0,0 W;1,6 %;51,4 %;0,0 �C;0,0 %;2,0 %
2025-04-28 11:07:18;62,0 �C;62,0 �C;62,0 �C;62,0 �C;63,0 �C;7,7 W;5,0 W;0,0 W;12,3 %;51,3 %;0,0 �C;0,0 %;2,0 %
2025-04-28 11:07:20;57,0 �C;57,0 �C;57,0 �C;57,0 �C;58,0 �C;3,6 W;1,0 W;0,0 W;0,6 %;51,3 %;0,0 �C;0,0 %;2,0 %
2025-04-28 11:07:22;60,0 �C;60,0 �C;60,0 �C;60,0 �C;60,0 �C;3,4 W;0,8 W;0,0 W;1,8 %;51,3 %;0,0 �C;0,0 %;2,0 %
2025-04-28 11:07:24;62,0 �C;62,0 �C;62,0 �C;62,0 �C;62,0 �C;4,0 W;1,4 W;0,0 W;1,6 %;51,4 %;0,0 �C;0,0 %;2,0 %
2025-04-28 11:07:26;56,0 �C;56,0 �C;56,0 �C;56,0 �C;62,0 �C;3,4 W;0,8 W;0,0 W;2,0 %;51,4 %;0,0 �C;0,0 %;2,0 %
2025-04-28 11:07:28;64,0 �C;66,0 �C;64,0 �C;65,0 �C;67,0 �C;7,3 W;4,6 W;0,0 W;11,7 %;51,4 %;0,0 �C;0,0 %;2,0 %
2025-04-28 11:07:30;61,0 �C;62,0 �C;60,0 �C;62,0 �C;62,0 �C;4,7 W;2,0 W;0,0 W;2,3 %;51,5 %;0,0 �C;0,0 %;2,0 %
2025-04-28 11:07:32;56,0 �C;56,0 �C;56,0 �C;56,0 �C;62,0 �C;5,5 W;2,8 W;0,0 W;9,2 %;51,5 %;0,0 �C;0,0 %;2,0 %
2025-04-28 11:07:34;60,0 �C;60,0 �C;60,0 �C;61,0 �C;63,0 �C;6,6 W;3,8 W;0,0 W;8,4 %;51,5 %;0,0 �C;0,0 %;2,0 %
2025-04-28 11:07:36;60,0 �C;60,0 �C;60,0 �C;60,0 �C;60,0 �C;3,3 W;0,8 W;0,0 W;0,6 %;51,5 %;0,0 �C;0,0 %;2,0 %
2025-04-28 11:07:38;56,0 �C;56,0 �C;56,0 �C;56,0 �C;57,0 �C;3,3 W;0,7 W;0,0 W;1,9 %;51,5 %;0,0 �C;0,0 %;2,0 %
2025-04-28 11:07:40;61,0 �C;60,0 �C;58,0 �C;62,0 �C;62,0 �C;3,6 W;1,0 W;0,0 W;2,0 %;51,5 %;0,0 �C;0,0 %;2,0 %
2025-04-28 11:07:43;55,0 �C;55,0 �C;55,0 �C;55,0 �C;55,0 �C;3,3 W;0,8 W;0,0 W;1,4 %;51,5 %;0,0 �C;0,0 %;2,0 %
2025-04-28 11:07:45;60,0 �C;60,0 �C;60,0 �C;60,0 �C;60,0 �C;7,7 W;5,0 W;0,0 W;13,3 %;51,5 %;0,0 �C;0,0 %;2,0 %
2025-04-28 11:07:47;59,0 �C;59,0 �C;59,0 �C;59,0 �C;59,0 �C;3,8 W;1,3 W;0,0 W;0,8 %;51,5 %;0,0 �C;0,0 %;2,0 %
2025-04-28 11:07:49;55,0 �C;55,0 �C;55,0 �C;55,0 �C;56,0 �C;3,3 W;0,7 W;0,0 W;0,6 %;51,4 %;0,0 �C;0,0 %;2,0 %
2025-04-28 11:07:51;60,0 �C;60,0 �C;60,0 �C;60,0 �C;60,0 �C;3,5 W;0,9 W;0,0 W;1,4 %;51,4 %;0,0 �C;0,0 %;2,0 %
2025-04-28 11:07:53;57,0 �C;57,0 �C;57,0 �C;57,0 �C;57,0 �C;3,3 W;0,7 W;0,0 W;1,4 %;51,4 %;0,0 �C;0,0 %;2,0 %
2025-04-28 11:07:55;63,0 �C;60,0 �C;59,0 �C;61,0 �C;63,0 �C;7,6 W;4,9 W;0,0 W;12,4 %;51,4 %;0,0 �C;0,0 %;2,0 %
2025-04-28 11:07:57;56,0 �C;56,0 �C;56,0 �C;56,0 �C;56,0 �C;3,5 W;1,0 W;0,0 W;2,2 %;51,4 %;0,0 �C;0,0 %;2,0 %
2025-04-28 11:07:59;55,0 �C;55,0 �C;55,0 �C;55,0 �C;56,0 �C;3,4 W;0,8 W;0,0 W;1,2 %;51,4 %;0,0 �C;0,0 %;2,0 %
2025-04-28 11:08:01;57,0 �C;57,0 �C;57,0 �C;57,0 �C;57,0 �C;5,0 W;2,4 W;0,0 W;7,1 %;51,4 %;0,0 �C;0,0 %;2,0 %
2025-04-28 11:08:03;58,0 �C;58,0 �C;58,0 �C;58,0 �C;58,0 �C;3,6 W;1,1 W;0,0 W;1,4 %;51,3 %;0,0 �C;0,0 %;2,0 %
2025-04-28 11:08:05;54,0 �C;54,0 �C;54,0 �C;54,0 �C;55,0 �C;3,6 W;1,0 W;0,0 W;1,0 %;51,3 %;0,0 �C;0,0 %;2,0 %
2025-04-28 11:08:07;55,0 �C;55,0 �C;55,0 �C;55,0 �C;59,0 �C;3,6 W;1,0 W;0,0 W;1,0 %;51,4 %;0,0 �C;0,0 %;2,0 %
2025-04-28 11:08:09;54,0 �C;54,0 �C;54,0 �C;54,0 �C;59,0 �C;3,5 W;0,9 W;0,0 W;2,1 %;51,3 %;0,0 �C;0,0 %;2,0 %
2025-04-28 11:08:11;59,0 �C;57,0 �C;54,0 �C;59,0 �C;59,0 �C;7,7 W;5,0 W;0,0 W;10,5 %;51,3 %;0,0 �C;0,0 %;2,0 %
2025-04-28 11:08:13;59,0 �C;58,0 �C;55,0 �C;59,0 �C;59,0 �C;3,4 W;0,9 W;0,0 W;1,4 %;51,3 %;0,0 �C;0,0 %;2,0 %
2025-04-28 11:08:15;57,0 �C;57,0 �C;57,0 �C;57,0 �C;57,0 �C;3,4 W;0,8 W;0,0 W;1,4 %;51,3 %;0,0 �C;0,0 %;2,0 %
2025-04-28 11:08:17;57,0 �C;57,0 �C;57,0 �C;57,0 �C;57,0 �C;3,8 W;1,2 W;0,0 W;2,2 %;51,4 %;0,0 �C;0,0 %;2,0 %
2025-04-28 11:08:19;57,0 �C;57,0 �C;57,0 �C;57,0 �C;57,0 �C;5,5 W;2,9 W;0,0 W;10,6 %;51,3 %;0,0 �C;0,0 %;2,0 %
2025-04-28 11:08:21;59,0 �C;59,0 �C;59,0 �C;59,0 �C;59,0 �C;7,5 W;4,8 W;0,0 W;10,8 %;51,1 %;0,0 �C;0,0 %;2,0 %
2025-04-28 11:08:23;58,0 �C;58,0 �C;58,0 �C;58,0 �C;58,0 �C;3,4 W;0,9 W;0,0 W;1,7 %;51,3 %;0,0 �C;0,0 %;2,0 %
2025-04-28 11:08:25;58,0 �C;58,0 �C;58,0 �C;58,0 �C;58,0 �C;3,3 W;0,8 W;0,0 W;2,0 %;51,3 %;0,0 �C;0,0 %;2,0 %
2025-04-28 11:08:27;54,0 �C;54,0 �C;54,0 �C;54,0 �C;59,0 �C;4,4 W;1,7 W;0,0 W;7,2 %;51,3 %;0,0 �C;0,0 %;2,0 %
2025-04-28 11:08:29;58,0 �C;58,0 �C;54,0 �C;57,0 �C;59,0 �C;3,6 W;1,0 W;0,0 W;1,7 %;51,3 %;0,0 �C;0,0 %;2,0 %
2025-04-28 11:08:31;57,0 �C;57,0 �C;57,0 �C;57,0 �C;57,0 �C;3,8 W;1,2 W;0,0 W;3,7 %;51,3 %;0,0 �C;0,0 %;2,0 %
2025-04-28 11:08:33;57,0 �C;57,0 �C;54,0 �C;57,0 �C;60,0 �C;3,8 W;1,2 W;0,0 W;3,4 %;51,4 %;0,0 �C;0,0 %;2,0 %
2025-04-28 11:08:35;56,0 �C;56,0 �C;56,0 �C;56,0 �C;56,0 �C;3,6 W;1,0 W;0,0 W;2,0 %;51,4 %;0,0 �C;0,0 %;2,0 %
2025-04-28 11:08:37;60,0 �C;59,0 �C;55,0 �C;58,0 �C;60,0 �C;9,0 W;6,3 W;0,1 W;14,0 %;51,4 %;0,0 �C;0,0 %;2,0 %
2025-04-28 11:08:39;60,0 �C;59,0 �C;59,0 �C;59,0 �C;60,0 �C;3,9 W;1,3 W;0,0 W;3,3 %;51,2 %;0,0 �C;0,0 %;2,0 %
2025-04-28 11:08:41;58,0 �C;58,0 �C;54,0 �C;57,0 �C;58,0 �C;3,8 W;1,2 W;0,0 W;2,7 %;51,2 %;0,0 �C;0,0 %;2,0 %
2025-04-28 11:08:43;59,0 �C;57,0 �C;54,0 �C;58,0 �C;59,0 �C;3,9 W;1,3 W;0,0 W;3,7 %;51,2 %;0,0 �C;0,0 %;2,0 %
2025-04-28 11:08:45;53,0 �C;53,0 �C;53,0 �C;57,0 �C;58,0 �C;3,8 W;1,2 W;0,0 W;3,1 %;51,2 %;0,0 �C;0,0 %;2,0 %
2025-04-28 11:08:47;56,0 �C;56,0 �C;56,0 �C;58,0 �C;59,0 �C;7,8 W;5,1 W;0,0 W;12,3 %;51,2 %;0,0 �C;0,0 %;2,0 %
2025-04-28 11:08:49;59,0 �C;56,0 �C;57,0 �C;56,0 �C;59,0 �C;4,3 W;1,6 W;0,0 W;3,9 %;51,1 %;0,0 �C;0,0 %;2,0 %
2025-04-28 11:08:51;57,0 �C;57,0 �C;57,0 �C;57,0 �C;57,0 �C;4,0 W;1,4 W;0,0 W;3,9 %;51,1 %;0,0 �C;0,0 %;2,0 %
2025-04-28 11:08:53;58,0 �C;58,0 �C;53,0 �C;56,0 �C;58,0 �C;5,0 W;2,3 W;0,1 W;9,0 %;51,1 %;0,0 �C;0,0 %;2,0 %
2025-04-28 11:08:55;53,0 �C;53,0 �C;53,0 �C;53,0 �C;53,0 �C;3,8 W;1,2 W;0,0 W;3,5 %;51,1 %;0,0 �C;0,0 %;2,0 %
2025-04-28 11:08:57;53,0 �C;56,0 �C;53,0 �C;57,0 �C;58,0 �C;4,0 W;1,4 W;0,0 W;2,0 %;51,1 %;0,0 �C;0,0 %;2,0 %
2025-04-28 11:08:59;58,0 �C;56,0 �C;53,0 �C;56,0 �C;58,0 �C;4,0 W;1,4 W;0,0 W;3,7 %;51,2 %;0,0 �C;0,0 %;2,0 %
2025-04-28 11:09:01;53,0 �C;53,0 �C;53,0 �C;53,0 �C;54,0 �C;4,5 W;1,9 W;0,1 W;3,5 %;51,1 %;0,0 �C;0,0 %;2,0 %
2025-04-28 11:09:03;59,0 �C;55,0 �C;54,0 �C;56,0 �C;59,0 �C;8,1 W;5,4 W;0,1 W;14,1 %;51,3 %;0,0 �C;0,0 %;2,0 %
2025-04-28 11:09:05;54,0 �C;54,0 �C;54,0 �C;57,0 �C;59,0 �C;6,2 W;3,6 W;0,0 W;0,6 %;51,0 %;0,0 �C;0,0 %;2,0 %
2025-04-28 11:09:07;57,0 �C;57,0 �C;57,0 �C;57,0 �C;59,0 �C;4,0 W;1,4 W;0,0 W;11,8 %;51,1 %;0,0 �C;0,0 %;2,0 %
2025-04-28 11:09:09;55,0 �C;55,0 �C;55,0 �C;55,0 �C;57,0 �C;4,2 W;1,6 W;0,0 W;0,4 %;51,2 %;0,0 �C;0,0 %;2,0 %
2025-04-28 11:09:11;53,0 �C;53,0 �C;53,0 �C;53,0 �C;53,0 �C;3,3 W;0,8 W;0,0 W;0,8 %;51,2 %;0,0 �C;0,0 %;2,0 %
2025-04-28 11:09:13;52,0 �C;52,0 �C;52,0 �C;52,0 �C;53,0 �C;7,9 W;5,2 W;0,1 W;1,3 %;51,1 %;0,0 �C;0,0 %;2,0 %
2025-04-28 11:09:15;53,0 �C;53,0 �C;53,0 �C;53,0 �C;53,0 �C;3,0 W;0,5 W;0,0 W;0,4 %;51,2 %;0,0 �C;0,0 %;2,0 %
2025-04-28 11:09:18;61,0 �C;61,0 �C;59,0 �C;60,0 �C;61,0 �C;6,2 W;3,7 W;0,0 W;5,8 %;51,2 %;0,0 �C;0,0 %;2,0 %
2025-04-28 11:09:20;52,0 �C;52,0 �C;52,0 �C;52,0 �C;53,0 �C;3,1 W;0,6 W;0,0 W;0,8 %;51,2 %;0,0 �C;0,0 %;2,0 %
2025-04-28 11:09:22;51,0 �C;51,0 �C;51,0 �C;51,0 �C;52,0 �C;3,1 W;0,6 W;0,0 W;0,8 %;51,1 %;0,0 �C;0,0 %;2,0 %
2025-04-28 11:09:24;57,0 �C;56,0 �C;53,0 �C;56,0 �C;57,0 �C;7,5 W;4,8 W;0,0 W;13,6 %;51,2 %;0,0 �C;0,0 %;2,0 %
2025-04-28 11:09:26;51,0 �C;51,0 �C;52,0 �C;52,0 �C;52,0 �C;3,1 W;0,6 W;0,0 W;0,4 %;51,3 %;0,0 �C;0,0 %;2,0 %
2025-04-28 11:09:28;51,0 �C;51,0 �C;51,0 �C;51,0 �C;53,0 �C;3,0 W;0,5 W;0,0 W;0,2 %;51,3 %;0,0 �C;0,0 %;2,0 %
2025-04-28 11:09:30;54,0 �C;54,0 �C;54,0 �C;54,0 �C;54,0 �C;3,1 W;0,6 W;0,0 W;0,4 %;51,2 %;0,0 �C;0,0 %;2,0 %
2025-04-28 11:09:32;55,0 �C;55,0 �C;55,0 �C;55,0 �C;55,0 �C;3,1 W;0,6 W;0,0 W;0,6 %;51,1 %;0,0 �C;0,0 %;2,0 %
2025-04-28 11:09:34;56,0 �C;56,0 �C;55,0 �C;55,0 �C;55,0 �C;7,2 W;4,6 W;0,0 W;12,2 %;51,1 %;0,0 �C;0,0 %;2,0 %
2025-04-28 11:09:36;55,0 �C;55,0 �C;55,0 �C;55,0 �C;55,0 �C;3,1 W;0,6 W;0,0 W;0,4 %;51,2 %;0,0 �C;0,0 %;2,0 %
2025-04-28 11:09:38;51,0 �C;56,0 �C;50,0 �C;56,0 �C;56,0 �C;3,1 W;0,6 W;0,0 W;0,6 %;51,2 %;0,0 �C;0,0 %;2,0 %
2025-04-28 11:09:40;55,0 �C;55,0 �C;55,0 �C;55,0 �C;56,0 �C;3,3 W;0,8 W;0,0 W;1,8 %;51,2 %;0,0 �C;0,0 %;2,0 %
2025-04-28 11:09:42;56,0 �C;56,0 �C;56,0 �C;56,0 �C;56,0 �C;4,2 W;1,7 W;0,0 W;1,9 %;51,3 %;0,0 �C;0,0 %;2,0 %
2025-04-28 11:09:44;59,0 �C;59,0 �C;57,0 �C;61,0 �C;61,0 �C;6,1 W;3,6 W;0,0 W;5,2 %;51,3 %;0,0 �C;0,0 %;2,0 %
2025-04-28 11:09:46;51,0 �C;51,0 �C;51,0 �C;51,0 �C;52,0 �C;3,1 W;0,6 W;0,0 W;0,4 %;51,3 %;0,0 �C;0,0 %;2,0 %
2025-04-28 11:09:48;51,0 �C;51,0 �C;51,0 �C;51,0 �C;51,0 �C;3,0 W;0,5 W;0,0 W;0,6 %;51,3 %;0,0 �C;0,0 %;2,0 %
2025-04-28 11:09:50;53,0 �C;53,0 �C;53,0 �C;53,0 �C;53,0 �C;7,4 W;4,7 W;0,0 W;10,3 %;51,2 %;0,0 �C;0,0 %;2,0 %
2025-04-28 11:09:52;53,0 �C;53,0 �C;53,0 �C;53,0 �C;53,0 �C;3,4 W;0,9 W;0,0 W;1,2 %;51,3 %;0,0 �C;0,0 %;2,0 %
2025-04-28 11:09:54;52,0 �C;52,0 �C;52,0 �C;52,0 �C;52,0 �C;3,3 W;0,8 W;0,0 W;1,2 %;51,2 %;0,0 �C;0,0 %;2,0 %
2025-04-28 11:09:56;50,0 �C;50,0 �C;50,0 �C;50,0 �C;51,0 �C;3,2 W;0,7 W;0,0 W;0,8 %;51,3 %;0,0 �C;0,0 %;2,0 %
2025-04-28 11:09:58;54,0 �C;54,0 �C;54,0 �C;54,0 �C;54,0 �C;3,0 W;0,6 W;0,0 W;0,4 %;51,2 %;0,0 �C;0,0 %;2,0 %
2025-04-28 11:10:00;54,0 �C;54,0 �C;54,0 �C;54,0 �C;54,0 �C;7,8 W;5,1 W;0,0 W;13,0 %;51,2 %;0,0 �C;0,0 %;2,0 %
2025-04-28 11:10:02;55,0 �C;55,0 �C;55,0 �C;55,0 �C;57,0 �C;3,2 W;0,7 W;0,0 W;0,8 %;51,3 %;0,0 �C;0,0 %;2,0 %
2025-04-28 11:10:04;54,0 �C;54,0 �C;54,0 �C;54,0 �C;54,0 �C;3,2 W;0,7 W;0,0 W;1,0 %;51,3 %;0,0 �C;0,0 %;2,0 %
2025-04-28 11:10:06;55,0 �C;55,0 �C;55,0 �C;55,0 �C;55,0 �C;3,6 W;1,1 W;0,0 W;2,2 %;51,1 %;0,0 �C;0,0 %;2,0 %
2025-04-28 11:10:08;51,0 �C;51,0 �C;51,0 �C;51,0 �C;51,0 �C;3,2 W;0,7 W;0,0 W;0,6 %;51,1 %;0,0 �C;0,0 %;2,0 %
2025-04-28 11:10:10;59,0 �C;61,0 �C;56,0 �C;60,0 �C;61,0 �C;5,3 W;2,8 W;0,0 W;4,4 %;51,1 %;0,0 �C;0,0 %;2,0 %
2025-04-28 11:10:12;51,0 �C;51,0 �C;51,0 �C;51,0 �C;51,0 �C;3,4 W;0,9 W;0,0 W;0,4 %;51,1 %;0,0 �C;0,0 %;2,0 %
2025-04-28 11:10:14;54,0 �C;54,0 �C;54,0 �C;54,0 �C;54,0 �C;3,2 W;0,7 W;0,0 W;0,8 %;51,1 %;0,0 �C;0,0 %;2,0 %
2025-04-28 11:10:16;52,0 �C;52,0 �C;52,0 �C;52,0 �C;58,0 �C;7,3 W;4,6 W;0,0 W;12,4 %;51,1 %;0,0 �C;0,0 %;2,0 %
2025-04-28 11:10:18;51,0 �C;51,0 �C;51,0 �C;51,0 �C;52,0 �C;3,1 W;0,6 W;0,0 W;0,4 %;51,1 %;0,0 �C;0,0 %;2,0 %
2025-04-28 11:10:20;52,0 �C;52,0 �C;52,0 �C;52,0 �C;52,0 �C;3,1 W;0,6 W;0,0 W;0,4 %;51,1 %;0,0 �C;0,0 %;2,0 %
2025-04-28 11:10:22;53,0 �C;53,0 �C;53,0 �C;57,0 �C;57,0 �C;3,2 W;0,7 W;0,0 W;0,8 %;51,1 %;0,0 �C;0,0 %;2,0 %
2025-04-28 11:10:24;50,0 �C;50,0 �C;50,0 �C;50,0 �C;50,0 �C;3,3 W;0,8 W;0,0 W;0,8 %;51,0 %;0,0 �C;0,0 %;2,0 %
2025-04-28 11:10:26;55,0 �C;55,0 �C;55,0 �C;55,0 �C;57,0 �C;7,5 W;4,8 W;0,0 W;9,0 %;51,0 %;0,0 �C;0,0 %;2,0 %
2025-04-28 11:10:28;52,0 �C;52,0 �C;52,0 �C;52,0 �C;52,0 �C;3,2 W;0,7 W;0,0 W;0,4 %;51,1 %;0,0 �C;0,0 %;2,0 %
2025-04-28 11:10:30;55,0 �C;55,0 �C;55,0 �C;55,0 �C;55,0 �C;3,1 W;0,6 W;0,0 W;0,8 %;51,0 %;0,0 �C;0,0 %;2,0 %
2025-04-28 11:10:32;52,0 �C;52,0 �C;51,0 �C;55,0 �C;55,0 �C;3,6 W;1,0 W;0,0 W;2,5 %;51,1 %;0,0 �C;0,0 %;2,0 %
2025-04-28 11:10:34;54,0 �C;54,0 �C;54,0 �C;54,0 �C;56,0 �C;3,2 W;0,7 W;0,0 W;0,6 %;51,0 %;0,0 �C;0,0 %;2,0 %
2025-04-28 11:10:36;57,0 �C;56,0 �C;53,0 �C;56,0 �C;58,0 �C;4,6 W;2,1 W;0,0 W;3,7 %;51,2 %;0,0 �C;0,0 %;2,0 %
2025-04-28 11:10:38;54,0 �C;54,0 �C;54,0 �C;54,0 �C;54,0 �C;3,1 W;0,6 W;0,0 W;0,4 %;51,0 %;0,0 �C;0,0 %;2,0 %
2025-04-28 11:10:40;56,0 �C;57,0 �C;53,0 �C;57,0 �C;57,0 �C;8,2 W;4,7 W;0,7 W;26,4 %;51,0 %;0,0 �C;0,0 %;2,0 %
2025-04-28 11:10:42;56,0 �C;56,0 �C;56,0 �C;56,0 �C;56,0 �C;13,9 W;9,4 W;1,3 W;19,7 %;51,2 %;0,0 �C;0,0 %;2,0 %
2025-04-28 11:10:44;61,0 �C;61,0 �C;58,0 �C;59,0 �C;61,0 �C;16,5 W;12,2 W;1,1 W;36,8 %;51,4 %;0,0 �C;0,0 %;2,0 %
2025-04-28 11:10:46;61,0 �C;63,0 �C;58,0 �C;59,0 �C;63,0 �C;10,7 W;8,0 W;0,1 W;15,6 %;51,6 %;0,0 �C;0,0 %;2,0 %
2025-04-28 11:10:48;64,0 �C;66,0 �C;57,0 �C;58,0 �C;66,0 �C;15,4 W;12,4 W;0,1 W;18,3 %;53,1 %;0,0 �C;0,0 %;2,0 %
2025-04-28 11:10:50;59,0 �C;62,0 �C;57,0 �C;61,0 �C;62,0 �C;15,8 W;12,8 W;0,1 W;15,6 %;53,0 %;0,0 �C;0,0 %;2,0 %
2025-04-28 11:10:52;68,0 �C;70,0 �C;68,0 �C;68,0 �C;71,0 �C;31,7 W;27,7 W;0,6 W;99,4 %;58,2 %;0,0 �C;0,0 %;2,0 %
2025-04-28 11:10:54;69,0 �C;70,0 �C;67,0 �C;69,0 �C;70,0 �C;30,3 W;26,4 W;0,4 W;99,6 %;66,4 %;0,0 �C;0,0 %;2,0 %
2025-04-28 11:10:57;69,0 �C;71,0 �C;69,0 �C;69,0 �C;71,0 �C;30,6 W;26,9 W;0,2 W;99,0 %;70,3 %;0,0 �C;0,0 %;2,0 %
2025-04-28 11:10:59;70,0 �C;72,0 �C;69,0 �C;71,0 �C;72,0 �C;31,8 W;26,7 W;1,6 W;99,6 %;72,2 %;0,0 �C;0,0 %;2,0 %
2025-04-28 11:11:01;73,0 �C;75,0 �C;74,0 �C;74,0 �C;75,0 �C;31,0 W;27,7 W;0,1 W;94,7 %;75,2 %;0,0 �C;0,0 %;2,0 %
2025-04-28 11:11:03;75,0 �C;76,0 �C;76,0 �C;76,0 �C;77,0 �C;33,5 W;29,1 W;1,0 W;96,3 %;76,0 %;0,0 �C;0,0 %;2,0 %
2025-04-28 11:11:05;75,0 �C;78,0 �C;77,0 �C;77,0 �C;78,0 �C;31,5 W;28,4 W;0,2 W;80,1 %;75,9 %;0,0 �C;0,0 %;2,0 %
2025-04-28 11:11:07;76,0 �C;79,0 �C;77,0 �C;77,0 �C;79,0 �C;32,5 W;28,5 W;0,8 W;84,2 %;75,8 %;0,0 �C;0,0 %;2,0 %
2025-04-28 11:11:09;78,0 �C;80,0 �C;79,0 �C;79,0 �C;80,0 �C;33,8 W;29,9 W;0,7 W;98,8 %;75,1 %;0,0 �C;0,0 %;2,0 %
2025-04-28 11:11:11;74,0 �C;81,0 �C;80,0 �C;79,0 �C;80,0 �C;26,0 W;22,4 W;0,6 W;83,3 %;75,0 %;0,0 �C;0,0 %;2,0 %
2025-04-28 11:11:13;72,0 �C;74,0 �C;72,0 �C;73,0 �C;74,0 �C;24,8 W;20,5 W;1,2 W;100,0 %;74,6 %;0,0 �C;0,0 %;2,0 %
2025-04-28 11:11:15;73,0 �C;75,0 �C;73,0 �C;73,0 �C;75,0 �C;24,2 W;20,2 W;0,9 W;100,0 %;74,6 %;0,0 �C;0,0 %;2,0 %
2025-04-28 11:11:17;74,0 �C;76,0 �C;74,0 �C;73,0 �C;76,0 �C;23,5 W;20,0 W;0,5 W;100,0 %;74,6 %;0,0 �C;0,0 %;2,0 %
2025-04-28 11:11:19;78,0 �C;82,0 �C;82,0 �C;80,0 �C;82,0 �C;26,7 W;23,5 W;0,3 W;100,0 %;74,6 %;0,0 �C;0,0 %;2,0 %
2025-04-28 11:11:21;79,0 �C;82,0 �C;83,0 �C;81,0 �C;83,0 �C;27,1 W;23,9 W;0,2 W;100,0 %;74,6 %;0,0 �C;0,0 %;2,0 %
2025-04-28 11:11:23;74,0 �C;75,0 �C;73,0 �C;74,0 �C;75,0 �C;17,2 W;14,1 W;0,1 W;100,0 %;74,6 %;0,0 �C;0,0 %;2,0 %
2025-04-28 11:11:25;74,0 �C;76,0 �C;75,0 �C;74,0 �C;76,0 �C;21,7 W;18,5 W;0,2 W;100,0 %;74,7 %;0,0 �C;0,0 %;2,0 %
2025-04-28 11:11:27;80,0 �C;82,0 �C;83,0 �C;80,0 �C;84,0 �C;29,8 W;25,9 W;0,1 W;100,0 %;75,0 %;62,0 �C;0,0 %;2,0 %
2025-04-28 11:11:29;75,0 �C;77,0 �C;74,0 �C;74,0 �C;77,0 �C;18,0 W;14,5 W;0,1 W;100,0 %;75,0 %;71,0 �C;0,0 %;2,0 %
2025-04-28 11:11:31;74,0 �C;77,0 �C;75,0 �C;75,0 �C;77,0 �C;17,6 W;14,6 W;0,1 W;100,0 %;74,9 %;0,0 �C;0,0 %;2,0 %
2025-04-28 11:11:33;75,0 �C;78,0 �C;75,0 �C;75,0 �C;78,0 �C;17,5 W;14,5 W;0,1 W;100,0 %;74,9 %;0,0 �C;0,0 %;2,0 %
2025-04-28 11:11:35;74,0 �C;76,0 �C;76,0 �C;74,0 �C;76,0 �C;17,7 W;14,6 W;0,2 W;100,0 %;75,0 %;0,0 �C;0,0 %;2,0 %
2025-04-28 11:11:37;75,0 �C;76,0 �C;76,0 �C;74,0 �C;76,0 �C;17,6 W;14,5 W;0,1 W;100,0 %;75,0 %;0,0 �C;0,0 %;2,0 %
2025-04-28 11:11:39;74,0 �C;77,0 �C;76,0 �C;75,0 �C;77,0 �C;17,5 W;14,4 W;0,2 W;100,0 %;75,1 %;0,0 �C;0,0 %;2,0 %
2025-04-28 11:11:42;74,0 �C;77,0 �C;73,0 �C;74,0 �C;77,0 �C;17,5 W;14,4 W;0,1 W;100,0 %;75,1 %;0,0 �C;0,0 %;2,0 %
2025-04-28 11:11:44;75,0 �C;76,0 �C;75,0 �C;74,0 �C;76,0 �C;18,4 W;14,3 W;0,9 W;100,0 %;75,2 %;0,0 �C;0,0 %;2,0 %
2025-04-28 11:11:46;75,0 �C;77,0 �C;75,0 �C;73,0 �C;77,0 �C;18,5 W;14,4 W;0,9 W;100,0 %;75,1 %;0,0 �C;0,0 %;2,0 %
2025-04-28 11:11:48;74,0 �C;77,0 �C;76,0 �C;74,0 �C;77,0 �C;18,4 W;14,3 W;0,9 W;100,0 %;75,1 %;0,0 �C;0,0 %;2,0 %
2025-04-28 11:11:50;75,0 �C;76,0 �C;75,0 �C;74,0 �C;76,0 �C;18,5 W;14,5 W;0,9 W;91,9 %;74,8 %;0,0 �C;0,0 %;2,0 %
2025-04-28 11:11:52;74,0 �C;76,0 �C;76,0 �C;74,0 �C;76,0 �C;18,8 W;14,6 W;1,1 W;93,8 %;75,6 %;0,0 �C;0,0 %;2,0 %
2025-04-28 11:11:54;79,0 �C;80,0 �C;81,0 �C;78,0 �C;81,0 �C;21,3 W;16,5 W;1,4 W;100,0 %;76,7 %;0,0 �C;0,0 %;2,0 %
2025-04-28 11:11:56;76,0 �C;78,0 �C;75,0 �C;74,0 �C;78,0 �C;19,3 W;14,7 W;1,4 W;100,0 %;77,9 %;0,0 �C;0,0 %;2,0 %
2025-04-28 11:11:58;75,0 �C;77,0 �C;75,0 �C;75,0 �C;77,0 �C;19,3 W;14,7 W;1,4 W;95,1 %;79,1 %;0,0 �C;0,0 %;2,0 %
2025-04-28 11:12:00;76,0 �C;77,0 �C;76,0 �C;75,0 �C;77,0 �C;19,5 W;14,6 W;1,6 W;94,5 %;80,0 %;0,0 �C;0,0 %;2,0 %
2025-04-28 11:12:02;76,0 �C;78,0 �C;76,0 �C;76,0 �C;78,0 �C;19,8 W;14,9 W;1,6 W;92,8 %;80,0 %;0,0 �C;0,0 %;2,0 %
2025-04-28 11:12:04;75,0 �C;77,0 �C;76,0 �C;76,0 �C;77,0 �C;20,0 W;14,8 W;1,8 W;95,0 %;80,1 %;0,0 �C;0,0 %;2,0 %
2025-04-28 11:12:06;75,0 �C;79,0 �C;77,0 �C;75,0 �C;78,0 �C;19,0 W;14,8 W;1,0 W;94,2 %;80,1 %;0,0 �C;0,0 %;2,0 %
2025-04-28 11:12:08;75,0 �C;77,0 �C;76,0 �C;75,0 �C;77,0 �C;18,2 W;14,2 W;0,8 W;94,2 %;80,0 %;0,0 �C;0,0 %;2,0 %
2025-04-28 11:12:10;75,0 �C;77,0 �C;76,0 �C;75,0 �C;77,0 �C;19,2 W;14,6 W;1,4 W;96,7 %;79,9 %;0,0 �C;0,0 %;2,0 %
2025-04-28 11:12:12;76,0 �C;77,0 �C;76,0 �C;76,0 �C;77,0 �C;18,2 W;14,7 W;0,4 W;99,6 %;80,1 %;0,0 �C;0,0 %;2,0 %
2025-04-28 11:12:14;77,0 �C;77,0 �C;77,0 �C;75,0 �C;77,0 �C;18,2 W;14,9 W;0,2 W;97,9 %;80,1 %;0,0 �C;0,0 %;2,0 %
2025-04-28 11:12:16;77,0 �C;78,0 �C;76,0 �C;77,0 �C;78,0 �C;17,6 W;14,6 W;0,0 W;92,0 %;79,9 %;0,0 �C;0,0 %;2,0 %
2025-04-28 11:12:18;76,0 �C;78,0 �C;76,0 �C;77,0 �C;78,0 �C;18,0 W;15,0 W;0,0 W;95,3 %;79,8 %;0,0 �C;0,0 %;2,0 %
2025-04-28 11:12:20;76,0 �C;78,0 �C;77,0 �C;76,0 �C;78,0 �C;18,2 W;15,2 W;0,0 W;100,0 %;79,8 %;0,0 �C;0,0 %;2,0 %
2025-04-28 11:12:22;76,0 �C;79,0 �C;76,0 �C;76,0 �C;79,0 �C;17,9 W;14,8 W;0,0 W;100,0 %;80,1 %;0,0 �C;0,0 %;2,0 %
2025-04-28 11:12:24;77,0 �C;78,0 �C;77,0 �C;76,0 �C;78,0 �C;18,0 W;15,0 W;0,0 W;100,0 %;77,0 %;0,0 �C;0,0 %;2,0 %
2025-04-28 11:12:26;77,0 �C;78,0 �C;78,0 �C;77,0 �C;78,0 �C;28,3 W;15,1 W;10,3 W;100,0 %;75,5 %;0,0 �C;0,0 %;2,0 %
2025-04-28 11:12:28;77,0 �C;79,0 �C;77,0 �C;76,0 �C;79,0 �C;20,9 W;14,4 W;3,3 W;100,0 %;76,6 %;0,0 �C;0,0 %;2,0 %
2025-04-28 11:12:30;77,0 �C;79,0 �C;78,0 �C;77,0 �C;79,0 �C;18,2 W;14,8 W;0,2 W;100,0 %;77,4 %;0,0 �C;0,0 %;2,0 %
2025-04-28 11:12:32;78,0 �C;79,0 �C;79,0 �C;78,0 �C;80,0 �C;27,1 W;14,9 W;9,2 W;99,6 %;77,6 %;0,0 �C;0,0 %;2,0 %
2025-04-28 11:12:34;78,0 �C;80,0 �C;79,0 �C;78,0 �C;80,0 �C;19,9 W;15,0 W;1,4 W;99,8 %;77,9 %;65,0 �C;0,0 %;2,0 %
2025-04-28 11:12:36;78,0 �C;80,0 �C;79,0 �C;78,0 �C;80,0 �C;19,9 W;15,0 W;1,4 W;99,8 %;77,9 %;65,0 �C;0,0 %;2,0 %
2025-04-28 11:12:38;79,0 �C;80,0 �C;81,0 �C;79,0 �C;81,0 �C;28,0 W;14,6 W;9,8 W;86,1 %;77,9 %;74,0 �C;0,0 %;2,0 %
2025-04-28 11:12:40;79,0 �C;80,0 �C;81,0 �C;79,0 �C;81,0 �C;28,0 W;14,6 W;9,8 W;86,1 %;77,9 %;74,0 �C;0,0 %;2,0 %
2025-04-28 11:12:42;79,0 �C;81,0 �C;81,0 �C;81,0 �C;82,0 �C;19,9 W;15,0 W;1,3 W;99,4 %;78,5 %;80,0 �C;0,0 %;2,0 %
2025-04-28 11:12:44;79,0 �C;81,0 �C;81,0 �C;81,0 �C;82,0 �C;19,9 W;15,0 W;1,3 W;99,4 %;78,5 %;80,0 �C;0,0 %;2,0 %
2025-04-28 11:12:46;80,0 �C;82,0 �C;83,0 �C;81,0 �C;83,0 �C;20,5 W;15,2 W;1,7 W;96,9 %;78,8 %;84,0 �C;0,0 %;2,1 %
2025-04-28 11:12:48;80,0 �C;82,0 �C;83,0 �C;82,0 �C;83,0 �C;29,1 W;15,0 W;10,4 W;98,8 %;79,4 %;84,0 �C;0,0 %;2,1 %
2025-04-28 11:12:50;82,0 �C;84,0 �C;83,0 �C;82,0 �C;83,0 �C;22,1 W;14,6 W;3,3 W;100,0 %;80,2 %;83,0 �C;1,0 %;7,2 %
2025-04-28 11:12:52;82,0 �C;86,0 �C;84,0 �C;84,0 �C;86,0 �C;28,7 W;14,7 W;10,5 W;79,7 %;79,9 %;87,0 �C;0,0 %;7,8 %
2025-04-28 11:12:54;82,0 �C;85,0 �C;84,0 �C;83,0 �C;85,0 �C;23,6 W;14,7 W;4,3 W;91,6 %;80,0 %;82,0 �C;21,0 %;7,7 %
2025-04-28 11:12:57;83,0 �C;85,0 �C;85,0 �C;84,0 �C;85,0 �C;29,4 W;15,1 W;10,6 W;94,7 %;79,5 %;76,0 �C;0,0 %;7,7 %
2025-04-28 11:12:59;83,0 �C;85,0 �C;85,0 �C;85,0 �C;86,0 �C;24,2 W;14,8 W;5,1 W;90,0 %;79,4 %;76,0 �C;55,0 %;7,8 %
2025-04-28 11:13:01;84,0 �C;86,0 �C;84,0 �C;85,0 �C;86,0 �C;29,1 W;14,7 W;10,6 W;81,6 %;79,1 %;75,0 �C;0,0 %;7,8 %
2025-04-28 11:13:03;83,0 �C;86,0 �C;85,0 �C;85,0 �C;86,0 �C;26,4 W;14,8 W;7,2 W;88,5 %;79,0 %;89,0 �C;78,0 %;7,8 %
2025-04-28 11:13:05;85,0 �C;87,0 �C;87,0 �C;87,0 �C;87,0 �C;29,2 W;14,9 W;10,6 W;83,4 %;79,2 %;78,0 �C;0,0 %;7,8 %
2025-04-28 11:13:07;83,0 �C;86,0 �C;85,0 �C;86,0 �C;86,0 �C;27,0 W;14,4 W;8,2 W;86,5 %;79,3 %;87,0 �C;72,0 %;7,8 %
2025-04-28 11:13:09;85,0 �C;88,0 �C;86,0 �C;87,0 �C;88,0 �C;29,2 W;14,9 W;10,6 W;82,2 %;79,4 %;79,0 �C;0,0 %;7,8 %
2025-04-28 11:13:11;84,0 �C;88,0 �C;86,0 �C;87,0 �C;88,0 �C;27,3 W;15,0 W;8,3 W;87,7 %;78,6 %;83,0 �C;94,0 %;7,8 %
2025-04-28 11:13:13;86,0 �C;88,0 �C;86,0 �C;87,0 �C;89,0 �C;20,1 W;14,9 W;1,3 W;83,8 %;78,7 %;93,0 �C;12,0 %;7,8 %
2025-04-28 11:13:15;85,0 �C;88,0 �C;87,0 �C;86,0 �C;88,0 �C;21,7 W;15,3 W;2,1 W;95,4 %;78,8 %;91,0 �C;55,0 %;7,9 %
2025-04-28 11:13:17;85,0 �C;87,0 �C;86,0 �C;86,0 �C;88,0 �C;19,6 W;15,1 W;0,4 W;100,0 %;78,8 %;83,0 �C;4,0 %;8,9 %
2025-04-28 11:13:19;84,0 �C;88,0 �C;86,0 �C;86,0 �C;88,0 �C;21,7 W;15,1 W;2,2 W;90,2 %;78,7 %;95,0 �C;44,0 %;9,1 %
2025-04-28 11:13:21;85,0 �C;89,0 �C;86,0 �C;87,0 �C;88,0 �C;21,5 W;15,1 W;2,1 W;85,5 %;78,7 %;91,0 �C;93,0 %;9,1 %
2025-04-28 11:13:23;85,0 �C;88,0 �C;86,0 �C;86,0 �C;87,0 �C;21,3 W;15,1 W;1,7 W;89,2 %;79,2 %;89,0 �C;29,0 %;10,7 %
2025-04-28 11:13:25;86,0 �C;88,0 �C;86,0 �C;87,0 �C;88,0 �C;23,3 W;15,2 W;3,2 W;92,3 %;79,1 %;94,0 �C;83,0 %;10,7 %
2025-04-28 11:13:27;84,0 �C;88,0 �C;87,0 �C;86,0 �C;88,0 �C;22,3 W;15,0 W;2,5 W;88,9 %;79,2 %;91,0 �C;92,0 %;10,7 %
2025-04-28 11:13:29;85,0 �C;89,0 �C;86,0 �C;86,0 �C;87,0 �C;21,9 W;15,0 W;2,2 W;87,3 %;79,2 %;91,0 �C;78,0 %;11,1 %
2025-04-28 11:13:31;85,0 �C;89,0 �C;87,0 �C;87,0 �C;89,0 �C;22,1 W;15,0 W;2,4 W;86,9 %;79,2 %;91,0 �C;94,0 %;11,5 %
2025-04-28 11:13:33;84,0 �C;88,0 �C;87,0 �C;87,0 �C;88,0 �C;22,1 W;15,0 W;2,4 W;88,1 %;79,2 %;91,0 �C;94,0 %;11,5 %
2025-04-28 11:13:35;85,0 �C;89,0 �C;87,0 �C;87,0 �C;88,0 �C;22,2 W;15,0 W;2,4 W;87,7 %;79,1 %;91,0 �C;91,0 %;11,5 %
2025-04-28 11:13:37;84,0 �C;88,0 �C;87,0 �C;87,0 �C;88,0 �C;22,1 W;14,9 W;2,4 W;84,5 %;79,1 %;91,0 �C;95,0 %;11,5 %
2025-04-28 11:13:39;84,0 �C;88,0 �C;88,0 �C;87,0 �C;88,0 �C;22,3 W;15,0 W;2,5 W;87,7 %;79,1 %;91,0 �C;93,0 %;11,5 %
2025-04-28 11:13:41;85,0 �C;88,0 �C;87,0 �C;87,0 �C;87,0 �C;22,0 W;15,0 W;2,3 W;86,2 %;79,1 %;91,0 �C;94,0 %;11,5 %
2025-04-28 11:13:43;85,0 �C;87,0 �C;86,0 �C;87,0 �C;87,0 �C;21,7 W;15,1 W;2,1 W;86,9 %;79,1 %;92,0 �C;95,0 %;11,5 %
2025-04-28 11:13:45;85,0 �C;88,0 �C;87,0 �C;87,0 �C;89,0 �C;22,0 W;15,0 W;2,3 W;85,6 %;79,1 %;92,0 �C;94,0 %;11,5 %
2025-04-28 11:13:47;87,0 �C;88,0 �C;86,0 �C;87,0 �C;89,0 �C;22,2 W;15,1 W;2,4 W;87,9 %;79,1 %;92,0 �C;94,0 %;11,5 %
2025-04-28 11:13:49;86,0 �C;90,0 �C;88,0 �C;87,0 �C;90,0 �C;22,0 W;15,1 W;2,3 W;87,3 %;79,2 %;92,0 �C;94,0 %;11,5 %
2025-04-28 11:13:51;85,0 �C;89,0 �C;88,0 �C;88,0 �C;89,0 �C;22,0 W;15,0 W;2,3 W;88,3 %;79,2 %;92,0 �C;93,0 %;11,5 %
2025-04-28 11:13:53;85,0 �C;89,0 �C;87,0 �C;87,0 �C;89,0 �C;21,9 W;15,0 W;2,3 W;87,7 %;79,1 %;92,0 �C;96,0 %;11,5 %
2025-04-28 11:13:55;86,0 �C;89,0 �C;87,0 �C;87,0 �C;90,0 �C;22,2 W;15,1 W;2,3 W;86,7 %;79,1 %;92,0 �C;94,0 %;11,5 %
2025-04-28 11:13:57;86,0 �C;89,0 �C;88,0 �C;87,0 �C;89,0 �C;21,9 W;15,1 W;2,2 W;87,1 %;79,1 %;93,0 �C;95,0 %;11,5 %
2025-04-28 11:13:59;85,0 �C;89,0 �C;87,0 �C;87,0 �C;89,0 �C;22,3 W;15,1 W;2,4 W;88,7 %;79,1 %;93,0 �C;94,0 %;11,5 %
2025-04-28 11:14:01;86,0 �C;89,0 �C;88,0 �C;87,0 �C;89,0 �C;22,2 W;15,2 W;2,4 W;90,8 %;78,7 %;93,0 �C;94,0 %;11,5 %
2025-04-28 11:14:03;86,0 �C;90,0 �C;88,0 �C;87,0 �C;90,0 �C;22,1 W;15,1 W;2,4 W;87,5 %;78,8 %;93,0 �C;96,0 %;11,5 %
2025-04-28 11:14:05;87,0 �C;88,0 �C;88,0 �C;88,0 �C;89,0 �C;22,0 W;15,1 W;2,3 W;90,0 %;78,8 %;93,0 �C;94,0 %;11,5 %
2025-04-28 11:14:07;86,0 �C;90,0 �C;88,0 �C;88,0 �C;90,0 �C;21,7 W;15,1 W;2,1 W;85,2 %;78,8 %;89,0 �C;95,0 %;11,5 %
2025-04-28 11:14:09;85,0 �C;89,0 �C;88,0 �C;88,0 �C;89,0 �C;22,5 W;15,2 W;2,6 W;88,3 %;78,8 %;92,0 �C;95,0 %;11,5 %
2025-04-28 11:14:11;86,0 �C;89,0 �C;89,0 �C;88,0 �C;89,0 �C;21,9 W;15,0 W;2,2 W;84,4 %;78,7 %;90,0 �C;94,0 %;11,5 %
2025-04-28 11:14:13;86,0 �C;89,0 �C;88,0 �C;88,0 �C;89,0 �C;21,7 W;15,1 W;2,0 W;85,8 %;78,7 %;89,0 �C;95,0 %;11,5 %
2025-04-28 11:14:15;87,0 �C;89,0 �C;88,0 �C;88,0 �C;89,0 �C;22,8 W;15,1 W;2,8 W;88,5 %;78,7 %;95,0 �C;61,0 %;11,5 %
2025-04-28 11:14:17;87,0 �C;89,0 �C;88,0 �C;88,0 �C;89,0 �C;21,3 W;15,1 W;1,8 W;87,9 %;78,7 %;91,0 �C;94,0 %;11,5 %
2025-04-28 11:14:19;86,0 �C;89,0 �C;89,0 �C;88,0 �C;90,0 �C;21,9 W;15,1 W;2,2 W;86,3 %;78,8 %;93,0 �C;95,0 %;11,5 %
2025-04-28 11:14:21;86,0 �C;90,0 �C;88,0 �C;88,0 �C;90,0 �C;22,0 W;15,2 W;2,2 W;86,5 %;78,7 %;92,0 �C;95,0 %;11,5 %
2025-04-28 11:14:23;86,0 �C;89,0 �C;89,0 �C;88,0 �C;90,0 �C;21,7 W;15,1 W;2,0 W;85,4 %;78,8 %;89,0 �C;95,0 %;11,5 %
2025-04-28 11:14:25;87,0 �C;90,0 �C;88,0 �C;88,0 �C;90,0 �C;22,0 W;15,3 W;2,1 W;95,4 %;78,9 %;90,0 �C;96,0 %;11,5 %
2025-04-28 11:14:27;87,0 �C;90,0 �C;89,0 �C;88,0 �C;90,0 �C;22,0 W;15,2 W;2,2 W;89,3 %;79,0 %;92,0 �C;95,0 %;11,5 %
2025-04-28 11:14:29;86,0 �C;89,0 �C;89,0 �C;88,0 �C;90,0 �C;22,2 W;15,3 W;2,2 W;97,7 %;78,8 %;92,0 �C;95,0 %;11,5 %
2025-04-28 11:14:31;86,0 �C;89,0 �C;88,0 �C;88,0 �C;89,0 �C;21,8 W;15,1 W;2,1 W;86,9 %;78,8 %;91,0 �C;92,0 %;11,6 %
2025-04-28 11:14:33;86,0 �C;89,0 �C;90,0 �C;88,0 �C;90,0 �C;21,8 W;15,0 W;2,2 W;88,3 %;78,8 %;93,0 �C;96,0 %;12,0 %
2025-04-28 11:14:35;87,0 �C;90,0 �C;89,0 �C;88,0 �C;89,0 �C;21,6 W;15,2 W;1,9 W;92,2 %;78,9 %;89,0 �C;82,0 %;13,4 %
2025-04-28 11:14:37;88,0 �C;89,0 �C;89,0 �C;88,0 �C;90,0 �C;23,1 W;15,0 W;3,2 W;89,6 %;78,9 %;96,0 �C;88,0 %;13,7 %
2025-04-28 11:14:39;88,0 �C;89,0 �C;89,0 �C;88,0 �C;90,0 �C;22,0 W;15,1 W;2,2 W;89,0 %;78,9 %;89,0 �C;95,0 %;13,7 %
2025-04-28 11:14:41;88,0 �C;90,0 �C;89,0 �C;88,0 �C;89,0 �C;23,3 W;15,1 W;3,2 W;93,2 %;78,9 %;96,0 �C;81,0 %;13,7 %
2025-04-28 11:14:43;88,0 �C;89,0 �C;89,0 �C;88,0 �C;90,0 �C;21,9 W;15,1 W;2,2 W;87,3 %;79,0 %;90,0 �C;95,0 %;13,7 %
2025-04-28 11:14:45;87,0 �C;90,0 �C;89,0 �C;88,0 �C;90,0 �C;21,9 W;15,1 W;2,2 W;89,8 %;78,9 %;93,0 �C;95,0 %;13,7 %
2025-04-28 11:14:47;86,0 �C;90,0 �C;89,0 �C;88,0 �C;90,0 �C;21,2 W;15,1 W;1,7 W;86,3 %;78,9 %;92,0 �C;89,0 %;14,2 %
2025-04-28 11:14:49;88,0 �C;90,0 �C;90,0 �C;88,0 �C;90,0 �C;21,5 W;15,0 W;2,0 W;86,0 %;78,9 %;91,0 �C;94,0 %;14,2 %
2025-04-28 11:14:51;87,0 �C;91,0 �C;89,0 �C;88,0 �C;91,0 �C;21,6 W;15,1 W;2,0 W;90,4 %;78,9 %;93,0 �C;86,0 %;14,2 %
2025-04-28 11:14:53;88,0 �C;90,0 �C;88,0 �C;88,0 �C;90,0 �C;21,4 W;15,1 W;1,9 W;95,2 %;78,9 %;90,0 �C;84,0 %;14,2 %
2025-04-28 11:14:55;86,0 �C;90,0 �C;88,0 �C;88,0 �C;90,0 �C;21,4 W;15,1 W;1,9 W;94,0 %;79,1 %;92,0 �C;93,0 %;14,6 %
2025-04-28 11:14:57;87,0 �C;91,0 �C;89,0 �C;88,0 �C;90,0 �C;21,8 W;15,1 W;2,2 W;85,8 %;79,2 %;90,0 �C;95,0 %;14,6 %
2025-04-28 11:14:59;88,0 �C;90,0 �C;90,0 �C;88,0 �C;90,0 �C;21,9 W;15,1 W;2,2 W;86,7 %;79,2 %;90,0 �C;93,0 %;14,6 %
2025-04-28 11:15:02;87,0 �C;91,0 �C;89,0 �C;88,0 �C;90,0 �C;22,1 W;15,1 W;2,3 W;89,8 %;78,6 %;90,0 �C;95,0 %;14,6 %
2025-04-28 11:15:04;88,0 �C;91,0 �C;89,0 �C;87,0 �C;90,0 �C;22,1 W;15,2 W;2,1 W;92,2 %;78,7 %;90,0 �C;94,0 %;14,6 %
2025-04-28 11:15:06;88,0 �C;90,0 �C;89,0 �C;88,0 �C;90,0 �C;22,0 W;15,0 W;2,3 W;88,5 %;78,6 %;89,0 �C;93,0 %;14,6 %
2025-04-28 11:15:08;87,0 �C;91,0 �C;88,0 �C;88,0 �C;90,0 �C;21,6 W;15,1 W;2,0 W;84,4 %;78,6 %;89,0 �C;96,0 %;14,6 %
2025-04-28 11:15:10;89,0 �C;90,0 �C;90,0 �C;89,0 �C;90,0 �C;21,6 W;15,0 W;2,1 W;87,9 %;78,6 %;92,0 �C;93,0 %;14,6 %
2025-04-28 11:15:12;87,0 �C;90,0 �C;89,0 �C;88,0 �C;90,0 �C;22,0 W;15,1 W;2,3 W;86,1 %;78,6 %;89,0 �C;95,0 %;14,6 %
2025-04-28 11:15:14;88,0 �C;90,0 �C;90,0 �C;88,0 �C;90,0 �C;22,0 W;15,1 W;2,1 W;88,7 %;78,6 %;90,0 �C;95,0 %;14,6 %
2025-04-28 11:15:16;88,0 �C;91,0 �C;90,0 �C;89,0 �C;91,0 �C;22,0 W;15,1 W;2,3 W;84,6 %;78,6 %;89,0 �C;94,0 %;14,6 %
2025-04-28 11:15:18;88,0 �C;90,0 �C;90,0 �C;89,0 �C;90,0 �C;21,9 W;15,2 W;2,1 W;89,8 %;78,6 %;91,0 �C;95,0 %;14,6 %
2025-04-28 11:15:20;89,0 �C;92,0 �C;90,0 �C;88,0 �C;91,0 �C;22,0 W;15,0 W;2,3 W;87,5 %;78,6 %;89,0 �C;94,0 %;14,6 %
2025-04-28 11:15:22;89,0 �C;92,0 �C;90,0 �C;89,0 �C;91,0 �C;21,9 W;15,2 W;2,2 W;86,9 %;78,6 %;91,0 �C;97,0 %;14,6 %
2025-04-28 11:15:24;89,0 �C;92,0 �C;90,0 �C;89,0 �C;91,0 �C;21,5 W;15,0 W;2,0 W;81,6 %;78,6 %;89,0 �C;96,0 %;14,6 %
2025-04-28 11:15:26;88,0 �C;93,0 �C;90,0 �C;88,0 �C;93,0 �C;21,8 W;15,3 W;1,9 W;86,2 %;78,6 %;90,0 �C;96,0 %;14,6 %
2025-04-28 11:15:28;89,0 �C;91,0 �C;90,0 �C;88,0 �C;91,0 �C;22,2 W;15,1 W;2,4 W;87,5 %;78,6 %;95,0 �C;89,0 %;14,6 %
2025-04-28 11:15:30;88,0 �C;91,0 �C;90,0 �C;88,0 �C;90,0 �C;21,7 W;15,1 W;2,1 W;84,6 %;78,6 %;90,0 �C;95,0 %;14,6 %
2025-04-28 11:15:32;89,0 �C;91,0 �C;90,0 �C;89,0 �C;91,0 �C;21,6 W;15,1 W;2,1 W;88,3 %;78,6 %;96,0 �C;95,0 %;14,6 %
2025-04-28 11:15:34;89,0 �C;91,0 �C;89,0 �C;89,0 �C;91,0 �C;21,9 W;15,1 W;2,1 W;86,5 %;78,6 %;89,0 �C;95,0 %;14,6 %
2025-04-28 11:15:36;88,0 �C;90,0 �C;89,0 �C;88,0 �C;91,0 �C;22,0 W;15,1 W;2,3 W;85,8 %;78,6 %;90,0 �C;93,0 %;14,6 %
2025-04-28 11:15:38;88,0 �C;91,0 �C;90,0 �C;88,0 �C;91,0 �C;22,7 W;15,2 W;2,7 W;87,1 %;78,6 %;95,0 �C;81,0 %;14,6 %
2025-04-28 11:15:40;88,0 �C;91,0 �C;89,0 �C;89,0 �C;91,0 �C;21,9 W;15,1 W;2,2 W;86,0 %;78,6 %;90,0 �C;94,0 %;14,6 %
2025-04-28 11:15:42;88,0 �C;90,0 �C;89,0 �C;89,0 �C;90,0 �C;21,8 W;15,1 W;2,2 W;85,4 %;78,6 %;89,0 �C;96,0 %;14,6 %
2025-04-28 11:15:44;88,0 �C;91,0 �C;90,0 �C;89,0 �C;91,0 �C;21,7 W;15,1 W;2,0 W;88,7 %;78,6 %;90,0 �C;96,0 %;14,6 %
2025-04-28 11:15:46;88,0 �C;91,0 �C;89,0 �C;88,0 �C;90,0 �C;21,6 W;15,1 W;2,0 W;84,2 %;78,6 %;90,0 �C;96,0 %;14,6 %
2025-04-28 11:15:48;88,0 �C;91,0 �C;89,0 �C;88,0 �C;91,0 �C;21,7 W;15,2 W;1,9 W;89,2 %;78,8 %;90,0 �C;81,0 %;14,6 %
2025-04-28 11:15:50;88,0 �C;92,0 �C;90,0 �C;89,0 �C;91,0 �C;23,1 W;15,2 W;3,1 W;88,5 %;78,7 %;95,0 �C;79,0 %;14,6 %
