Attack,Host,Run,Mode,CPU Temperature (°C),CPU Usage (%),Memory Usage (%),Attack Type,Measurement,Timestamp
CoinIMP (CPU) (100%),Apple MacBook Pro i7 2013,1,Idle_buffer,38.9,8.79,45.12,Cryptojacking,System,00:59:34.342
CoinIMP (CPU) (100%),Apple MacBook Pro i7 2013,1,Idle_buffer,38.9,5.49,45.19,Cryptojacking,System,00:59:35.650
CoinIMP (CPU) (100%),Apple MacBook Pro i7 2013,1,Idle_buffer,39.0,5.81,45.17,Cryptojacking,System,00:59:36.959
CoinIMP (CPU) (100%),Apple MacBook Pro i7 2013,1,Idle_buffer,39.1,6.52,45.25,Cryptojacking,System,00:59:38.271
CoinIMP (CPU) (100%),Apple MacBook Pro i7 2013,1,Idle_buffer,39.2,14.28,45.27,Cryptojacking,System,00:59:39.586
CoinIMP (CPU) (100%),Apple MacBook Pro i7 2013,1,Idle_buffer,39.2,4.44,45.21,Cryptojacking,System,00:59:40.895
CoinIMP (CPU) (100%),Apple MacBook Pro i7 2013,1,Idle_buffer,39.2,4.59,45.26,Cryptojacking,System,00:59:42.204
CoinIMP (CPU) (100%),Apple MacBook Pro i7 2013,1,Idle_buffer,39.5,4.65,45.21,Cryptojacking,System,00:59:43.506
CoinIMP (CPU) (100%),Apple MacBook Pro i7 2013,1,Idle_buffer,39.5,6.66,45.26,Cryptojacking,System,00:59:44.824
CoinIMP (CPU) (100%),Apple MacBook Pro i7 2013,1,Idle_buffer,39.6,5.68,45.28,Cryptojacking,System,00:59:46.124
CoinIMP (CPU) (100%),Apple MacBook Pro i7 2013,1,Idle_buffer,39.6,5.81,45.2,Cryptojacking,System,00:59:47.430
CoinIMP (CPU) (100%),Apple MacBook Pro i7 2013,1,Idle_buffer,39.6,5.68,45.23,Cryptojacking,System,00:59:48.732
CoinIMP (CPU) (100%),Apple MacBook Pro i7 2013,1,Idle_buffer,39.8,5.68,45.15,Cryptojacking,System,00:59:50.042
CoinIMP (CPU) (100%),Apple MacBook Pro i7 2013,1,Idle_buffer,39.8,5.68,44.82,Cryptojacking,System,00:59:51.363
CoinIMP (CPU) (100%),Apple MacBook Pro i7 2013,1,Idle_buffer,39.9,4.81,44.9,Cryptojacking,System,00:59:52.665
CoinIMP (CPU) (100%),Apple MacBook Pro i7 2013,1,Idle_buffer,39.9,6.74,44.82,Cryptojacking,System,00:59:53.980
CoinIMP (CPU) (100%),Apple MacBook Pro i7 2013,1,Idle_buffer,39.9,3.65,44.86,Cryptojacking,System,00:59:55.280
CoinIMP (CPU) (100%),Apple MacBook Pro i7 2013,1,Idle_buffer,40.1,5.88,44.82,Cryptojacking,System,00:59:56.576
CoinIMP (CPU) (100%),Apple MacBook Pro i7 2013,1,Idle_buffer,40.0,4.65,44.82,Cryptojacking,System,00:59:57.889
CoinIMP (CPU) (100%),Apple MacBook Pro i7 2013,1,Idle_buffer,40.0,3.44,44.88,Cryptojacking,System,00:59:59.197
CoinIMP (CPU) (100%),Apple MacBook Pro i7 2013,1,Idle,40.0,4.59,44.82,Cryptojacking,System,01:00:00.508
CoinIMP (CPU) (100%),Apple MacBook Pro i7 2013,1,Idle,40.1,5.74,44.9,Cryptojacking,System,01:00:01.806
CoinIMP (CPU) (100%),Apple MacBook Pro i7 2013,1,Idle,40.1,4.7,44.82,Cryptojacking,System,01:00:03.111
CoinIMP (CPU) (100%),Apple MacBook Pro i7 2013,1,Idle,40.2,5.74,44.84,Cryptojacking,System,01:00:04.416
CoinIMP (CPU) (100%),Apple MacBook Pro i7 2013,1,Idle,40.2,5.74,44.92,Cryptojacking,System,01:00:05.712
CoinIMP (CPU) (100%),Apple MacBook Pro i7 2013,1,Idle,40.2,2.43,44.82,Cryptojacking,System,01:00:07.015
CoinIMP (CPU) (100%),Apple MacBook Pro i7 2013,1,Idle,40.2,11.23,44.89,Cryptojacking,System,01:00:08.327
CoinIMP (CPU) (100%),Apple MacBook Pro i7 2013,1,Idle,40.4,6.81,44.84,Cryptojacking,System,01:00:09.629
CoinIMP (CPU) (100%),Apple MacBook Pro i7 2013,1,Idle,40.4,3.75,44.86,Cryptojacking,System,01:00:10.944
CoinIMP (CPU) (100%),Apple MacBook Pro i7 2013,1,Idle,40.4,3.57,44.9,Cryptojacking,System,01:00:12.240
CoinIMP (CPU) (100%),Apple MacBook Pro i7 2013,1,Idle,40.2,4.65,44.86,Cryptojacking,System,01:00:13.550
CoinIMP (CPU) (100%),Apple MacBook Pro i7 2013,1,Idle,40.5,4.54,44.89,Cryptojacking,System,01:00:14.851
CoinIMP (CPU) (100%),Apple MacBook Pro i7 2013,1,Idle,40.6,5.95,44.86,Cryptojacking,System,01:00:16.147
CoinIMP (CPU) (100%),Apple MacBook Pro i7 2013,1,Idle,40.6,2.38,44.86,Cryptojacking,System,01:00:17.460
CoinIMP (CPU) (100%),Apple MacBook Pro i7 2013,1,Idle,40.6,5.81,44.89,Cryptojacking,System,01:00:18.758
CoinIMP (CPU) (100%),Apple MacBook Pro i7 2013,1,Idle,40.6,4.59,44.83,Cryptojacking,System,01:00:20.071
CoinIMP (CPU) (100%),Apple MacBook Pro i7 2013,1,Idle,40.8,3.52,44.87,Cryptojacking,System,01:00:21.375
CoinIMP (CPU) (100%),Apple MacBook Pro i7 2013,1,Idle,40.6,5.81,44.83,Cryptojacking,System,01:00:22.675
CoinIMP (CPU) (100%),Apple MacBook Pro i7 2013,1,Idle,41.0,5.37,44.83,Cryptojacking,System,01:00:24.004
CoinIMP (CPU) (100%),Apple MacBook Pro i7 2013,1,Idle,40.9,4.49,44.88,Cryptojacking,System,01:00:25.305
CoinIMP (CPU) (100%),Apple MacBook Pro i7 2013,1,Idle,40.8,4.7,44.83,Cryptojacking,System,01:00:26.606
CoinIMP (CPU) (100%),Apple MacBook Pro i7 2013,1,Idle,41.0,4.59,44.89,Cryptojacking,System,01:00:27.913
CoinIMP (CPU) (100%),Apple MacBook Pro i7 2013,1,Idle,40.9,4.59,44.83,Cryptojacking,System,01:00:29.213
CoinIMP (CPU) (100%),Apple MacBook Pro i7 2013,1,Idle,41.0,3.52,44.84,Cryptojacking,System,01:00:30.527
CoinIMP (CPU) (100%),Apple MacBook Pro i7 2013,1,Idle,41.0,4.44,44.88,Cryptojacking,System,01:00:31.835
CoinIMP (CPU) (100%),Apple MacBook Pro i7 2013,1,Idle,41.0,5.81,44.83,Cryptojacking,System,01:00:33.143
CoinIMP (CPU) (100%),Apple MacBook Pro i7 2013,1,Idle,40.9,4.59,44.92,Cryptojacking,System,01:00:34.446
CoinIMP (CPU) (100%),Apple MacBook Pro i7 2013,1,Idle,40.9,4.81,44.83,Cryptojacking,System,01:00:35.744
CoinIMP (CPU) (100%),Apple MacBook Pro i7 2013,1,Idle,41.1,5.81,44.83,Cryptojacking,System,01:00:37.059
CoinIMP (CPU) (100%),Apple MacBook Pro i7 2013,1,Idle,41.0,6.81,44.92,Cryptojacking,System,01:00:38.357
CoinIMP (CPU) (100%),Apple MacBook Pro i7 2013,1,Idle,41.0,6.74,44.83,Cryptojacking,System,01:00:39.668
CoinIMP (CPU) (100%),Apple MacBook Pro i7 2013,1,Idle,41.0,4.59,44.87,Cryptojacking,System,01:00:40.962
CoinIMP (CPU) (100%),Apple MacBook Pro i7 2013,1,Idle,41.0,5.74,44.82,Cryptojacking,System,01:00:42.267
CoinIMP (CPU) (100%),Apple MacBook Pro i7 2013,1,Idle,41.1,3.61,44.83,Cryptojacking,System,01:00:43.580
CoinIMP (CPU) (100%),Apple MacBook Pro i7 2013,1,Idle,41.0,4.76,44.88,Cryptojacking,System,01:00:44.877
CoinIMP (CPU) (100%),Apple MacBook Pro i7 2013,1,Idle,41.1,4.76,44.83,Cryptojacking,System,01:00:46.173
CoinIMP (CPU) (100%),Apple MacBook Pro i7 2013,1,Idle,41.0,5.68,44.93,Cryptojacking,System,01:00:47.475
CoinIMP (CPU) (100%),Apple MacBook Pro i7 2013,1,Idle,41.1,8.69,44.83,Cryptojacking,System,01:00:48.774
CoinIMP (CPU) (100%),Apple MacBook Pro i7 2013,1,Idle,41.1,2.4,44.84,Cryptojacking,System,01:00:50.085
CoinIMP (CPU) (100%),Apple MacBook Pro i7 2013,1,Idle,41.1,4.54,44.88,Cryptojacking,System,01:00:51.381
CoinIMP (CPU) (100%),Apple MacBook Pro i7 2013,1,Idle,41.2,3.52,44.83,Cryptojacking,System,01:00:52.684
CoinIMP (CPU) (100%),Apple MacBook Pro i7 2013,1,Idle,41.1,5.43,44.81,Cryptojacking,System,01:00:53.996
CoinIMP (CPU) (100%),Apple MacBook Pro i7 2013,1,Idle,41.2,5.95,44.76,Cryptojacking,System,01:00:55.302
CoinIMP (CPU) (100%),Apple MacBook Pro i7 2013,1,Idle,41.2,3.52,44.77,Cryptojacking,System,01:00:56.617
CoinIMP (CPU) (100%),Apple MacBook Pro i7 2013,1,Idle,41.1,3.52,44.81,Cryptojacking,System,01:00:57.913
CoinIMP (CPU) (100%),Apple MacBook Pro i7 2013,1,Idle,41.4,2.4,44.77,Cryptojacking,System,01:00:59.216
CoinIMP (CPU) (100%),Apple MacBook Pro i7 2013,1,Idle,41.2,4.59,44.82,Cryptojacking,System,01:01:00.514
CoinIMP (CPU) (100%),Apple MacBook Pro i7 2013,1,Idle,41.2,3.61,44.77,Cryptojacking,System,01:01:01.811
CoinIMP (CPU) (100%),Apple MacBook Pro i7 2013,1,Idle,41.2,5.74,44.78,Cryptojacking,System,01:01:03.116
CoinIMP (CPU) (100%),Apple MacBook Pro i7 2013,1,Idle,41.4,3.7,44.82,Cryptojacking,System,01:01:04.419
CoinIMP (CPU) (100%),Apple MacBook Pro i7 2013,1,Idle,41.2,4.54,44.77,Cryptojacking,System,01:01:05.722
CoinIMP (CPU) (100%),Apple MacBook Pro i7 2013,1,Idle,41.4,5.81,44.87,Cryptojacking,System,01:01:07.024
CoinIMP (CPU) (100%),Apple MacBook Pro i7 2013,1,Idle,41.2,8.69,44.78,Cryptojacking,System,01:01:08.331
CoinIMP (CPU) (100%),Apple MacBook Pro i7 2013,1,Idle,41.5,2.46,44.82,Cryptojacking,System,01:01:09.642
CoinIMP (CPU) (100%),Apple MacBook Pro i7 2013,1,Idle,41.2,6.89,44.89,Cryptojacking,System,01:01:10.956
CoinIMP (CPU) (100%),Apple MacBook Pro i7 2013,1,Idle,41.5,4.59,44.82,Cryptojacking,System,01:01:12.257
CoinIMP (CPU) (100%),Apple MacBook Pro i7 2013,1,Idle,41.2,3.57,44.9,Cryptojacking,System,01:01:13.561
CoinIMP (CPU) (100%),Apple MacBook Pro i7 2013,1,Idle,41.2,5.61,44.82,Cryptojacking,System,01:01:14.858
CoinIMP (CPU) (100%),Apple MacBook Pro i7 2013,1,Idle,41.5,8.88,44.93,Cryptojacking,System,01:01:16.161
CoinIMP (CPU) (100%),Apple MacBook Pro i7 2013,1,Idle,41.5,5.88,44.9,Cryptojacking,System,01:01:17.469
CoinIMP (CPU) (100%),Apple MacBook Pro i7 2013,1,Idle,41.5,4.65,44.83,Cryptojacking,System,01:01:18.778
CoinIMP (CPU) (100%),Apple MacBook Pro i7 2013,1,Idle,41.5,6.97,44.92,Cryptojacking,System,01:01:20.074
CoinIMP (CPU) (100%),Apple MacBook Pro i7 2013,1,Idle,41.5,6.81,44.83,Cryptojacking,System,01:01:21.373
CoinIMP (CPU) (100%),Apple MacBook Pro i7 2013,1,Idle,41.5,8.88,44.83,Cryptojacking,System,01:01:22.688
CoinIMP (CPU) (100%),Apple MacBook Pro i7 2013,1,Idle,41.5,4.49,44.88,Cryptojacking,System,01:01:23.997
CoinIMP (CPU) (100%),Apple MacBook Pro i7 2013,1,Idle,41.5,4.59,44.83,Cryptojacking,System,01:01:25.296
CoinIMP (CPU) (100%),Apple MacBook Pro i7 2013,1,Idle,41.5,4.59,44.93,Cryptojacking,System,01:01:26.591
CoinIMP (CPU) (100%),Apple MacBook Pro i7 2013,1,Idle,41.5,5.74,44.83,Cryptojacking,System,01:01:27.891
CoinIMP (CPU) (100%),Apple MacBook Pro i7 2013,1,Idle,41.5,9.3,44.89,Cryptojacking,System,01:01:29.205
CoinIMP (CPU) (100%),Apple MacBook Pro i7 2013,1,Idle,41.6,4.59,44.87,Cryptojacking,System,01:01:30.506
CoinIMP (CPU) (100%),Apple MacBook Pro i7 2013,1,Idle,41.6,4.7,44.82,Cryptojacking,System,01:01:31.801
CoinIMP (CPU) (100%),Apple MacBook Pro i7 2013,1,Idle,41.6,3.57,44.87,Cryptojacking,System,01:01:33.096
CoinIMP (CPU) (100%),Apple MacBook Pro i7 2013,1,Idle,41.6,6.38,44.83,Cryptojacking,System,01:01:34.399
CoinIMP (CPU) (100%),Apple MacBook Pro i7 2013,1,Idle,41.6,8.13,44.88,Cryptojacking,System,01:01:35.709
CoinIMP (CPU) (100%),Apple MacBook Pro i7 2013,1,Idle,41.5,6.74,44.93,Cryptojacking,System,01:01:37.012
CoinIMP (CPU) (100%),Apple MacBook Pro i7 2013,1,Idle,41.6,6.89,44.83,Cryptojacking,System,01:01:38.322
CoinIMP (CPU) (100%),Apple MacBook Pro i7 2013,1,Idle,41.5,2.43,44.88,Cryptojacking,System,01:01:39.619
CoinIMP (CPU) (100%),Apple MacBook Pro i7 2013,1,Idle,41.5,4.54,44.83,Cryptojacking,System,01:01:40.921
CoinIMP (CPU) (100%),Apple MacBook Pro i7 2013,1,Idle,41.5,7.95,44.88,Cryptojacking,System,01:01:42.226
CoinIMP (CPU) (100%),Apple MacBook Pro i7 2013,1,Idle,41.5,3.57,44.89,Cryptojacking,System,01:01:43.523
CoinIMP (CPU) (100%),Apple MacBook Pro i7 2013,1,Idle,41.6,2.43,44.83,Cryptojacking,System,01:01:44.827
CoinIMP (CPU) (100%),Apple MacBook Pro i7 2013,1,Idle,41.6,5.74,44.93,Cryptojacking,System,01:01:46.129
CoinIMP (CPU) (100%),Apple MacBook Pro i7 2013,1,Idle,41.8,7.52,44.83,Cryptojacking,System,01:01:47.441
CoinIMP (CPU) (100%),Apple MacBook Pro i7 2013,1,Idle,41.6,5.88,44.88,Cryptojacking,System,01:01:48.751
CoinIMP (CPU) (100%),Apple MacBook Pro i7 2013,1,Idle,41.6,4.93,44.88,Cryptojacking,System,01:01:50.046
CoinIMP (CPU) (100%),Apple MacBook Pro i7 2013,1,Idle,41.8,4.76,44.83,Cryptojacking,System,01:01:51.344
CoinIMP (CPU) (100%),Apple MacBook Pro i7 2013,1,Idle,41.6,5.81,44.92,Cryptojacking,System,01:01:52.643
CoinIMP (CPU) (100%),Apple MacBook Pro i7 2013,1,Idle,41.8,7.52,44.78,Cryptojacking,System,01:01:53.951
CoinIMP (CPU) (100%),Apple MacBook Pro i7 2013,1,Idle,41.8,4.7,44.83,Cryptojacking,System,01:01:55.265
CoinIMP (CPU) (100%),Apple MacBook Pro i7 2013,1,Idle,41.6,2.53,44.83,Cryptojacking,System,01:01:56.561
CoinIMP (CPU) (100%),Apple MacBook Pro i7 2013,1,Idle,41.8,4.81,44.79,Cryptojacking,System,01:01:57.869
CoinIMP (CPU) (100%),Apple MacBook Pro i7 2013,1,Idle,41.8,4.81,44.83,Cryptojacking,System,01:01:59.162
CoinIMP (CPU) (100%),Apple MacBook Pro i7 2013,1,Idle,41.6,4.81,44.79,Cryptojacking,System,01:02:00.461
CoinIMP (CPU) (100%),Apple MacBook Pro i7 2013,1,Idle,41.6,5.95,44.86,Cryptojacking,System,01:02:01.769
CoinIMP (CPU) (100%),Apple MacBook Pro i7 2013,1,Idle,41.8,4.76,44.79,Cryptojacking,System,01:02:03.073
CoinIMP (CPU) (100%),Apple MacBook Pro i7 2013,1,Idle,41.8,3.48,44.79,Cryptojacking,System,01:02:04.374
CoinIMP (CPU) (100%),Apple MacBook Pro i7 2013,1,Idle,41.8,3.75,44.86,Cryptojacking,System,01:02:05.668
CoinIMP (CPU) (100%),Apple MacBook Pro i7 2013,1,Idle,41.8,3.48,44.81,Cryptojacking,System,01:02:06.975
CoinIMP (CPU) (100%),Apple MacBook Pro i7 2013,1,Idle,41.9,3.57,44.86,Cryptojacking,System,01:02:08.289
CoinIMP (CPU) (100%),Apple MacBook Pro i7 2013,1,Idle,41.8,2.38,44.79,Cryptojacking,System,01:02:09.583
CoinIMP (CPU) (100%),Apple MacBook Pro i7 2013,1,Idle,41.8,2.43,44.79,Cryptojacking,System,01:02:10.882
CoinIMP (CPU) (100%),Apple MacBook Pro i7 2013,1,Idle,41.8,5.68,44.88,Cryptojacking,System,01:02:12.181
CoinIMP (CPU) (100%),Apple MacBook Pro i7 2013,1,Idle,41.9,4.76,44.79,Cryptojacking,System,01:02:13.486
CoinIMP (CPU) (100%),Apple MacBook Pro i7 2013,1,Idle,41.8,7.5,44.9,Cryptojacking,System,01:02:14.791
CoinIMP (CPU) (100%),Apple MacBook Pro i7 2013,1,Idle,41.9,6.2,44.79,Cryptojacking,System,01:02:16.094
CoinIMP (CPU) (100%),Apple MacBook Pro i7 2013,1,Idle,41.9,4.81,44.79,Cryptojacking,System,01:02:17.398
CoinIMP (CPU) (100%),Apple MacBook Pro i7 2013,1,Idle,41.9,3.57,44.89,Cryptojacking,System,01:02:18.697
CoinIMP (CPU) (100%),Apple MacBook Pro i7 2013,1,Idle,41.9,5.81,44.79,Cryptojacking,System,01:02:20.005
CoinIMP (CPU) (100%),Apple MacBook Pro i7 2013,1,Idle,41.9,3.65,44.84,Cryptojacking,System,01:02:21.315
CoinIMP (CPU) (100%),Apple MacBook Pro i7 2013,1,Idle,42.0,6.89,44.81,Cryptojacking,System,01:02:22.620
CoinIMP (CPU) (100%),Apple MacBook Pro i7 2013,1,Idle,41.9,7.44,44.81,Cryptojacking,System,01:02:23.929
CoinIMP (CPU) (100%),Apple MacBook Pro i7 2013,1,Idle,41.8,3.57,44.87,Cryptojacking,System,01:02:25.233
CoinIMP (CPU) (100%),Apple MacBook Pro i7 2013,1,Idle,41.9,5.88,44.81,Cryptojacking,System,01:02:26.540
CoinIMP (CPU) (100%),Apple MacBook Pro i7 2013,1,Idle,41.9,4.59,44.9,Cryptojacking,System,01:02:27.845
CoinIMP (CPU) (100%),Apple MacBook Pro i7 2013,1,Idle,42.0,5.88,44.81,Cryptojacking,System,01:02:29.147
CoinIMP (CPU) (100%),Apple MacBook Pro i7 2013,1,Idle,42.0,3.57,44.81,Cryptojacking,System,01:02:30.452
CoinIMP (CPU) (100%),Apple MacBook Pro i7 2013,1,Idle,41.9,3.7,44.89,Cryptojacking,System,01:02:31.744
CoinIMP (CPU) (100%),Apple MacBook Pro i7 2013,1,Idle,41.9,2.4,44.79,Cryptojacking,System,01:02:33.051
CoinIMP (CPU) (100%),Apple MacBook Pro i7 2013,1,Idle,42.1,5.88,44.86,Cryptojacking,System,01:02:34.358
CoinIMP (CPU) (100%),Apple MacBook Pro i7 2013,1,Idle,42.0,5.88,44.81,Cryptojacking,System,01:02:35.661
CoinIMP (CPU) (100%),Apple MacBook Pro i7 2013,1,Idle,41.9,5.55,44.81,Cryptojacking,System,01:02:36.966
CoinIMP (CPU) (100%),Apple MacBook Pro i7 2013,1,Idle,42.0,6.59,44.9,Cryptojacking,System,01:02:38.271
CoinIMP (CPU) (100%),Apple MacBook Pro i7 2013,1,Idle,42.0,4.76,44.81,Cryptojacking,System,01:02:39.578
CoinIMP (CPU) (100%),Apple MacBook Pro i7 2013,1,Idle,41.9,4.76,44.89,Cryptojacking,System,01:02:40.889
CoinIMP (CPU) (100%),Apple MacBook Pro i7 2013,1,Idle,42.0,4.59,44.86,Cryptojacking,System,01:02:42.191
CoinIMP (CPU) (100%),Apple MacBook Pro i7 2013,1,Idle,42.1,3.61,44.84,Cryptojacking,System,01:02:43.494
CoinIMP (CPU) (100%),Apple MacBook Pro i7 2013,1,Idle,42.0,3.61,44.89,Cryptojacking,System,01:02:44.793
CoinIMP (CPU) (100%),Apple MacBook Pro i7 2013,1,Idle,42.0,5.68,44.84,Cryptojacking,System,01:02:46.099
CoinIMP (CPU) (100%),Apple MacBook Pro i7 2013,1,Idle,42.0,3.52,44.94,Cryptojacking,System,01:02:47.411
CoinIMP (CPU) (100%),Apple MacBook Pro i7 2013,1,Idle,42.0,3.57,44.84,Cryptojacking,System,01:02:48.707
CoinIMP (CPU) (100%),Apple MacBook Pro i7 2013,1,Idle,41.9,3.57,44.84,Cryptojacking,System,01:02:50.006
CoinIMP (CPU) (100%),Apple MacBook Pro i7 2013,1,Idle,41.9,3.61,44.88,Cryptojacking,System,01:02:51.302
CoinIMP (CPU) (100%),Apple MacBook Pro i7 2013,1,Idle,42.0,2.5,44.84,Cryptojacking,System,01:02:52.609
CoinIMP (CPU) (100%),Apple MacBook Pro i7 2013,1,Idle,41.9,4.7,44.89,Cryptojacking,System,01:02:53.917
CoinIMP (CPU) (100%),Apple MacBook Pro i7 2013,1,Idle,42.1,8.8,44.86,Cryptojacking,System,01:02:55.243
CoinIMP (CPU) (100%),Apple MacBook Pro i7 2013,1,Idle,42.0,5.88,44.86,Cryptojacking,System,01:02:56.553
CoinIMP (CPU) (100%),Apple MacBook Pro i7 2013,1,Idle,42.0,7.86,44.94,Cryptojacking,System,01:02:57.850
CoinIMP (CPU) (100%),Apple MacBook Pro i7 2013,1,Idle,42.1,6.74,44.86,Cryptojacking,System,01:02:59.158
CoinIMP (CPU) (100%),Apple MacBook Pro i7 2013,1,Idle_browser_open,42.2,3.57,44.9,Cryptojacking,System,01:03:00.475
CoinIMP (CPU) (100%),Apple MacBook Pro i7 2013,1,Idle_browser_open,42.1,16.9,46.42,Cryptojacking,System,01:03:01.801
CoinIMP (CPU) (100%),Apple MacBook Pro i7 2013,1,Idle_browser_open,42.2,54.48,51.73,Cryptojacking,System,01:03:03.248
CoinIMP (CPU) (100%),Apple MacBook Pro i7 2013,1,Idle_browser_open,42.8,4.44,52.62,Cryptojacking,System,01:03:04.561
CoinIMP (CPU) (100%),Apple MacBook Pro i7 2013,1,Idle_browser_open,43.0,4.21,52.64,Cryptojacking,System,01:03:05.885
CoinIMP (CPU) (100%),Apple MacBook Pro i7 2013,1,Idle_browser_open,43.1,4.21,52.68,Cryptojacking,System,01:03:07.200
CoinIMP (CPU) (100%),Apple MacBook Pro i7 2013,1,Idle_browser_open,43.1,2.22,52.64,Cryptojacking,System,01:03:08.515
CoinIMP (CPU) (100%),Apple MacBook Pro i7 2013,1,Idle_browser_open,43.4,3.29,52.64,Cryptojacking,System,01:03:09.836
CoinIMP (CPU) (100%),Apple MacBook Pro i7 2013,1,Idle_browser_open,43.4,9.27,52.7,Cryptojacking,System,01:03:11.158
CoinIMP (CPU) (100%),Apple MacBook Pro i7 2013,1,Idle_browser_open,43.5,2.17,52.7,Cryptojacking,System,01:03:12.480
CoinIMP (CPU) (100%),Apple MacBook Pro i7 2013,1,Idle_browser_open,43.4,3.33,52.63,Cryptojacking,System,01:03:13.804
CoinIMP (CPU) (100%),Apple MacBook Pro i7 2013,1,Idle_browser_open,43.4,4.25,52.64,Cryptojacking,System,01:03:15.126
CoinIMP (CPU) (100%),Apple MacBook Pro i7 2013,1,Idle_browser_open,43.5,2.17,52.66,Cryptojacking,System,01:03:16.435
CoinIMP (CPU) (100%),Apple MacBook Pro i7 2013,1,Idle_browser_open,43.4,6.38,52.64,Cryptojacking,System,01:03:17.745
CoinIMP (CPU) (100%),Apple MacBook Pro i7 2013,1,Idle_browser_open,43.4,3.22,52.63,Cryptojacking,System,01:03:19.063
CoinIMP (CPU) (100%),Apple MacBook Pro i7 2013,1,Idle_browser_open,43.4,2.15,52.64,Cryptojacking,System,01:03:20.372
CoinIMP (CPU) (100%),Apple MacBook Pro i7 2013,1,Idle_browser_open,43.5,2.19,52.57,Cryptojacking,System,01:03:21.679
CoinIMP (CPU) (100%),Apple MacBook Pro i7 2013,1,Idle_browser_open,43.2,2.24,52.57,Cryptojacking,System,01:03:22.996
CoinIMP (CPU) (100%),Apple MacBook Pro i7 2013,1,Idle_browser_open,43.2,3.4,52.52,Cryptojacking,System,01:03:24.319
CoinIMP (CPU) (100%),Apple MacBook Pro i7 2013,1,Idle_browser_open,43.4,2.27,52.52,Cryptojacking,System,01:03:25.633
CoinIMP (CPU) (100%),Apple MacBook Pro i7 2013,1,Idle_browser_open,43.1,2.24,52.52,Cryptojacking,System,01:03:26.950
CoinIMP (CPU) (100%),Apple MacBook Pro i7 2013,1,Idle_browser_open,43.1,5.2,52.52,Cryptojacking,System,01:03:28.272
CoinIMP (CPU) (100%),Apple MacBook Pro i7 2013,1,Idle_browser_open,43.1,3.33,52.52,Cryptojacking,System,01:03:29.601
CoinIMP (CPU) (100%),Apple MacBook Pro i7 2013,1,Idle_browser_open,43.0,3.22,52.52,Cryptojacking,System,01:03:30.910
CoinIMP (CPU) (100%),Apple MacBook Pro i7 2013,1,Idle_browser_open,43.0,1.12,52.52,Cryptojacking,System,01:03:32.225
CoinIMP (CPU) (100%),Apple MacBook Pro i7 2013,1,Idle_browser_open,43.0,2.27,52.55,Cryptojacking,System,01:03:33.540
CoinIMP (CPU) (100%),Apple MacBook Pro i7 2013,1,Idle_browser_open,43.0,2.19,52.52,Cryptojacking,System,01:03:34.850
CoinIMP (CPU) (100%),Apple MacBook Pro i7 2013,1,Idle_browser_open,43.0,7.84,52.53,Cryptojacking,System,01:03:36.167
CoinIMP (CPU) (100%),Apple MacBook Pro i7 2013,1,Idle_browser_open,42.9,4.39,52.53,Cryptojacking,System,01:03:37.489
CoinIMP (CPU) (100%),Apple MacBook Pro i7 2013,1,Idle_browser_open,42.9,4.3,52.52,Cryptojacking,System,01:03:38.812
CoinIMP (CPU) (100%),Apple MacBook Pro i7 2013,1,Idle_browser_open,42.8,1.14,52.53,Cryptojacking,System,01:03:40.118
CoinIMP (CPU) (100%),Apple MacBook Pro i7 2013,1,Idle_browser_open,42.8,3.4,52.53,Cryptojacking,System,01:03:41.435
CoinIMP (CPU) (100%),Apple MacBook Pro i7 2013,1,Idle_browser_open,42.8,7.14,52.53,Cryptojacking,System,01:03:42.749
CoinIMP (CPU) (100%),Apple MacBook Pro i7 2013,1,Idle_browser_open,42.6,3.12,52.53,Cryptojacking,System,01:03:44.070
CoinIMP (CPU) (100%),Apple MacBook Pro i7 2013,1,Idle_browser_open,42.5,4.39,52.53,Cryptojacking,System,01:03:45.388
CoinIMP (CPU) (100%),Apple MacBook Pro i7 2013,1,Idle_browser_open,42.6,3.26,52.55,Cryptojacking,System,01:03:46.708
CoinIMP (CPU) (100%),Apple MacBook Pro i7 2013,1,Idle_browser_open,42.5,1.13,52.55,Cryptojacking,System,01:03:48.022
CoinIMP (CPU) (100%),Apple MacBook Pro i7 2013,1,Idle_browser_open,42.5,3.19,52.23,Cryptojacking,System,01:03:49.336
CoinIMP (CPU) (100%),Apple MacBook Pro i7 2013,1,Idle_browser_open,42.5,2.27,52.24,Cryptojacking,System,01:03:50.658
CoinIMP (CPU) (100%),Apple MacBook Pro i7 2013,1,Idle_browser_open,42.6,3.4,52.23,Cryptojacking,System,01:03:51.964
CoinIMP (CPU) (100%),Apple MacBook Pro i7 2013,1,Idle_browser_open,42.5,4.16,52.23,Cryptojacking,System,01:03:53.280
CoinIMP (CPU) (100%),Apple MacBook Pro i7 2013,1,Idle_browser_open,42.4,3.37,52.23,Cryptojacking,System,01:03:54.586
CoinIMP (CPU) (100%),Apple MacBook Pro i7 2013,1,Idle_browser_open,42.4,3.26,52.23,Cryptojacking,System,01:03:55.904
CoinIMP (CPU) (100%),Apple MacBook Pro i7 2013,1,Idle_browser_open,42.4,5.37,52.24,Cryptojacking,System,01:03:57.219
CoinIMP (CPU) (100%),Apple MacBook Pro i7 2013,1,Idle_browser_open,42.2,2.27,52.24,Cryptojacking,System,01:03:58.538
CoinIMP (CPU) (100%),Apple MacBook Pro i7 2013,1,Idle_browser_open,42.2,5.31,52.24,Cryptojacking,System,01:03:59.850
CoinIMP (CPU) (100%),Apple MacBook Pro i7 2013,1,Idle_browser_open,42.2,2.24,52.25,Cryptojacking,System,01:04:01.167
CoinIMP (CPU) (100%),Apple MacBook Pro i7 2013,1,Idle_browser_open,42.2,3.29,52.28,Cryptojacking,System,01:04:02.481
CoinIMP (CPU) (100%),Apple MacBook Pro i7 2013,1,Idle_browser_open,42.1,3.29,52.28,Cryptojacking,System,01:04:03.807
CoinIMP (CPU) (100%),Apple MacBook Pro i7 2013,1,Idle_browser_open,42.0,3.33,52.28,Cryptojacking,System,01:04:05.109
CoinIMP (CPU) (100%),Apple MacBook Pro i7 2013,1,Idle_browser_open,42.2,2.19,52.28,Cryptojacking,System,01:04:06.426
CoinIMP (CPU) (100%),Apple MacBook Pro i7 2013,1,Idle_browser_open,42.2,3.22,52.28,Cryptojacking,System,01:04:07.750
CoinIMP (CPU) (100%),Apple MacBook Pro i7 2013,1,Idle_browser_open,42.2,4.9,52.28,Cryptojacking,System,01:04:09.071
CoinIMP (CPU) (100%),Apple MacBook Pro i7 2013,1,Idle_browser_open,42.1,3.22,52.28,Cryptojacking,System,01:04:10.393
CoinIMP (CPU) (100%),Apple MacBook Pro i7 2013,1,Idle_browser_open,42.2,7.44,52.79,Cryptojacking,System,01:04:11.733
CoinIMP (CPU) (100%),Apple MacBook Pro i7 2013,1,Idle_browser_open,42.1,3.6,53.06,Cryptojacking,System,01:04:13.073
CoinIMP (CPU) (100%),Apple MacBook Pro i7 2013,1,Idle_browser_open,42.1,4.39,53.06,Cryptojacking,System,01:04:14.376
CoinIMP (CPU) (100%),Apple MacBook Pro i7 2013,1,Idle_browser_open,42.1,2.24,53.06,Cryptojacking,System,01:04:15.694
CoinIMP (CPU) (100%),Apple MacBook Pro i7 2013,1,Idle_browser_open,42.2,3.4,53.05,Cryptojacking,System,01:04:17.007
CoinIMP (CPU) (100%),Apple MacBook Pro i7 2013,1,Idle_browser_open,42.1,4.3,53.05,Cryptojacking,System,01:04:18.329
CoinIMP (CPU) (100%),Apple MacBook Pro i7 2013,1,Idle_browser_open,42.2,2.27,53.05,Cryptojacking,System,01:04:19.630
CoinIMP (CPU) (100%),Apple MacBook Pro i7 2013,1,Idle_browser_open,42.1,5.31,53.05,Cryptojacking,System,01:04:20.952
CoinIMP (CPU) (100%),Apple MacBook Pro i7 2013,1,Idle_browser_open,42.1,3.33,52.9,Cryptojacking,System,01:04:22.259
CoinIMP (CPU) (100%),Apple MacBook Pro i7 2013,1,Idle_browser_open,42.1,4.21,52.9,Cryptojacking,System,01:04:23.579
CoinIMP (CPU) (100%),Apple MacBook Pro i7 2013,1,Idle_browser_open,41.9,2.27,52.9,Cryptojacking,System,01:04:24.895
CoinIMP (CPU) (100%),Apple MacBook Pro i7 2013,1,Idle_browser_open,42.0,2.27,52.9,Cryptojacking,System,01:04:26.203
CoinIMP (CPU) (100%),Apple MacBook Pro i7 2013,1,Idle_browser_open,42.0,7.36,52.9,Cryptojacking,System,01:04:27.525
CoinIMP (CPU) (100%),Apple MacBook Pro i7 2013,1,Idle_browser_open,42.1,5.31,52.9,Cryptojacking,System,01:04:28.838
CoinIMP (CPU) (100%),Apple MacBook Pro i7 2013,1,Idle_browser_open,42.0,4.34,52.9,Cryptojacking,System,01:04:30.141
CoinIMP (CPU) (100%),Apple MacBook Pro i7 2013,1,Idle_browser_open,42.0,2.27,52.9,Cryptojacking,System,01:04:31.458
CoinIMP (CPU) (100%),Apple MacBook Pro i7 2013,1,Idle_browser_open,41.9,4.34,52.9,Cryptojacking,System,01:04:32.770
CoinIMP (CPU) (100%),Apple MacBook Pro i7 2013,1,Idle_browser_open,42.0,3.22,52.64,Cryptojacking,System,01:04:34.072
CoinIMP (CPU) (100%),Apple MacBook Pro i7 2013,1,Idle_browser_open,42.0,2.27,52.64,Cryptojacking,System,01:04:35.385
CoinIMP (CPU) (100%),Apple MacBook Pro i7 2013,1,Idle_browser_open,42.0,2.17,52.66,Cryptojacking,System,01:04:36.699
CoinIMP (CPU) (100%),Apple MacBook Pro i7 2013,1,Idle_browser_open,41.9,4.3,52.63,Cryptojacking,System,01:04:38.003
CoinIMP (CPU) (100%),Apple MacBook Pro i7 2013,1,Idle_browser_open,41.9,2.27,52.61,Cryptojacking,System,01:04:39.315
CoinIMP (CPU) (100%),Apple MacBook Pro i7 2013,1,Idle_browser_open,41.8,2.32,52.62,Cryptojacking,System,01:04:40.621
CoinIMP (CPU) (100%),Apple MacBook Pro i7 2013,1,Idle_browser_open,41.9,4.44,52.66,Cryptojacking,System,01:04:41.940
CoinIMP (CPU) (100%),Apple MacBook Pro i7 2013,1,Idle_browser_open,41.8,5.43,52.66,Cryptojacking,System,01:04:43.254
CoinIMP (CPU) (100%),Apple MacBook Pro i7 2013,1,Idle_browser_open,41.9,2.35,52.66,Cryptojacking,System,01:04:44.553
CoinIMP (CPU) (100%),Apple MacBook Pro i7 2013,1,Idle_browser_open,41.8,1.8,52.64,Cryptojacking,System,01:04:45.865
CoinIMP (CPU) (100%),Apple MacBook Pro i7 2013,1,Idle_browser_open,41.8,3.33,52.64,Cryptojacking,System,01:04:47.170
CoinIMP (CPU) (100%),Apple MacBook Pro i7 2013,1,Idle_browser_open,41.6,2.29,52.64,Cryptojacking,System,01:04:48.471
CoinIMP (CPU) (100%),Apple MacBook Pro i7 2013,1,Idle_browser_open,41.9,3.33,52.64,Cryptojacking,System,01:04:49.784
CoinIMP (CPU) (100%),Apple MacBook Pro i7 2013,1,Idle_browser_open,41.8,3.22,52.64,Cryptojacking,System,01:04:51.091
CoinIMP (CPU) (100%),Apple MacBook Pro i7 2013,1,Idle_browser_open,41.8,1.13,52.64,Cryptojacking,System,01:04:52.411
CoinIMP (CPU) (100%),Apple MacBook Pro i7 2013,1,Idle_browser_open,41.8,2.22,52.64,Cryptojacking,System,01:04:53.726
CoinIMP (CPU) (100%),Apple MacBook Pro i7 2013,1,Idle_browser_open,41.8,2.27,52.64,Cryptojacking,System,01:04:55.037
CoinIMP (CPU) (100%),Apple MacBook Pro i7 2013,1,Idle_browser_open,41.6,2.17,52.64,Cryptojacking,System,01:04:56.344
CoinIMP (CPU) (100%),Apple MacBook Pro i7 2013,1,Idle_browser_open,41.8,2.29,52.66,Cryptojacking,System,01:04:57.658
CoinIMP (CPU) (100%),Apple MacBook Pro i7 2013,1,Idle_browser_open,41.6,4.16,53.34,Cryptojacking,System,01:04:58.973
CoinIMP (CPU) (100%),Apple MacBook Pro i7 2013,1,Attack,41.6,2.19,53.34,Cryptojacking,System,01:05:00.293
CoinIMP (CPU) (100%),Apple MacBook Pro i7 2013,1,Attack,41.8,4.34,54.17,Cryptojacking,System,01:05:01.624
CoinIMP (CPU) (100%),Apple MacBook Pro i7 2013,1,Attack,41.9,3.96,54.37,Cryptojacking,System,01:05:02.954
CoinIMP (CPU) (100%),Apple MacBook Pro i7 2013,1,Attack,42.1,4.25,54.37,Cryptojacking,System,01:05:04.268
CoinIMP (CPU) (100%),Apple MacBook Pro i7 2013,1,Attack,42.0,41.25,54.67,Cryptojacking,System,01:05:05.695
CoinIMP (CPU) (100%),Apple MacBook Pro i7 2013,1,Attack,42.2,38.18,54.71,Cryptojacking,System,01:05:07.149
CoinIMP (CPU) (100%),Apple MacBook Pro i7 2013,1,Attack,42.9,39.0,54.5,Cryptojacking,System,01:05:08.529
CoinIMP (CPU) (100%),Apple MacBook Pro i7 2013,1,Attack,43.4,40.17,54.5,Cryptojacking,System,01:05:09.915
CoinIMP (CPU) (100%),Apple MacBook Pro i7 2013,1,Attack,44.4,39.28,54.34,Cryptojacking,System,01:05:11.347
CoinIMP (CPU) (100%),Apple MacBook Pro i7 2013,1,Attack,44.9,38.9,54.35,Cryptojacking,System,01:05:12.767
CoinIMP (CPU) (100%),Apple MacBook Pro i7 2013,1,Attack,45.4,40.14,54.37,Cryptojacking,System,01:05:14.304
CoinIMP (CPU) (100%),Apple MacBook Pro i7 2013,1,Attack,46.4,38.65,54.35,Cryptojacking,System,01:05:15.722
CoinIMP (CPU) (100%),Apple MacBook Pro i7 2013,1,Attack,46.9,39.51,54.44,Cryptojacking,System,01:05:17.177
CoinIMP (CPU) (100%),Apple MacBook Pro i7 2013,1,Attack,47.8,39.8,54.37,Cryptojacking,System,01:05:18.563
CoinIMP (CPU) (100%),Apple MacBook Pro i7 2013,1,Attack,48.4,40.17,54.45,Cryptojacking,System,01:05:20.041
CoinIMP (CPU) (100%),Apple MacBook Pro i7 2013,1,Attack,48.9,39.51,54.13,Cryptojacking,System,01:05:21.447
CoinIMP (CPU) (100%),Apple MacBook Pro i7 2013,1,Attack,49.6,41.48,54.13,Cryptojacking,System,01:05:22.948
CoinIMP (CPU) (100%),Apple MacBook Pro i7 2013,1,Attack,50.4,39.47,54.13,Cryptojacking,System,01:05:24.347
CoinIMP (CPU) (100%),Apple MacBook Pro i7 2013,1,Attack,50.9,40.67,54.23,Cryptojacking,System,01:05:25.863
CoinIMP (CPU) (100%),Apple MacBook Pro i7 2013,1,Attack,51.6,39.13,54.13,Cryptojacking,System,01:05:27.264
CoinIMP (CPU) (100%),Apple MacBook Pro i7 2013,1,Attack,52.4,38.73,54.13,Cryptojacking,System,01:05:28.727
CoinIMP (CPU) (100%),Apple MacBook Pro i7 2013,1,Attack,52.8,42.38,54.13,Cryptojacking,System,01:05:30.229
CoinIMP (CPU) (100%),Apple MacBook Pro i7 2013,1,Attack,53.2,40.86,54.22,Cryptojacking,System,01:05:31.658
CoinIMP (CPU) (100%),Apple MacBook Pro i7 2013,1,Attack,54.1,38.67,54.13,Cryptojacking,System,01:05:33.152
CoinIMP (CPU) (100%),Apple MacBook Pro i7 2013,1,Attack,54.6,40.7,54.13,Cryptojacking,System,01:05:34.667
CoinIMP (CPU) (100%),Apple MacBook Pro i7 2013,1,Attack,55.4,42.72,54.13,Cryptojacking,System,01:05:36.159
CoinIMP (CPU) (100%),Apple MacBook Pro i7 2013,1,Attack,55.8,38.83,54.23,Cryptojacking,System,01:05:37.555
CoinIMP (CPU) (100%),Apple MacBook Pro i7 2013,1,Attack,56.4,40.62,54.22,Cryptojacking,System,01:05:39.057
CoinIMP (CPU) (100%),Apple MacBook Pro i7 2013,1,Attack,56.8,38.18,54.21,Cryptojacking,System,01:05:40.479
CoinIMP (CPU) (100%),Apple MacBook Pro i7 2013,1,Attack,57.1,40.7,54.13,Cryptojacking,System,01:05:41.914
CoinIMP (CPU) (100%),Apple MacBook Pro i7 2013,1,Attack,58.0,39.83,54.13,Cryptojacking,System,01:05:43.327
CoinIMP (CPU) (100%),Apple MacBook Pro i7 2013,1,Attack,58.1,40.0,54.1,Cryptojacking,System,01:05:44.752
CoinIMP (CPU) (100%),Apple MacBook Pro i7 2013,1,Attack,59.0,41.7,54.18,Cryptojacking,System,01:05:46.247
CoinIMP (CPU) (100%),Apple MacBook Pro i7 2013,1,Attack,59.2,40.9,54.08,Cryptojacking,System,01:05:47.751
CoinIMP (CPU) (100%),Apple MacBook Pro i7 2013,1,Attack,59.5,39.9,54.08,Cryptojacking,System,01:05:49.139
CoinIMP (CPU) (100%),Apple MacBook Pro i7 2013,1,Attack,60.4,40.54,54.18,Cryptojacking,System,01:05:50.644
CoinIMP (CPU) (100%),Apple MacBook Pro i7 2013,1,Attack,60.5,41.12,54.08,Cryptojacking,System,01:05:52.023
CoinIMP (CPU) (100%),Apple MacBook Pro i7 2013,1,Attack,61.1,40.95,54.18,Cryptojacking,System,01:05:53.512
CoinIMP (CPU) (100%),Apple MacBook Pro i7 2013,1,Attack,61.5,38.67,54.1,Cryptojacking,System,01:05:54.919
CoinIMP (CPU) (100%),Apple MacBook Pro i7 2013,1,Attack,61.6,39.31,54.1,Cryptojacking,System,01:05:56.326
CoinIMP (CPU) (100%),Apple MacBook Pro i7 2013,1,Attack,62.2,40.9,54.12,Cryptojacking,System,01:05:57.728
CoinIMP (CPU) (100%),Apple MacBook Pro i7 2013,1,Attack,62.5,40.0,54.12,Cryptojacking,System,01:05:59.150
CoinIMP (CPU) (100%),Apple MacBook Pro i7 2013,1,Attack,63.1,39.6,54.12,Cryptojacking,System,01:06:00.545
CoinIMP (CPU) (100%),Apple MacBook Pro i7 2013,1,Attack,63.1,45.96,54.5,Cryptojacking,System,01:06:01.979
CoinIMP (CPU) (100%),Apple MacBook Pro i7 2013,1,Attack,63.5,39.65,54.16,Cryptojacking,System,01:06:03.476
CoinIMP (CPU) (100%),Apple MacBook Pro i7 2013,1,Attack,64.0,40.35,54.15,Cryptojacking,System,01:06:04.867
CoinIMP (CPU) (100%),Apple MacBook Pro i7 2013,1,Attack,64.1,39.81,54.15,Cryptojacking,System,01:06:06.300
CoinIMP (CPU) (100%),Apple MacBook Pro i7 2013,1,Attack,64.5,40.0,54.15,Cryptojacking,System,01:06:07.807
CoinIMP (CPU) (100%),Apple MacBook Pro i7 2013,1,Attack,64.8,39.9,54.12,Cryptojacking,System,01:06:09.212
CoinIMP (CPU) (100%),Apple MacBook Pro i7 2013,1,Attack,65.0,40.17,54.13,Cryptojacking,System,01:06:10.615
CoinIMP (CPU) (100%),Apple MacBook Pro i7 2013,1,Attack,65.2,39.47,54.13,Cryptojacking,System,01:06:12.014
CoinIMP (CPU) (100%),Apple MacBook Pro i7 2013,1,Attack,65.5,38.26,54.13,Cryptojacking,System,01:06:13.425
CoinIMP (CPU) (100%),Apple MacBook Pro i7 2013,1,Attack,65.8,40.16,54.15,Cryptojacking,System,01:06:14.826
CoinIMP (CPU) (100%),Apple MacBook Pro i7 2013,1,Attack,66.0,38.31,54.15,Cryptojacking,System,01:06:16.216
CoinIMP (CPU) (100%),Apple MacBook Pro i7 2013,1,Attack,66.0,40.35,54.15,Cryptojacking,System,01:06:17.670
CoinIMP (CPU) (100%),Apple MacBook Pro i7 2013,1,Attack,66.4,39.42,54.15,Cryptojacking,System,01:06:19.117
CoinIMP (CPU) (100%),Apple MacBook Pro i7 2013,1,Attack,66.6,40.74,54.24,Cryptojacking,System,01:06:20.529
CoinIMP (CPU) (100%),Apple MacBook Pro i7 2013,1,Attack,66.8,40.56,54.23,Cryptojacking,System,01:06:22.017
CoinIMP (CPU) (100%),Apple MacBook Pro i7 2013,1,Attack,67.0,39.21,54.15,Cryptojacking,System,01:06:23.404
CoinIMP (CPU) (100%),Apple MacBook Pro i7 2013,1,Attack,67.0,40.0,54.13,Cryptojacking,System,01:06:24.802
CoinIMP (CPU) (100%),Apple MacBook Pro i7 2013,1,Attack,67.5,39.28,54.13,Cryptojacking,System,01:06:26.200
CoinIMP (CPU) (100%),Apple MacBook Pro i7 2013,1,Attack,67.2,39.83,54.13,Cryptojacking,System,01:06:27.708
CoinIMP (CPU) (100%),Apple MacBook Pro i7 2013,1,Attack,67.6,40.17,54.19,Cryptojacking,System,01:06:29.117
CoinIMP (CPU) (100%),Apple MacBook Pro i7 2013,1,Attack,67.8,39.42,54.22,Cryptojacking,System,01:06:30.580
CoinIMP (CPU) (100%),Apple MacBook Pro i7 2013,1,Attack,67.8,40.51,54.13,Cryptojacking,System,01:06:31.984
CoinIMP (CPU) (100%),Apple MacBook Pro i7 2013,1,Attack,68.1,38.98,54.13,Cryptojacking,System,01:06:33.377
CoinIMP (CPU) (100%),Apple MacBook Pro i7 2013,1,Attack,68.1,41.98,54.15,Cryptojacking,System,01:06:34.881
CoinIMP (CPU) (100%),Apple MacBook Pro i7 2013,1,Attack,68.2,39.4,54.23,Cryptojacking,System,01:06:36.354
CoinIMP (CPU) (100%),Apple MacBook Pro i7 2013,1,Attack,68.4,38.73,54.15,Cryptojacking,System,01:06:37.751
CoinIMP (CPU) (100%),Apple MacBook Pro i7 2013,1,Attack,68.5,39.28,54.23,Cryptojacking,System,01:06:39.234
CoinIMP (CPU) (100%),Apple MacBook Pro i7 2013,1,Attack,68.6,40.87,54.23,Cryptojacking,System,01:06:40.677
CoinIMP (CPU) (100%),Apple MacBook Pro i7 2013,1,Attack,68.8,40.0,54.16,Cryptojacking,System,01:06:42.085
CoinIMP (CPU) (100%),Apple MacBook Pro i7 2013,1,Attack,68.9,41.37,54.15,Cryptojacking,System,01:06:43.494
CoinIMP (CPU) (100%),Apple MacBook Pro i7 2013,1,Attack,68.9,39.42,54.24,Cryptojacking,System,01:06:44.912
CoinIMP (CPU) (100%),Apple MacBook Pro i7 2013,1,Attack,69.0,38.46,54.15,Cryptojacking,System,01:06:46.394
CoinIMP (CPU) (100%),Apple MacBook Pro i7 2013,1,Attack,69.0,38.79,54.15,Cryptojacking,System,01:06:47.895
CoinIMP (CPU) (100%),Apple MacBook Pro i7 2013,1,Attack,69.0,40.17,54.15,Cryptojacking,System,01:06:49.296
CoinIMP (CPU) (100%),Apple MacBook Pro i7 2013,1,Attack,69.2,42.14,54.15,Cryptojacking,System,01:06:50.703
CoinIMP (CPU) (100%),Apple MacBook Pro i7 2013,1,Attack,69.2,39.63,54.15,Cryptojacking,System,01:06:52.180
CoinIMP (CPU) (100%),Apple MacBook Pro i7 2013,1,Attack,69.1,39.42,54.12,Cryptojacking,System,01:06:53.622
CoinIMP (CPU) (100%),Apple MacBook Pro i7 2013,1,Attack,69.4,38.67,54.15,Cryptojacking,System,01:06:55.021
CoinIMP (CPU) (100%),Apple MacBook Pro i7 2013,1,Attack,69.4,40.35,54.24,Cryptojacking,System,01:06:56.485
CoinIMP (CPU) (100%),Apple MacBook Pro i7 2013,1,Attack,69.2,40.94,54.23,Cryptojacking,System,01:06:57.989
CoinIMP (CPU) (100%),Apple MacBook Pro i7 2013,1,Attack,69.4,40.62,54.15,Cryptojacking,System,01:06:59.397
CoinIMP (CPU) (100%),Apple MacBook Pro i7 2013,1,Attack,69.5,39.9,54.24,Cryptojacking,System,01:07:00.896
CoinIMP (CPU) (100%),Apple MacBook Pro i7 2013,1,Attack,69.4,39.31,54.18,Cryptojacking,System,01:07:02.395
CoinIMP (CPU) (100%),Apple MacBook Pro i7 2013,1,Attack,69.6,41.4,54.18,Cryptojacking,System,01:07:03.849
CoinIMP (CPU) (100%),Apple MacBook Pro i7 2013,1,Attack,69.5,39.8,54.18,Cryptojacking,System,01:07:05.260
CoinIMP (CPU) (100%),Apple MacBook Pro i7 2013,1,Attack,69.6,42.0,54.18,Cryptojacking,System,01:07:06.704
CoinIMP (CPU) (100%),Apple MacBook Pro i7 2013,1,Attack,69.5,39.49,54.18,Cryptojacking,System,01:07:08.183
CoinIMP (CPU) (100%),Apple MacBook Pro i7 2013,1,Attack,69.6,38.67,54.18,Cryptojacking,System,01:07:09.573
CoinIMP (CPU) (100%),Apple MacBook Pro i7 2013,1,Attack,69.6,39.51,54.3,Cryptojacking,System,01:07:11.069
CoinIMP (CPU) (100%),Apple MacBook Pro i7 2013,1,Attack,69.5,40.16,54.29,Cryptojacking,System,01:07:12.484
CoinIMP (CPU) (100%),Apple MacBook Pro i7 2013,1,Attack,69.8,42.3,54.28,Cryptojacking,System,01:07:14.063
CoinIMP (CPU) (100%),Apple MacBook Pro i7 2013,1,Attack,69.6,40.38,54.18,Cryptojacking,System,01:07:15.447
CoinIMP (CPU) (100%),Apple MacBook Pro i7 2013,1,Attack,69.6,39.31,54.27,Cryptojacking,System,01:07:16.877
CoinIMP (CPU) (100%),Apple MacBook Pro i7 2013,1,Attack,69.8,41.32,54.18,Cryptojacking,System,01:07:18.382
CoinIMP (CPU) (100%),Apple MacBook Pro i7 2013,1,Attack,69.6,39.42,54.28,Cryptojacking,System,01:07:19.869
CoinIMP (CPU) (100%),Apple MacBook Pro i7 2013,1,Attack,69.8,40.0,54.18,Cryptojacking,System,01:07:21.261
CoinIMP (CPU) (100%),Apple MacBook Pro i7 2013,1,Attack,69.8,41.2,54.18,Cryptojacking,System,01:07:22.765
CoinIMP (CPU) (100%),Apple MacBook Pro i7 2013,1,Attack,69.6,40.19,54.13,Cryptojacking,System,01:07:24.160
CoinIMP (CPU) (100%),Apple MacBook Pro i7 2013,1,Attack,69.5,38.23,54.13,Cryptojacking,System,01:07:25.539
CoinIMP (CPU) (100%),Apple MacBook Pro i7 2013,1,Attack,69.6,38.61,54.22,Cryptojacking,System,01:07:27.030
CoinIMP (CPU) (100%),Apple MacBook Pro i7 2013,1,Attack,69.6,41.81,54.12,Cryptojacking,System,01:07:28.421
CoinIMP (CPU) (100%),Apple MacBook Pro i7 2013,1,Attack,69.6,39.63,54.22,Cryptojacking,System,01:07:29.834
CoinIMP (CPU) (100%),Apple MacBook Pro i7 2013,1,Attack,69.6,41.8,54.12,Cryptojacking,System,01:07:31.379
CoinIMP (CPU) (100%),Apple MacBook Pro i7 2013,1,Attack,69.6,39.21,54.22,Cryptojacking,System,01:07:32.818
CoinIMP (CPU) (100%),Apple MacBook Pro i7 2013,1,Attack,69.6,40.0,54.13,Cryptojacking,System,01:07:34.258
CoinIMP (CPU) (100%),Apple MacBook Pro i7 2013,1,Attack,69.4,40.0,54.13,Cryptojacking,System,01:07:35.657
CoinIMP (CPU) (100%),Apple MacBook Pro i7 2013,1,Attack,69.5,40.0,54.13,Cryptojacking,System,01:07:37.142
CoinIMP (CPU) (100%),Apple MacBook Pro i7 2013,1,Attack,69.5,40.0,54.13,Cryptojacking,System,01:07:38.642
CoinIMP (CPU) (100%),Apple MacBook Pro i7 2013,1,Attack,69.6,40.17,54.13,Cryptojacking,System,01:07:40.137
CoinIMP (CPU) (100%),Apple MacBook Pro i7 2013,1,Attack,69.5,40.7,54.13,Cryptojacking,System,01:07:41.538
CoinIMP (CPU) (100%),Apple MacBook Pro i7 2013,1,Attack,69.4,39.25,54.22,Cryptojacking,System,01:07:43.025
CoinIMP (CPU) (100%),Apple MacBook Pro i7 2013,1,Attack,69.5,40.45,54.22,Cryptojacking,System,01:07:44.545
CoinIMP (CPU) (100%),Apple MacBook Pro i7 2013,1,Attack,69.6,38.53,54.22,Cryptojacking,System,01:07:46.041
CoinIMP (CPU) (100%),Apple MacBook Pro i7 2013,1,Attack,69.4,40.18,54.23,Cryptojacking,System,01:07:47.543
CoinIMP (CPU) (100%),Apple MacBook Pro i7 2013,1,Attack,69.5,39.9,54.22,Cryptojacking,System,01:07:49.048
CoinIMP (CPU) (100%),Apple MacBook Pro i7 2013,1,Attack,69.5,40.18,54.13,Cryptojacking,System,01:07:50.440
CoinIMP (CPU) (100%),Apple MacBook Pro i7 2013,1,Attack,69.5,41.73,54.13,Cryptojacking,System,01:07:51.934
CoinIMP (CPU) (100%),Apple MacBook Pro i7 2013,1,Attack,69.4,39.16,54.18,Cryptojacking,System,01:07:53.373
CoinIMP (CPU) (100%),Apple MacBook Pro i7 2013,1,Attack,69.4,41.17,54.11,Cryptojacking,System,01:07:54.863
CoinIMP (CPU) (100%),Apple MacBook Pro i7 2013,1,Attack,69.5,40.33,54.11,Cryptojacking,System,01:07:56.370
CoinIMP (CPU) (100%),Apple MacBook Pro i7 2013,1,Attack,69.5,38.53,54.11,Cryptojacking,System,01:07:57.769
CoinIMP (CPU) (100%),Apple MacBook Pro i7 2013,1,Attack,69.5,40.16,54.11,Cryptojacking,System,01:07:59.275
CoinIMP (CPU) (100%),Apple MacBook Pro i7 2013,1,Attack,69.4,39.82,54.11,Cryptojacking,System,01:08:00.794
CoinIMP (CPU) (100%),Apple MacBook Pro i7 2013,1,Attack,69.4,40.51,54.11,Cryptojacking,System,01:08:02.292
CoinIMP (CPU) (100%),Apple MacBook Pro i7 2013,1,Attack,69.4,40.17,54.12,Cryptojacking,System,01:08:03.691
CoinIMP (CPU) (100%),Apple MacBook Pro i7 2013,1,Attack,69.4,39.42,54.28,Cryptojacking,System,01:08:05.189
CoinIMP (CPU) (100%),Apple MacBook Pro i7 2013,1,Attack,69.2,40.0,54.21,Cryptojacking,System,01:08:06.676
CoinIMP (CPU) (100%),Apple MacBook Pro i7 2013,1,Attack,69.2,40.65,54.22,Cryptojacking,System,01:08:08.100
CoinIMP (CPU) (100%),Apple MacBook Pro i7 2013,1,Attack,69.4,39.81,54.3,Cryptojacking,System,01:08:09.595
CoinIMP (CPU) (100%),Apple MacBook Pro i7 2013,1,Attack,69.4,39.0,54.3,Cryptojacking,System,01:08:11.096
CoinIMP (CPU) (100%),Apple MacBook Pro i7 2013,1,Attack,69.1,42.75,54.27,Cryptojacking,System,01:08:12.558
CoinIMP (CPU) (100%),Apple MacBook Pro i7 2013,1,Attack,69.2,41.75,54.27,Cryptojacking,System,01:08:14.071
CoinIMP (CPU) (100%),Apple MacBook Pro i7 2013,1,Attack,69.4,40.36,54.3,Cryptojacking,System,01:08:15.527
CoinIMP (CPU) (100%),Apple MacBook Pro i7 2013,1,Attack,69.2,40.86,54.3,Cryptojacking,System,01:08:17.053
CoinIMP (CPU) (100%),Apple MacBook Pro i7 2013,1,Attack,69.1,38.59,54.3,Cryptojacking,System,01:08:18.548
CoinIMP (CPU) (100%),Apple MacBook Pro i7 2013,1,Attack,69.1,39.9,54.27,Cryptojacking,System,01:08:19.950
CoinIMP (CPU) (100%),Apple MacBook Pro i7 2013,1,Attack,69.2,40.51,54.21,Cryptojacking,System,01:08:21.449
CoinIMP (CPU) (100%),Apple MacBook Pro i7 2013,1,Attack,69.2,41.37,54.21,Cryptojacking,System,01:08:22.854
CoinIMP (CPU) (100%),Apple MacBook Pro i7 2013,1,Attack,69.2,40.0,54.3,Cryptojacking,System,01:08:24.316
CoinIMP (CPU) (100%),Apple MacBook Pro i7 2013,1,Attack,69.1,39.63,54.21,Cryptojacking,System,01:08:25.737
CoinIMP (CPU) (100%),Apple MacBook Pro i7 2013,1,Attack,69.1,39.66,54.21,Cryptojacking,System,01:08:27.152
CoinIMP (CPU) (100%),Apple MacBook Pro i7 2013,1,Attack,69.2,39.66,54.21,Cryptojacking,System,01:08:28.565
CoinIMP (CPU) (100%),Apple MacBook Pro i7 2013,1,Attack,69.1,38.79,54.28,Cryptojacking,System,01:08:30.009
CoinIMP (CPU) (100%),Apple MacBook Pro i7 2013,1,Attack,69.0,40.17,54.22,Cryptojacking,System,01:08:31.420
CoinIMP (CPU) (100%),Apple MacBook Pro i7 2013,1,Attack,69.0,40.0,54.21,Cryptojacking,System,01:08:32.809
CoinIMP (CPU) (100%),Apple MacBook Pro i7 2013,1,Attack,69.1,40.0,54.21,Cryptojacking,System,01:08:34.217
CoinIMP (CPU) (100%),Apple MacBook Pro i7 2013,1,Attack,69.0,40.51,54.21,Cryptojacking,System,01:08:35.630
CoinIMP (CPU) (100%),Apple MacBook Pro i7 2013,1,Attack,69.0,39.65,54.21,Cryptojacking,System,01:08:37.025
CoinIMP (CPU) (100%),Apple MacBook Pro i7 2013,1,Attack,69.1,40.7,54.22,Cryptojacking,System,01:08:38.453
CoinIMP (CPU) (100%),Apple MacBook Pro i7 2013,1,Attack,69.0,39.47,54.21,Cryptojacking,System,01:08:39.862
CoinIMP (CPU) (100%),Apple MacBook Pro i7 2013,1,Attack,68.9,38.46,54.23,Cryptojacking,System,01:08:41.255
CoinIMP (CPU) (100%),Apple MacBook Pro i7 2013,1,Attack,69.0,38.83,54.32,Cryptojacking,System,01:08:42.678
CoinIMP (CPU) (100%),Apple MacBook Pro i7 2013,1,Attack,69.0,40.74,54.22,Cryptojacking,System,01:08:44.174
CoinIMP (CPU) (100%),Apple MacBook Pro i7 2013,1,Attack,69.0,40.0,54.21,Cryptojacking,System,01:08:45.694
CoinIMP (CPU) (100%),Apple MacBook Pro i7 2013,1,Attack,69.0,39.4,54.19,Cryptojacking,System,01:08:47.084
CoinIMP (CPU) (100%),Apple MacBook Pro i7 2013,1,Attack,68.9,39.25,54.19,Cryptojacking,System,01:08:48.502
CoinIMP (CPU) (100%),Apple MacBook Pro i7 2013,1,Attack,68.9,41.7,54.19,Cryptojacking,System,01:08:49.901
CoinIMP (CPU) (100%),Apple MacBook Pro i7 2013,1,Attack,68.9,40.8,54.21,Cryptojacking,System,01:08:51.376
CoinIMP (CPU) (100%),Apple MacBook Pro i7 2013,1,Attack,68.9,38.67,54.21,Cryptojacking,System,01:08:52.760
CoinIMP (CPU) (100%),Apple MacBook Pro i7 2013,1,Attack,68.9,40.62,54.21,Cryptojacking,System,01:08:54.187
CoinIMP (CPU) (100%),Apple MacBook Pro i7 2013,1,Attack,68.9,40.35,54.21,Cryptojacking,System,01:08:55.657
CoinIMP (CPU) (100%),Apple MacBook Pro i7 2013,1,Attack,69.0,39.4,54.19,Cryptojacking,System,01:08:57.123
CoinIMP (CPU) (100%),Apple MacBook Pro i7 2013,1,Attack,68.9,40.9,54.21,Cryptojacking,System,01:08:58.532
CoinIMP (CPU) (100%),Apple MacBook Pro i7 2013,1,Attack,68.9,38.23,54.21,Cryptojacking,System,01:08:59.927
CoinIMP (CPU) (100%),Apple MacBook Pro i7 2013,1,Attack,68.9,42.35,54.21,Cryptojacking,System,01:09:01.409
CoinIMP (CPU) (100%),Apple MacBook Pro i7 2013,1,Attack,68.8,40.74,54.18,Cryptojacking,System,01:09:02.807
CoinIMP (CPU) (100%),Apple MacBook Pro i7 2013,1,Attack,68.8,39.4,54.18,Cryptojacking,System,01:09:04.204
CoinIMP (CPU) (100%),Apple MacBook Pro i7 2013,1,Attack,68.8,39.62,54.18,Cryptojacking,System,01:09:05.592
CoinIMP (CPU) (100%),Apple MacBook Pro i7 2013,1,Attack,68.8,40.56,54.18,Cryptojacking,System,01:09:06.983
CoinIMP (CPU) (100%),Apple MacBook Pro i7 2013,1,Attack,68.8,38.79,54.18,Cryptojacking,System,01:09:08.388
CoinIMP (CPU) (100%),Apple MacBook Pro i7 2013,1,Attack,68.6,40.56,54.18,Cryptojacking,System,01:09:09.784
CoinIMP (CPU) (100%),Apple MacBook Pro i7 2013,1,Attack,68.6,40.0,54.28,Cryptojacking,System,01:09:11.224
CoinIMP (CPU) (100%),Apple MacBook Pro i7 2013,1,Attack,68.8,41.52,54.18,Cryptojacking,System,01:09:12.626
CoinIMP (CPU) (100%),Apple MacBook Pro i7 2013,1,Attack,68.6,42.7,54.19,Cryptojacking,System,01:09:14.123
CoinIMP (CPU) (100%),Apple MacBook Pro i7 2013,1,Attack,68.8,39.81,54.19,Cryptojacking,System,01:09:15.517
CoinIMP (CPU) (100%),Apple MacBook Pro i7 2013,1,Attack,68.8,40.0,54.27,Cryptojacking,System,01:09:16.986
CoinIMP (CPU) (100%),Apple MacBook Pro i7 2013,1,Attack,68.6,38.28,54.26,Cryptojacking,System,01:09:18.421
CoinIMP (CPU) (100%),Apple MacBook Pro i7 2013,1,Attack,68.6,39.13,54.18,Cryptojacking,System,01:09:19.902
CoinIMP (CPU) (100%),Apple MacBook Pro i7 2013,1,Attack,68.6,39.21,54.18,Cryptojacking,System,01:09:21.296
CoinIMP (CPU) (100%),Apple MacBook Pro i7 2013,1,Attack,68.6,39.44,54.19,Cryptojacking,System,01:09:22.685
CoinIMP (CPU) (100%),Apple MacBook Pro i7 2013,1,Attack,68.6,40.15,54.11,Cryptojacking,System,01:09:24.192
CoinIMP (CPU) (100%),Apple MacBook Pro i7 2013,1,Attack,68.8,40.0,54.11,Cryptojacking,System,01:09:25.589
CoinIMP (CPU) (100%),Apple MacBook Pro i7 2013,1,Attack,68.6,39.42,54.21,Cryptojacking,System,01:09:27.062
CoinIMP (CPU) (100%),Apple MacBook Pro i7 2013,1,Attack,68.8,42.18,54.21,Cryptojacking,System,01:09:28.515
CoinIMP (CPU) (100%),Apple MacBook Pro i7 2013,1,Attack,68.6,39.9,54.21,Cryptojacking,System,01:09:29.921
CoinIMP (CPU) (100%),Apple MacBook Pro i7 2013,1,Attack,68.6,37.81,54.11,Cryptojacking,System,01:09:31.361
CoinIMP (CPU) (100%),Apple MacBook Pro i7 2013,1,Attack,68.5,41.91,54.11,Cryptojacking,System,01:09:32.812
CoinIMP (CPU) (100%),Apple MacBook Pro i7 2013,1,Attack,68.6,39.68,54.11,Cryptojacking,System,01:09:34.269
CoinIMP (CPU) (100%),Apple MacBook Pro i7 2013,1,Attack,68.5,40.49,54.11,Cryptojacking,System,01:09:35.766
CoinIMP (CPU) (100%),Apple MacBook Pro i7 2013,1,Attack,68.8,40.86,54.11,Cryptojacking,System,01:09:37.163
CoinIMP (CPU) (100%),Apple MacBook Pro i7 2013,1,Attack,68.5,40.17,54.11,Cryptojacking,System,01:09:38.565
CoinIMP (CPU) (100%),Apple MacBook Pro i7 2013,1,Attack,68.6,39.21,54.21,Cryptojacking,System,01:09:40.008
CoinIMP (CPU) (100%),Apple MacBook Pro i7 2013,1,Attack,68.5,41.17,54.11,Cryptojacking,System,01:09:41.417
CoinIMP (CPU) (100%),Apple MacBook Pro i7 2013,1,Attack,68.5,40.51,54.11,Cryptojacking,System,01:09:42.912
CoinIMP (CPU) (100%),Apple MacBook Pro i7 2013,1,Attack,68.6,40.49,54.12,Cryptojacking,System,01:09:44.328
CoinIMP (CPU) (100%),Apple MacBook Pro i7 2013,1,Attack,68.6,40.0,54.12,Cryptojacking,System,01:09:45.714
CoinIMP (CPU) (100%),Apple MacBook Pro i7 2013,1,Attack,68.4,39.63,54.15,Cryptojacking,System,01:09:47.210
CoinIMP (CPU) (100%),Apple MacBook Pro i7 2013,1,Attack,68.5,39.4,54.11,Cryptojacking,System,01:09:48.677
CoinIMP (CPU) (100%),Apple MacBook Pro i7 2013,1,Attack,68.6,42.5,54.11,Cryptojacking,System,01:09:50.065
CoinIMP (CPU) (100%),Apple MacBook Pro i7 2013,1,Attack,68.5,40.51,54.22,Cryptojacking,System,01:09:51.577
CoinIMP (CPU) (100%),Apple MacBook Pro i7 2013,1,Attack,68.5,40.86,54.21,Cryptojacking,System,01:09:53.066
CoinIMP (CPU) (100%),Apple MacBook Pro i7 2013,1,Attack,68.5,40.0,54.21,Cryptojacking,System,01:09:54.476
CoinIMP (CPU) (100%),Apple MacBook Pro i7 2013,1,Attack,68.2,41.37,54.12,Cryptojacking,System,01:09:55.947
CoinIMP (CPU) (100%),Apple MacBook Pro i7 2013,1,Attack,68.5,41.22,54.12,Cryptojacking,System,01:09:57.374
CoinIMP (CPU) (100%),Apple MacBook Pro i7 2013,1,Attack,68.4,41.17,54.12,Cryptojacking,System,01:09:58.880
CoinIMP (CPU) (100%),Apple MacBook Pro i7 2013,1,Recovery,68.5,41.83,54.12,Cryptojacking,System,01:10:00.363
CoinIMP (CPU) (100%),Apple MacBook Pro i7 2013,1,Recovery,68.4,4.3,53.0,Cryptojacking,System,01:10:01.683
CoinIMP (CPU) (100%),Apple MacBook Pro i7 2013,1,Recovery,68.5,5.5,52.84,Cryptojacking,System,01:10:03.010
CoinIMP (CPU) (100%),Apple MacBook Pro i7 2013,1,Recovery,67.9,4.34,52.84,Cryptojacking,System,01:10:04.336
CoinIMP (CPU) (100%),Apple MacBook Pro i7 2013,1,Recovery,67.5,2.24,52.84,Cryptojacking,System,01:10:05.650
CoinIMP (CPU) (100%),Apple MacBook Pro i7 2013,1,Recovery,67.0,7.29,52.84,Cryptojacking,System,01:10:06.980
CoinIMP (CPU) (100%),Apple MacBook Pro i7 2013,1,Recovery,66.0,6.31,52.81,Cryptojacking,System,01:10:08.301
CoinIMP (CPU) (100%),Apple MacBook Pro i7 2013,1,Recovery,65.4,3.37,52.8,Cryptojacking,System,01:10:09.605
CoinIMP (CPU) (100%),Apple MacBook Pro i7 2013,1,Recovery,65.0,3.29,52.8,Cryptojacking,System,01:10:10.920
CoinIMP (CPU) (100%),Apple MacBook Pro i7 2013,1,Recovery,64.5,4.16,52.8,Cryptojacking,System,01:10:12.248
CoinIMP (CPU) (100%),Apple MacBook Pro i7 2013,1,Recovery,63.6,4.34,52.81,Cryptojacking,System,01:10:13.560
CoinIMP (CPU) (100%),Apple MacBook Pro i7 2013,1,Recovery,63.4,2.22,52.81,Cryptojacking,System,01:10:14.869
CoinIMP (CPU) (100%),Apple MacBook Pro i7 2013,1,Recovery,62.8,3.33,52.8,Cryptojacking,System,01:10:16.189
CoinIMP (CPU) (100%),Apple MacBook Pro i7 2013,1,Recovery,61.8,3.29,52.8,Cryptojacking,System,01:10:17.496
CoinIMP (CPU) (100%),Apple MacBook Pro i7 2013,1,Recovery,61.4,2.27,52.81,Cryptojacking,System,01:10:18.804
CoinIMP (CPU) (100%),Apple MacBook Pro i7 2013,1,Recovery,60.9,2.24,52.8,Cryptojacking,System,01:10:20.115
CoinIMP (CPU) (100%),Apple MacBook Pro i7 2013,1,Recovery,60.6,4.3,52.8,Cryptojacking,System,01:10:21.434
CoinIMP (CPU) (100%),Apple MacBook Pro i7 2013,1,Recovery,59.8,4.44,52.8,Cryptojacking,System,01:10:22.737
CoinIMP (CPU) (100%),Apple MacBook Pro i7 2013,1,Recovery,59.4,3.37,52.8,Cryptojacking,System,01:10:24.045
CoinIMP (CPU) (100%),Apple MacBook Pro i7 2013,1,Recovery,59.1,2.24,52.79,Cryptojacking,System,01:10:25.361
CoinIMP (CPU) (100%),Apple MacBook Pro i7 2013,1,Recovery,58.8,2.22,52.79,Cryptojacking,System,01:10:26.679
CoinIMP (CPU) (100%),Apple MacBook Pro i7 2013,1,Recovery,58.1,2.24,52.79,Cryptojacking,System,01:10:27.984
CoinIMP (CPU) (100%),Apple MacBook Pro i7 2013,1,Recovery,57.9,3.33,52.83,Cryptojacking,System,01:10:29.300
CoinIMP (CPU) (100%),Apple MacBook Pro i7 2013,1,Recovery,57.4,2.24,52.83,Cryptojacking,System,01:10:30.610
CoinIMP (CPU) (100%),Apple MacBook Pro i7 2013,1,Recovery,56.9,3.26,52.84,Cryptojacking,System,01:10:31.912
CoinIMP (CPU) (100%),Apple MacBook Pro i7 2013,1,Recovery,56.6,4.34,52.84,Cryptojacking,System,01:10:33.236
CoinIMP (CPU) (100%),Apple MacBook Pro i7 2013,1,Recovery,56.4,3.33,52.83,Cryptojacking,System,01:10:34.556
CoinIMP (CPU) (100%),Apple MacBook Pro i7 2013,1,Recovery,56.1,2.27,52.84,Cryptojacking,System,01:10:35.876
CoinIMP (CPU) (100%),Apple MacBook Pro i7 2013,1,Recovery,55.8,3.4,52.83,Cryptojacking,System,01:10:37.195
CoinIMP (CPU) (100%),Apple MacBook Pro i7 2013,1,Recovery,55.4,2.24,52.83,Cryptojacking,System,01:10:38.508
CoinIMP (CPU) (100%),Apple MacBook Pro i7 2013,1,Recovery,55.1,2.24,52.83,Cryptojacking,System,01:10:39.818
CoinIMP (CPU) (100%),Apple MacBook Pro i7 2013,1,Recovery,54.8,6.45,52.84,Cryptojacking,System,01:10:41.132
CoinIMP (CPU) (100%),Apple MacBook Pro i7 2013,1,Recovery,54.5,3.22,52.86,Cryptojacking,System,01:10:42.459
CoinIMP (CPU) (100%),Apple MacBook Pro i7 2013,1,Recovery,54.4,3.26,52.84,Cryptojacking,System,01:10:43.786
CoinIMP (CPU) (100%),Apple MacBook Pro i7 2013,1,Recovery,54.0,2.24,52.84,Cryptojacking,System,01:10:45.100
CoinIMP (CPU) (100%),Apple MacBook Pro i7 2013,1,Recovery,53.8,1.9,52.85,Cryptojacking,System,01:10:46.416
CoinIMP (CPU) (100%),Apple MacBook Pro i7 2013,1,Recovery,53.6,2.22,52.84,Cryptojacking,System,01:10:47.731
CoinIMP (CPU) (100%),Apple MacBook Pro i7 2013,1,Recovery,53.5,3.37,52.85,Cryptojacking,System,01:10:49.053
CoinIMP (CPU) (100%),Apple MacBook Pro i7 2013,1,Recovery,53.0,2.24,52.84,Cryptojacking,System,01:10:50.372
CoinIMP (CPU) (100%),Apple MacBook Pro i7 2013,1,Recovery,52.9,4.44,52.84,Cryptojacking,System,01:10:51.685
CoinIMP (CPU) (100%),Apple MacBook Pro i7 2013,1,Recovery,52.8,3.19,52.84,Cryptojacking,System,01:10:53.006
CoinIMP (CPU) (100%),Apple MacBook Pro i7 2013,1,Recovery,52.6,2.22,52.84,Cryptojacking,System,01:10:54.321
CoinIMP (CPU) (100%),Apple MacBook Pro i7 2013,1,Recovery,52.4,3.33,52.84,Cryptojacking,System,01:10:55.641
CoinIMP (CPU) (100%),Apple MacBook Pro i7 2013,1,Recovery,52.2,3.29,52.84,Cryptojacking,System,01:10:56.954
CoinIMP (CPU) (100%),Apple MacBook Pro i7 2013,1,Recovery,52.0,4.34,52.84,Cryptojacking,System,01:10:58.272
CoinIMP (CPU) (100%),Apple MacBook Pro i7 2013,1,Recovery,51.9,3.4,52.84,Cryptojacking,System,01:10:59.576
CoinIMP (CPU) (100%),Apple MacBook Pro i7 2013,1,Recovery,51.8,2.24,52.84,Cryptojacking,System,01:11:00.879
CoinIMP (CPU) (100%),Apple MacBook Pro i7 2013,1,Recovery,51.6,2.29,52.85,Cryptojacking,System,01:11:02.199
CoinIMP (CPU) (100%),Apple MacBook Pro i7 2013,1,Recovery,51.4,4.34,52.85,Cryptojacking,System,01:11:03.514
CoinIMP (CPU) (100%),Apple MacBook Pro i7 2013,1,Recovery,51.1,3.4,52.85,Cryptojacking,System,01:11:04.833
CoinIMP (CPU) (100%),Apple MacBook Pro i7 2013,1,Recovery,51.1,3.37,52.85,Cryptojacking,System,01:11:06.156
CoinIMP (CPU) (100%),Apple MacBook Pro i7 2013,1,Recovery,51.0,4.44,52.85,Cryptojacking,System,01:11:07.478
CoinIMP (CPU) (100%),Apple MacBook Pro i7 2013,1,Recovery,50.9,3.44,52.85,Cryptojacking,System,01:11:08.796
CoinIMP (CPU) (100%),Apple MacBook Pro i7 2013,1,Recovery,50.9,2.24,52.85,Cryptojacking,System,01:11:10.104
CoinIMP (CPU) (100%),Apple MacBook Pro i7 2013,1,Recovery,50.4,5.37,52.85,Cryptojacking,System,01:11:11.415
CoinIMP (CPU) (100%),Apple MacBook Pro i7 2013,1,Recovery,50.4,3.33,52.85,Cryptojacking,System,01:11:12.724
CoinIMP (CPU) (100%),Apple MacBook Pro i7 2013,1,Recovery,50.4,4.16,52.83,Cryptojacking,System,01:11:14.034
CoinIMP (CPU) (100%),Apple MacBook Pro i7 2013,1,Recovery,50.2,3.26,52.83,Cryptojacking,System,01:11:15.345
CoinIMP (CPU) (100%),Apple MacBook Pro i7 2013,1,Recovery,50.1,3.33,52.83,Cryptojacking,System,01:11:16.654
CoinIMP (CPU) (100%),Apple MacBook Pro i7 2013,1,Recovery,50.1,2.24,52.83,Cryptojacking,System,01:11:17.971
CoinIMP (CPU) (100%),Apple MacBook Pro i7 2013,1,Recovery,50.0,5.37,52.83,Cryptojacking,System,01:11:19.293
CoinIMP (CPU) (100%),Apple MacBook Pro i7 2013,1,Recovery,49.9,1.14,52.83,Cryptojacking,System,01:11:20.606
CoinIMP (CPU) (100%),Apple MacBook Pro i7 2013,1,Recovery,49.9,1.17,52.83,Cryptojacking,System,01:11:21.921
CoinIMP (CPU) (100%),Apple MacBook Pro i7 2013,1,Recovery,49.8,5.37,52.77,Cryptojacking,System,01:11:23.237
CoinIMP (CPU) (100%),Apple MacBook Pro i7 2013,1,Recovery,49.8,2.19,52.79,Cryptojacking,System,01:11:24.554
CoinIMP (CPU) (100%),Apple MacBook Pro i7 2013,1,Recovery,49.6,3.33,52.8,Cryptojacking,System,01:11:25.862
CoinIMP (CPU) (100%),Apple MacBook Pro i7 2013,1,Recovery,49.6,2.27,52.8,Cryptojacking,System,01:11:27.178
CoinIMP (CPU) (100%),Apple MacBook Pro i7 2013,1,Recovery,49.8,2.27,52.8,Cryptojacking,System,01:11:28.486
CoinIMP (CPU) (100%),Apple MacBook Pro i7 2013,1,Recovery,49.5,2.29,52.79,Cryptojacking,System,01:11:29.797
CoinIMP (CPU) (100%),Apple MacBook Pro i7 2013,1,Recovery,49.6,5.61,52.79,Cryptojacking,System,01:11:31.110
CoinIMP (CPU) (100%),Apple MacBook Pro i7 2013,1,Recovery,49.5,3.29,52.79,Cryptojacking,System,01:11:32.428
CoinIMP (CPU) (100%),Apple MacBook Pro i7 2013,1,Recovery,49.4,4.49,52.8,Cryptojacking,System,01:11:33.754
CoinIMP (CPU) (100%),Apple MacBook Pro i7 2013,1,Recovery,49.2,2.27,52.8,Cryptojacking,System,01:11:35.065
CoinIMP (CPU) (100%),Apple MacBook Pro i7 2013,1,Recovery,49.4,3.37,52.79,Cryptojacking,System,01:11:36.377
CoinIMP (CPU) (100%),Apple MacBook Pro i7 2013,1,Recovery,49.2,5.37,52.79,Cryptojacking,System,01:11:37.693
CoinIMP (CPU) (100%),Apple MacBook Pro i7 2013,1,Recovery,49.1,3.37,52.79,Cryptojacking,System,01:11:38.999
CoinIMP (CPU) (100%),Apple MacBook Pro i7 2013,1,Recovery,49.1,3.37,52.79,Cryptojacking,System,01:11:40.316
CoinIMP (CPU) (100%),Apple MacBook Pro i7 2013,1,Recovery,49.0,3.52,52.79,Cryptojacking,System,01:11:41.625
CoinIMP (CPU) (100%),Apple MacBook Pro i7 2013,1,Recovery,49.0,1.11,52.8,Cryptojacking,System,01:11:42.937
CoinIMP (CPU) (100%),Apple MacBook Pro i7 2013,1,Recovery,48.9,2.24,52.8,Cryptojacking,System,01:11:44.267
CoinIMP (CPU) (100%),Apple MacBook Pro i7 2013,1,Recovery,48.9,2.24,52.8,Cryptojacking,System,01:11:45.582
CoinIMP (CPU) (100%),Apple MacBook Pro i7 2013,1,Recovery,48.8,3.4,52.8,Cryptojacking,System,01:11:46.906
CoinIMP (CPU) (100%),Apple MacBook Pro i7 2013,1,Recovery,48.8,5.49,52.8,Cryptojacking,System,01:11:48.227
CoinIMP (CPU) (100%),Apple MacBook Pro i7 2013,1,Recovery,48.9,3.37,52.8,Cryptojacking,System,01:11:49.528
CoinIMP (CPU) (100%),Apple MacBook Pro i7 2013,1,Recovery,48.6,2.27,52.79,Cryptojacking,System,01:11:50.844
CoinIMP (CPU) (100%),Apple MacBook Pro i7 2013,1,Recovery,48.6,2.29,52.79,Cryptojacking,System,01:11:52.155
CoinIMP (CPU) (100%),Apple MacBook Pro i7 2013,1,Recovery,48.8,2.27,52.81,Cryptojacking,System,01:11:53.465
CoinIMP (CPU) (100%),Apple MacBook Pro i7 2013,1,Recovery,48.5,3.37,52.8,Cryptojacking,System,01:11:54.770
CoinIMP (CPU) (100%),Apple MacBook Pro i7 2013,1,Recovery,48.5,2.32,52.8,Cryptojacking,System,01:11:56.075
CoinIMP (CPU) (100%),Apple MacBook Pro i7 2013,1,Recovery,48.5,2.19,52.8,Cryptojacking,System,01:11:57.382
CoinIMP (CPU) (100%),Apple MacBook Pro i7 2013,1,Recovery,48.4,2.35,52.8,Cryptojacking,System,01:11:58.690
CoinIMP (CPU) (100%),Apple MacBook Pro i7 2013,1,Recovery,48.2,3.44,52.81,Cryptojacking,System,01:11:59.995
CoinIMP (CPU) (100%),Apple MacBook Pro i7 2013,1,Recovery,48.4,4.49,52.8,Cryptojacking,System,01:12:01.312
CoinIMP (CPU) (100%),Apple MacBook Pro i7 2013,1,Recovery,48.1,2.29,52.8,Cryptojacking,System,01:12:02.627
CoinIMP (CPU) (100%),Apple MacBook Pro i7 2013,1,Recovery,48.1,5.5,52.8,Cryptojacking,System,01:12:03.947
CoinIMP (CPU) (100%),Apple MacBook Pro i7 2013,1,Recovery,48.1,3.22,52.81,Cryptojacking,System,01:12:05.271
CoinIMP (CPU) (100%),Apple MacBook Pro i7 2013,1,Recovery,48.0,3.4,52.81,Cryptojacking,System,01:12:06.590
CoinIMP (CPU) (100%),Apple MacBook Pro i7 2013,1,Recovery,48.0,3.33,52.81,Cryptojacking,System,01:12:07.903
CoinIMP (CPU) (100%),Apple MacBook Pro i7 2013,1,Recovery,48.1,2.22,52.8,Cryptojacking,System,01:12:09.222
CoinIMP (CPU) (100%),Apple MacBook Pro i7 2013,1,Recovery,47.9,3.4,52.8,Cryptojacking,System,01:12:10.535
CoinIMP (CPU) (100%),Apple MacBook Pro i7 2013,1,Recovery,48.0,2.27,52.8,Cryptojacking,System,01:12:11.843
CoinIMP (CPU) (100%),Apple MacBook Pro i7 2013,1,Recovery,47.9,3.4,52.81,Cryptojacking,System,01:12:13.162
CoinIMP (CPU) (100%),Apple MacBook Pro i7 2013,1,Recovery,47.8,2.27,52.8,Cryptojacking,System,01:12:14.467
CoinIMP (CPU) (100%),Apple MacBook Pro i7 2013,1,Recovery,47.8,2.24,52.79,Cryptojacking,System,01:12:15.783
CoinIMP (CPU) (100%),Apple MacBook Pro i7 2013,1,Recovery,47.8,3.37,52.79,Cryptojacking,System,01:12:17.100
CoinIMP (CPU) (100%),Apple MacBook Pro i7 2013,1,Recovery,47.8,1.17,52.79,Cryptojacking,System,01:12:18.402
CoinIMP (CPU) (100%),Apple MacBook Pro i7 2013,1,Recovery,47.6,4.44,52.8,Cryptojacking,System,01:12:19.721
CoinIMP (CPU) (100%),Apple MacBook Pro i7 2013,1,Recovery,47.8,2.27,52.79,Cryptojacking,System,01:12:21.027
CoinIMP (CPU) (100%),Apple MacBook Pro i7 2013,1,Recovery,47.5,3.29,52.79,Cryptojacking,System,01:12:22.339
CoinIMP (CPU) (100%),Apple MacBook Pro i7 2013,1,Recovery,47.5,2.29,52.79,Cryptojacking,System,01:12:23.649
CoinIMP (CPU) (100%),Apple MacBook Pro i7 2013,1,Recovery,47.4,4.44,52.8,Cryptojacking,System,01:12:24.962
CoinIMP (CPU) (100%),Apple MacBook Pro i7 2013,1,Recovery,47.4,3.37,52.79,Cryptojacking,System,01:12:26.291
CoinIMP (CPU) (100%),Apple MacBook Pro i7 2013,1,Recovery,47.4,2.29,52.79,Cryptojacking,System,01:12:27.609
CoinIMP (CPU) (100%),Apple MacBook Pro i7 2013,1,Recovery,47.4,3.29,52.79,Cryptojacking,System,01:12:28.913
CoinIMP (CPU) (100%),Apple MacBook Pro i7 2013,1,Recovery,47.4,3.44,52.79,Cryptojacking,System,01:12:30.233
CoinIMP (CPU) (100%),Apple MacBook Pro i7 2013,1,Recovery,47.4,2.24,52.79,Cryptojacking,System,01:12:31.544
CoinIMP (CPU) (100%),Apple MacBook Pro i7 2013,1,Recovery,47.2,6.25,52.79,Cryptojacking,System,01:12:32.855
CoinIMP (CPU) (100%),Apple MacBook Pro i7 2013,1,Recovery,47.1,2.19,52.8,Cryptojacking,System,01:12:34.166
CoinIMP (CPU) (100%),Apple MacBook Pro i7 2013,1,Recovery,47.4,4.54,52.8,Cryptojacking,System,01:12:35.477
CoinIMP (CPU) (100%),Apple MacBook Pro i7 2013,1,Recovery,47.2,4.44,52.8,Cryptojacking,System,01:12:36.788
CoinIMP (CPU) (100%),Apple MacBook Pro i7 2013,1,Recovery,47.1,1.12,52.8,Cryptojacking,System,01:12:38.102
CoinIMP (CPU) (100%),Apple MacBook Pro i7 2013,1,Recovery,47.1,2.24,52.81,Cryptojacking,System,01:12:39.420
CoinIMP (CPU) (100%),Apple MacBook Pro i7 2013,1,Recovery,47.1,2.27,52.8,Cryptojacking,System,01:12:40.734
CoinIMP (CPU) (100%),Apple MacBook Pro i7 2013,1,Recovery,46.9,2.22,52.83,Cryptojacking,System,01:12:42.050
CoinIMP (CPU) (100%),Apple MacBook Pro i7 2013,1,Recovery,46.9,3.26,52.84,Cryptojacking,System,01:12:43.365
CoinIMP (CPU) (100%),Apple MacBook Pro i7 2013,1,Recovery,46.9,2.24,52.84,Cryptojacking,System,01:12:44.672
CoinIMP (CPU) (100%),Apple MacBook Pro i7 2013,1,Recovery,47.0,2.27,52.84,Cryptojacking,System,01:12:45.980
CoinIMP (CPU) (100%),Apple MacBook Pro i7 2013,1,Recovery,46.9,4.34,52.8,Cryptojacking,System,01:12:47.295
CoinIMP (CPU) (100%),Apple MacBook Pro i7 2013,1,Recovery,46.9,3.4,52.79,Cryptojacking,System,01:12:48.599
CoinIMP (CPU) (100%),Apple MacBook Pro i7 2013,1,Recovery,46.9,3.37,52.8,Cryptojacking,System,01:12:49.912
CoinIMP (CPU) (100%),Apple MacBook Pro i7 2013,1,Recovery,46.6,2.22,52.8,Cryptojacking,System,01:12:51.230
CoinIMP (CPU) (100%),Apple MacBook Pro i7 2013,1,Recovery,46.8,3.4,52.8,Cryptojacking,System,01:12:52.543
CoinIMP (CPU) (100%),Apple MacBook Pro i7 2013,1,Recovery,46.8,3.29,52.8,Cryptojacking,System,01:12:53.858
CoinIMP (CPU) (100%),Apple MacBook Pro i7 2013,1,Recovery,46.8,1.13,52.8,Cryptojacking,System,01:12:55.184
CoinIMP (CPU) (100%),Apple MacBook Pro i7 2013,1,Recovery,46.6,3.29,52.8,Cryptojacking,System,01:12:56.491
CoinIMP (CPU) (100%),Apple MacBook Pro i7 2013,1,Recovery,46.8,2.24,52.8,Cryptojacking,System,01:12:57.808
CoinIMP (CPU) (100%),Apple MacBook Pro i7 2013,1,Recovery,46.6,1.17,52.79,Cryptojacking,System,01:12:59.116
CoinIMP (CPU) (100%),Apple MacBook Pro i7 2013,1,Recovery,46.8,4.25,52.8,Cryptojacking,System,01:13:00.421
CoinIMP (CPU) (100%),Apple MacBook Pro i7 2013,1,Recovery,46.6,2.32,52.8,Cryptojacking,System,01:13:01.739
CoinIMP (CPU) (100%),Apple MacBook Pro i7 2013,1,Recovery,46.6,2.27,52.79,Cryptojacking,System,01:13:03.059
CoinIMP (CPU) (100%),Apple MacBook Pro i7 2013,1,Recovery,46.5,2.24,52.8,Cryptojacking,System,01:13:04.372
CoinIMP (CPU) (100%),Apple MacBook Pro i7 2013,1,Recovery,46.4,2.27,52.84,Cryptojacking,System,01:13:05.683
CoinIMP (CPU) (100%),Apple MacBook Pro i7 2013,1,Recovery,46.5,4.34,52.84,Cryptojacking,System,01:13:06.990
CoinIMP (CPU) (100%),Apple MacBook Pro i7 2013,1,Recovery,46.5,4.3,52.84,Cryptojacking,System,01:13:08.322
CoinIMP (CPU) (100%),Apple MacBook Pro i7 2013,1,Recovery,46.4,2.27,52.84,Cryptojacking,System,01:13:09.636
CoinIMP (CPU) (100%),Apple MacBook Pro i7 2013,1,Recovery,46.4,3.22,52.84,Cryptojacking,System,01:13:10.938
CoinIMP (CPU) (100%),Apple MacBook Pro i7 2013,1,Recovery,46.2,5.31,52.84,Cryptojacking,System,01:13:12.250
CoinIMP (CPU) (100%),Apple MacBook Pro i7 2013,1,Recovery,46.4,2.22,52.9,Cryptojacking,System,01:13:13.567
CoinIMP (CPU) (100%),Apple MacBook Pro i7 2013,1,Recovery,46.2,5.55,52.91,Cryptojacking,System,01:13:14.875
CoinIMP (CPU) (100%),Apple MacBook Pro i7 2013,1,Recovery,46.4,3.29,52.91,Cryptojacking,System,01:13:16.202
CoinIMP (CPU) (100%),Apple MacBook Pro i7 2013,1,Recovery,46.4,5.37,52.91,Cryptojacking,System,01:13:17.515
CoinIMP (CPU) (100%),Apple MacBook Pro i7 2013,1,Recovery,46.5,3.29,52.89,Cryptojacking,System,01:13:18.822
CoinIMP (CPU) (100%),Apple MacBook Pro i7 2013,1,Recovery,46.4,3.29,52.89,Cryptojacking,System,01:13:20.140
CoinIMP (CPU) (100%),Apple MacBook Pro i7 2013,1,Recovery,46.4,2.32,52.89,Cryptojacking,System,01:13:21.447
CoinIMP (CPU) (100%),Apple MacBook Pro i7 2013,1,Recovery,46.4,3.33,52.85,Cryptojacking,System,01:13:22.767
CoinIMP (CPU) (100%),Apple MacBook Pro i7 2013,1,Recovery,46.1,2.24,52.85,Cryptojacking,System,01:13:24.079
CoinIMP (CPU) (100%),Apple MacBook Pro i7 2013,1,Recovery,46.0,2.22,52.85,Cryptojacking,System,01:13:25.391
CoinIMP (CPU) (100%),Apple MacBook Pro i7 2013,1,Recovery,46.2,4.49,52.91,Cryptojacking,System,01:13:26.713
CoinIMP (CPU) (100%),Apple MacBook Pro i7 2013,1,Recovery,46.0,3.33,52.91,Cryptojacking,System,01:13:28.037
CoinIMP (CPU) (100%),Apple MacBook Pro i7 2013,1,Recovery,46.1,2.29,52.91,Cryptojacking,System,01:13:29.345
CoinIMP (CPU) (100%),Apple MacBook Pro i7 2013,1,Recovery,46.1,3.37,52.91,Cryptojacking,System,01:13:30.662
CoinIMP (CPU) (100%),Apple MacBook Pro i7 2013,1,Recovery,46.1,2.24,52.91,Cryptojacking,System,01:13:31.980
CoinIMP (CPU) (100%),Apple MacBook Pro i7 2013,1,Recovery,46.0,5.31,52.9,Cryptojacking,System,01:13:33.294
CoinIMP (CPU) (100%),Apple MacBook Pro i7 2013,1,Recovery,46.0,1.12,52.91,Cryptojacking,System,01:13:34.600
CoinIMP (CPU) (100%),Apple MacBook Pro i7 2013,1,Recovery,46.1,3.4,52.91,Cryptojacking,System,01:13:35.907
CoinIMP (CPU) (100%),Apple MacBook Pro i7 2013,1,Recovery,46.0,4.34,52.92,Cryptojacking,System,01:13:37.237
CoinIMP (CPU) (100%),Apple MacBook Pro i7 2013,1,Recovery,46.0,3.22,52.9,Cryptojacking,System,01:13:38.559
CoinIMP (CPU) (100%),Apple MacBook Pro i7 2013,1,Recovery,45.9,3.22,52.9,Cryptojacking,System,01:13:39.882
CoinIMP (CPU) (100%),Apple MacBook Pro i7 2013,1,Recovery,46.0,3.29,52.9,Cryptojacking,System,01:13:41.196
CoinIMP (CPU) (100%),Apple MacBook Pro i7 2013,1,Recovery,45.9,3.33,52.9,Cryptojacking,System,01:13:42.498
CoinIMP (CPU) (100%),Apple MacBook Pro i7 2013,1,Recovery,45.9,5.31,52.9,Cryptojacking,System,01:13:43.831
CoinIMP (CPU) (100%),Apple MacBook Pro i7 2013,1,Recovery,45.9,4.34,52.9,Cryptojacking,System,01:13:45.146
CoinIMP (CPU) (100%),Apple MacBook Pro i7 2013,1,Recovery,45.9,3.37,52.9,Cryptojacking,System,01:13:46.460
CoinIMP (CPU) (100%),Apple MacBook Pro i7 2013,1,Recovery,45.9,2.27,52.88,Cryptojacking,System,01:13:47.769
CoinIMP (CPU) (100%),Apple MacBook Pro i7 2013,1,Recovery,45.9,3.26,52.88,Cryptojacking,System,01:13:49.081
CoinIMP (CPU) (100%),Apple MacBook Pro i7 2013,1,Recovery,45.6,6.25,52.88,Cryptojacking,System,01:13:50.395
CoinIMP (CPU) (100%),Apple MacBook Pro i7 2013,1,Recovery,45.8,1.14,52.88,Cryptojacking,System,01:13:51.715
CoinIMP (CPU) (100%),Apple MacBook Pro i7 2013,1,Recovery,45.8,2.19,52.88,Cryptojacking,System,01:13:53.026
CoinIMP (CPU) (100%),Apple MacBook Pro i7 2013,1,Recovery,45.6,3.33,52.88,Cryptojacking,System,01:13:54.335
CoinIMP (CPU) (100%),Apple MacBook Pro i7 2013,1,Recovery,45.8,3.33,52.88,Cryptojacking,System,01:13:55.648
CoinIMP (CPU) (100%),Apple MacBook Pro i7 2013,1,Recovery,45.8,4.49,52.88,Cryptojacking,System,01:13:56.959
CoinIMP (CPU) (100%),Apple MacBook Pro i7 2013,1,Recovery,45.6,6.6,52.89,Cryptojacking,System,01:13:58.278
CoinIMP (CPU) (100%),Apple MacBook Pro i7 2013,1,Recovery,45.8,2.24,52.89,Cryptojacking,System,01:13:59.583
CoinIMP (CPU) (100%),Apple MacBook Pro i7 2013,1,Recovery,45.6,4.54,52.89,Cryptojacking,System,01:14:00.899
CoinIMP (CPU) (100%),Apple MacBook Pro i7 2013,1,Recovery,45.5,3.33,52.89,Cryptojacking,System,01:14:02.221
CoinIMP (CPU) (100%),Apple MacBook Pro i7 2013,1,Recovery,45.6,6.59,52.9,Cryptojacking,System,01:14:03.530
CoinIMP (CPU) (100%),Apple MacBook Pro i7 2013,1,Recovery,45.5,2.29,52.92,Cryptojacking,System,01:14:04.842
CoinIMP (CPU) (100%),Apple MacBook Pro i7 2013,1,Recovery,45.6,3.37,52.91,Cryptojacking,System,01:14:06.164
CoinIMP (CPU) (100%),Apple MacBook Pro i7 2013,1,Recovery,45.6,2.29,52.91,Cryptojacking,System,01:14:07.477
CoinIMP (CPU) (100%),Apple MacBook Pro i7 2013,1,Recovery,45.5,5.31,52.91,Cryptojacking,System,01:14:08.798
CoinIMP (CPU) (100%),Apple MacBook Pro i7 2013,1,Recovery,45.5,2.29,52.92,Cryptojacking,System,01:14:10.121
CoinIMP (CPU) (100%),Apple MacBook Pro i7 2013,1,Recovery,45.8,2.24,52.91,Cryptojacking,System,01:14:11.429
CoinIMP (CPU) (100%),Apple MacBook Pro i7 2013,1,Recovery,45.5,2.24,52.91,Cryptojacking,System,01:14:12.741
CoinIMP (CPU) (100%),Apple MacBook Pro i7 2013,1,Recovery,45.5,4.25,52.92,Cryptojacking,System,01:14:14.061
CoinIMP (CPU) (100%),Apple MacBook Pro i7 2013,1,Recovery,45.4,2.17,52.92,Cryptojacking,System,01:14:15.372
CoinIMP (CPU) (100%),Apple MacBook Pro i7 2013,1,Recovery,45.5,1.14,52.92,Cryptojacking,System,01:14:16.678
CoinIMP (CPU) (100%),Apple MacBook Pro i7 2013,1,Recovery,45.4,3.37,52.91,Cryptojacking,System,01:14:17.992
CoinIMP (CPU) (100%),Apple MacBook Pro i7 2013,1,Recovery,45.4,4.21,52.92,Cryptojacking,System,01:14:19.306
CoinIMP (CPU) (100%),Apple MacBook Pro i7 2013,1,Recovery,45.4,2.29,52.91,Cryptojacking,System,01:14:20.621
CoinIMP (CPU) (100%),Apple MacBook Pro i7 2013,1,Recovery,45.2,2.29,52.91,Cryptojacking,System,01:14:21.934
CoinIMP (CPU) (100%),Apple MacBook Pro i7 2013,1,Recovery,45.4,6.12,52.92,Cryptojacking,System,01:14:23.260
CoinIMP (CPU) (100%),Apple MacBook Pro i7 2013,1,Recovery,45.4,2.27,52.92,Cryptojacking,System,01:14:24.564
CoinIMP (CPU) (100%),Apple MacBook Pro i7 2013,1,Recovery,45.1,2.29,52.92,Cryptojacking,System,01:14:25.869
CoinIMP (CPU) (100%),Apple MacBook Pro i7 2013,1,Recovery,45.4,2.22,52.92,Cryptojacking,System,01:14:27.185
CoinIMP (CPU) (100%),Apple MacBook Pro i7 2013,1,Recovery,45.2,3.33,52.92,Cryptojacking,System,01:14:28.494
CoinIMP (CPU) (100%),Apple MacBook Pro i7 2013,1,Recovery,45.2,5.31,52.92,Cryptojacking,System,01:14:29.818
CoinIMP (CPU) (100%),Apple MacBook Pro i7 2013,1,Recovery,45.2,2.32,52.92,Cryptojacking,System,01:14:31.144
CoinIMP (CPU) (100%),Apple MacBook Pro i7 2013,1,Recovery,45.2,1.14,52.92,Cryptojacking,System,01:14:32.448
CoinIMP (CPU) (100%),Apple MacBook Pro i7 2013,1,Recovery,45.1,2.22,52.92,Cryptojacking,System,01:14:33.771
CoinIMP (CPU) (100%),Apple MacBook Pro i7 2013,1,Recovery,45.0,2.24,52.92,Cryptojacking,System,01:14:35.099
CoinIMP (CPU) (100%),Apple MacBook Pro i7 2013,1,Recovery,45.0,3.37,52.92,Cryptojacking,System,01:14:36.407
CoinIMP (CPU) (100%),Apple MacBook Pro i7 2013,1,Recovery,44.9,3.33,52.92,Cryptojacking,System,01:14:37.724
CoinIMP (CPU) (100%),Apple MacBook Pro i7 2013,1,Recovery,45.0,2.32,52.94,Cryptojacking,System,01:14:39.050
CoinIMP (CPU) (100%),Apple MacBook Pro i7 2013,1,Recovery,45.0,4.44,52.92,Cryptojacking,System,01:14:40.360
CoinIMP (CPU) (100%),Apple MacBook Pro i7 2013,1,Recovery,44.9,2.27,52.95,Cryptojacking,System,01:14:41.670
CoinIMP (CPU) (100%),Apple MacBook Pro i7 2013,1,Recovery,45.2,2.24,52.95,Cryptojacking,System,01:14:42.978
CoinIMP (CPU) (100%),Apple MacBook Pro i7 2013,1,Recovery,45.0,4.25,52.96,Cryptojacking,System,01:14:44.288
CoinIMP (CPU) (100%),Apple MacBook Pro i7 2013,1,Recovery,45.0,3.26,52.96,Cryptojacking,System,01:14:45.614
CoinIMP (CPU) (100%),Apple MacBook Pro i7 2013,1,Recovery,44.9,2.27,52.94,Cryptojacking,System,01:14:46.920
CoinIMP (CPU) (100%),Apple MacBook Pro i7 2013,1,Recovery,45.0,3.29,52.94,Cryptojacking,System,01:14:48.235
CoinIMP (CPU) (100%),Apple MacBook Pro i7 2013,1,Recovery,44.9,4.39,52.94,Cryptojacking,System,01:14:49.545
CoinIMP (CPU) (100%),Apple MacBook Pro i7 2013,1,Recovery,45.0,3.29,52.94,Cryptojacking,System,01:14:50.854
CoinIMP (CPU) (100%),Apple MacBook Pro i7 2013,1,Recovery,44.9,7.36,52.94,Cryptojacking,System,01:14:52.181
CoinIMP (CPU) (100%),Apple MacBook Pro i7 2013,1,Recovery,44.9,3.29,52.94,Cryptojacking,System,01:14:53.488
CoinIMP (CPU) (100%),Apple MacBook Pro i7 2013,1,Recovery,44.8,3.33,52.94,Cryptojacking,System,01:14:54.798
CoinIMP (CPU) (100%),Apple MacBook Pro i7 2013,1,Recovery,44.9,2.32,52.92,Cryptojacking,System,01:14:56.123
CoinIMP (CPU) (100%),Apple MacBook Pro i7 2013,1,Recovery,44.9,3.44,52.92,Cryptojacking,System,01:14:57.427
CoinIMP (CPU) (100%),Apple MacBook Pro i7 2013,1,Recovery,44.9,6.45,52.92,Cryptojacking,System,01:14:58.747
CoinIMP (CPU) (100%),Apple MacBook Pro i7 2013,1,Recovery,44.9,3.4,52.92,Cryptojacking,System,01:15:00.076
CoinIMP (CPU) (100%),Apple MacBook Pro i7 2013,1,Recovery,44.8,1.12,52.92,Cryptojacking,System,01:15:01.381
CoinIMP (CPU) (100%),Apple MacBook Pro i7 2013,1,Recovery,44.8,3.33,52.92,Cryptojacking,System,01:15:02.689
CoinIMP (CPU) (100%),Apple MacBook Pro i7 2013,1,Recovery,44.8,5.2,52.94,Cryptojacking,System,01:15:03.999
CoinIMP (CPU) (100%),Apple MacBook Pro i7 2013,1,Recovery,44.8,3.26,52.94,Cryptojacking,System,01:15:05.326
CoinIMP (CPU) (100%),Apple MacBook Pro i7 2013,1,Recovery,44.8,4.39,52.99,Cryptojacking,System,01:15:06.655
CoinIMP (CPU) (100%),Apple MacBook Pro i7 2013,1,Recovery,44.8,5.26,53.0,Cryptojacking,System,01:15:07.973
CoinIMP (CPU) (100%),Apple MacBook Pro i7 2013,1,Recovery,44.9,3.37,52.99,Cryptojacking,System,01:15:09.284
CoinIMP (CPU) (100%),Apple MacBook Pro i7 2013,1,Recovery,44.8,5.31,53.1,Cryptojacking,System,01:15:10.610
