Timestamp;CPU Core #1;CPU Core #2;CPU Core #3;CPU Core #4;CPU Package;CPU Package Power;CPU Cores Power;CPU Graphics Power;GPU Core
2025-04-03 03:52:36;71,0 �C;74,0 �C;74,0 �C;72,0 �C;75,0 �C;21,4 W;17,5 W;0,5 W;0,0 �C
2025-04-03 03:52:38;69,0 �C;71,0 �C;69,0 �C;73,0 �C;73,0 �C;15,0 W;11,1 W;0,6 W;0,0 �C
2025-04-03 03:52:40;70,0 �C;71,0 �C;69,0 �C;71,0 �C;71,0 �C;16,1 W;12,0 W;0,8 W;0,0 �C
2025-04-03 03:52:42;67,0 �C;69,0 �C;66,0 �C;67,0 �C;69,0 �C;7,9 W;5,0 W;0,0 W;0,0 �C
2025-04-03 03:52:44;66,0 �C;70,0 �C;67,0 �C;67,0 �C;70,0 �C;8,0 W;5,1 W;0,0 W;0,0 �C
2025-04-03 03:52:46;67,0 �C;68,0 �C;66,0 �C;66,0 �C;70,0 �C;8,0 W;5,1 W;0,0 W;0,0 �C
2025-04-03 03:52:48;74,0 �C;74,0 �C;74,0 �C;74,0 �C;74,0 �C;9,5 W;6,5 W;0,0 W;0,0 �C
2025-04-03 03:52:50;66,0 �C;68,0 �C;66,0 �C;68,0 �C;68,0 �C;8,5 W;5,5 W;0,0 W;0,0 �C
2025-04-03 03:52:52;68,0 �C;68,0 �C;68,0 �C;66,0 �C;68,0 �C;8,2 W;5,3 W;0,0 W;0,0 �C
2025-04-03 03:52:54;69,0 �C;69,0 �C;70,0 �C;69,0 �C;70,0 �C;8,8 W;5,9 W;0,0 W;0,0 �C
2025-04-03 03:52:56;67,0 �C;67,0 �C;67,0 �C;67,0 �C;68,0 �C;7,8 W;4,9 W;0,0 W;0,0 �C
2025-04-03 03:52:58;65,0 �C;68,0 �C;66,0 �C;64,0 �C;68,0 �C;8,2 W;5,3 W;0,0 W;0,0 �C
2025-04-03 03:53:00;65,0 �C;65,0 �C;65,0 �C;65,0 �C;65,0 �C;9,3 W;6,4 W;0,0 W;0,0 �C
2025-04-03 03:53:02;64,0 �C;64,0 �C;64,0 �C;64,0 �C;64,0 �C;9,3 W;6,4 W;0,0 W;0,0 �C
2025-04-03 03:53:04;61,0 �C;61,0 �C;61,0 �C;61,0 �C;61,0 �C;8,1 W;5,2 W;0,0 W;0,0 �C
2025-04-03 03:53:06;65,0 �C;65,0 �C;65,0 �C;64,0 �C;65,0 �C;8,3 W;5,4 W;0,0 W;0,0 �C
2025-04-03 03:53:08;64,0 �C;65,0 �C;63,0 �C;64,0 �C;65,0 �C;8,0 W;5,1 W;0,0 W;0,0 �C
2025-04-03 03:53:10;67,0 �C;67,0 �C;67,0 �C;67,0 �C;67,0 �C;7,9 W;5,0 W;0,0 W;0,0 �C
2025-04-03 03:53:12;63,0 �C;65,0 �C;64,0 �C;64,0 �C;65,0 �C;6,9 W;4,0 W;0,0 W;0,0 �C
2025-04-03 03:53:14;62,0 �C;62,0 �C;62,0 �C;62,0 �C;62,0 �C;8,3 W;5,4 W;0,0 W;0,0 �C
2025-04-03 03:53:16;63,0 �C;63,0 �C;63,0 �C;63,0 �C;63,0 �C;7,6 W;4,7 W;0,0 W;0,0 �C
2025-04-03 03:53:18;64,0 �C;64,0 �C;62,0 �C;64,0 �C;65,0 �C;7,1 W;4,3 W;0,0 W;0,0 �C
2025-04-03 03:53:20;58,0 �C;58,0 �C;58,0 �C;58,0 �C;59,0 �C;7,5 W;4,6 W;0,0 W;0,0 �C
2025-04-03 03:53:22;66,0 �C;66,0 �C;66,0 �C;65,0 �C;66,0 �C;7,0 W;4,1 W;0,0 W;0,0 �C
2025-04-03 03:53:24;64,0 �C;64,0 �C;62,0 �C;64,0 �C;64,0 �C;7,6 W;4,7 W;0,0 W;0,0 �C
2025-04-03 03:53:26;63,0 �C;63,0 �C;67,0 �C;63,0 �C;67,0 �C;8,5 W;5,6 W;0,0 W;0,0 �C
2025-04-03 03:53:28;64,0 �C;64,0 �C;63,0 �C;62,0 �C;64,0 �C;8,1 W;5,2 W;0,0 W;0,0 �C
2025-04-03 03:53:30;65,0 �C;65,0 �C;65,0 �C;65,0 �C;65,0 �C;7,7 W;4,9 W;0,0 W;0,0 �C
2025-04-03 03:53:32;64,0 �C;63,0 �C;62,0 �C;63,0 �C;65,0 �C;7,1 W;4,3 W;0,0 W;0,0 �C
2025-04-03 03:53:34;64,0 �C;64,0 �C;64,0 �C;64,0 �C;64,0 �C;8,4 W;5,5 W;0,0 W;0,0 �C
2025-04-03 03:53:36;69,0 �C;64,0 �C;67,0 �C;64,0 �C;68,0 �C;7,6 W;4,8 W;0,0 W;0,0 �C
2025-04-03 03:53:38;61,0 �C;61,0 �C;61,0 �C;61,0 �C;61,0 �C;7,5 W;4,7 W;0,0 W;0,0 �C
2025-04-03 03:53:40;65,0 �C;63,0 �C;63,0 �C;62,0 �C;66,0 �C;8,3 W;5,4 W;0,0 W;0,0 �C
2025-04-03 03:53:42;62,0 �C;66,0 �C;66,0 �C;66,0 �C;66,0 �C;8,5 W;5,6 W;0,0 W;0,0 �C
2025-04-03 03:53:44;63,0 �C;64,0 �C;62,0 �C;63,0 �C;64,0 �C;8,5 W;5,6 W;0,0 W;0,0 �C
2025-04-03 03:53:46;62,0 �C;62,0 �C;61,0 �C;62,0 �C;62,0 �C;7,4 W;4,6 W;0,0 W;0,0 �C
2025-04-03 03:53:48;60,0 �C;60,0 �C;60,0 �C;60,0 �C;60,0 �C;7,6 W;4,7 W;0,0 W;0,0 �C
2025-04-03 03:53:51;64,0 �C;64,0 �C;64,0 �C;64,0 �C;64,0 �C;8,2 W;5,4 W;0,0 W;0,0 �C
2025-04-03 03:53:53;62,0 �C;64,0 �C;61,0 �C;61,0 �C;64,0 �C;7,5 W;4,6 W;0,0 W;0,0 �C
2025-04-03 03:53:55;69,0 �C;70,0 �C;69,0 �C;69,0 �C;69,0 �C;7,8 W;4,9 W;0,0 W;0,0 �C
2025-04-03 03:53:57;57,0 �C;57,0 �C;57,0 �C;57,0 �C;58,0 �C;8,3 W;5,4 W;0,0 W;0,0 �C
2025-04-03 03:53:59;61,0 �C;61,0 �C;59,0 �C;66,0 �C;66,0 �C;8,4 W;5,5 W;0,0 W;0,0 �C
2025-04-03 03:54:01;64,0 �C;64,0 �C;64,0 �C;64,0 �C;64,0 �C;7,9 W;5,0 W;0,0 W;0,0 �C
2025-04-03 03:54:03;61,0 �C;61,0 �C;59,0 �C;61,0 �C;61,0 �C;7,4 W;4,5 W;0,0 W;0,0 �C
2025-04-03 03:54:05;66,0 �C;66,0 �C;66,0 �C;66,0 �C;66,0 �C;8,3 W;5,4 W;0,0 W;0,0 �C
2025-04-03 03:54:07;60,0 �C;60,0 �C;60,0 �C;60,0 �C;60,0 �C;7,6 W;4,8 W;0,0 W;0,0 �C
2025-04-03 03:54:09;57,0 �C;57,0 �C;57,0 �C;57,0 �C;58,0 �C;8,8 W;5,9 W;0,0 W;0,0 �C
2025-04-03 03:54:11;62,0 �C;62,0 �C;62,0 �C;63,0 �C;65,0 �C;8,0 W;5,1 W;0,0 W;0,0 �C
2025-04-03 03:54:13;65,0 �C;66,0 �C;64,0 �C;63,0 �C;66,0 �C;8,3 W;5,4 W;0,0 W;0,0 �C
2025-04-03 03:54:15;62,0 �C;62,0 �C;62,0 �C;62,0 �C;62,0 �C;7,3 W;4,5 W;0,0 W;0,0 �C
2025-04-03 03:54:17;62,0 �C;62,0 �C;61,0 �C;62,0 �C;62,0 �C;8,4 W;5,5 W;0,0 W;0,0 �C
2025-04-03 03:54:19;63,0 �C;64,0 �C;62,0 �C;62,0 �C;64,0 �C;7,3 W;4,4 W;0,0 W;0,0 �C
2025-04-03 03:54:21;61,0 �C;61,0 �C;59,0 �C;62,0 �C;62,0 �C;8,4 W;5,5 W;0,0 W;0,0 �C
2025-04-03 03:54:23;63,0 �C;63,0 �C;60,0 �C;63,0 �C;65,0 �C;8,4 W;5,5 W;0,0 W;0,0 �C
2025-04-03 03:54:25;60,0 �C;62,0 �C;61,0 �C;61,0 �C;61,0 �C;6,9 W;4,1 W;0,0 W;0,0 �C
2025-04-03 03:54:27;61,0 �C;61,0 �C;60,0 �C;62,0 �C;64,0 �C;8,4 W;5,5 W;0,0 W;0,0 �C
2025-04-03 03:54:29;63,0 �C;63,0 �C;63,0 �C;63,0 �C;63,0 �C;8,1 W;5,2 W;0,0 W;0,0 �C
2025-04-03 03:54:31;61,0 �C;61,0 �C;61,0 �C;61,0 �C;61,0 �C;7,6 W;4,7 W;0,0 W;0,0 �C
2025-04-03 03:54:33;62,0 �C;62,0 �C;59,0 �C;62,0 �C;62,0 �C;7,8 W;4,9 W;0,0 W;0,0 �C
2025-04-03 03:54:35;61,0 �C;61,0 �C;61,0 �C;61,0 �C;61,0 �C;8,2 W;5,2 W;0,0 W;0,0 �C
2025-04-03 03:54:37;61,0 �C;61,0 �C;61,0 �C;61,0 �C;61,0 �C;9,5 W;6,6 W;0,0 W;0,0 �C
2025-04-03 03:54:39;60,0 �C;66,0 �C;60,0 �C;66,0 �C;66,0 �C;8,6 W;5,7 W;0,0 W;0,0 �C
2025-04-03 03:54:41;60,0 �C;60,0 �C;60,0 �C;60,0 �C;60,0 �C;8,5 W;5,5 W;0,0 W;0,0 �C
2025-04-03 03:54:43;66,0 �C;64,0 �C;60,0 �C;63,0 �C;66,0 �C;9,0 W;5,9 W;0,0 W;0,0 �C
2025-04-03 03:54:45;57,0 �C;57,0 �C;57,0 �C;57,0 �C;57,0 �C;7,6 W;4,7 W;0,0 W;0,0 �C
2025-04-03 03:54:47;62,0 �C;61,0 �C;58,0 �C;61,0 �C;63,0 �C;7,8 W;4,9 W;0,0 W;0,0 �C
2025-04-03 03:54:49;60,0 �C;60,0 �C;58,0 �C;61,0 �C;61,0 �C;7,3 W;4,4 W;0,0 W;0,0 �C
2025-04-03 03:54:51;60,0 �C;60,0 �C;59,0 �C;61,0 �C;61,0 �C;8,1 W;5,2 W;0,0 W;0,0 �C
2025-04-03 03:54:53;61,0 �C;62,0 �C;58,0 �C;61,0 �C;64,0 �C;8,0 W;5,1 W;0,0 W;0,0 �C
2025-04-03 03:54:55;61,0 �C;61,0 �C;61,0 �C;61,0 �C;61,0 �C;8,3 W;5,4 W;0,0 W;0,0 �C
2025-04-03 03:54:57;61,0 �C;67,0 �C;65,0 �C;60,0 �C;65,0 �C;8,3 W;5,4 W;0,0 W;0,0 �C
2025-04-03 03:54:59;61,0 �C;61,0 �C;61,0 �C;61,0 �C;61,0 �C;12,2 W;9,2 W;0,0 W;0,0 �C
2025-04-03 03:55:01;60,0 �C;60,0 �C;58,0 �C;60,0 �C;60,0 �C;8,1 W;5,2 W;0,0 W;0,0 �C
2025-04-03 03:55:03;58,0 �C;58,0 �C;58,0 �C;58,0 �C;58,0 �C;7,4 W;4,6 W;0,0 W;0,0 �C
2025-04-03 03:55:05;61,0 �C;61,0 �C;61,0 �C;61,0 �C;61,0 �C;7,2 W;4,4 W;0,0 W;0,0 �C
2025-04-03 03:55:07;63,0 �C;63,0 �C;63,0 �C;63,0 �C;63,0 �C;8,1 W;5,3 W;0,0 W;0,0 �C
2025-04-03 03:55:09;62,0 �C;61,0 �C;60,0 �C;61,0 �C;62,0 �C;8,8 W;5,9 W;0,0 W;0,0 �C
2025-04-03 03:55:11;63,0 �C;60,0 �C;58,0 �C;61,0 �C;65,0 �C;8,1 W;5,1 W;0,0 W;0,0 �C
2025-04-03 03:55:13;59,0 �C;59,0 �C;59,0 �C;59,0 �C;59,0 �C;7,7 W;4,8 W;0,0 W;0,0 �C
2025-04-03 03:55:15;61,0 �C;61,0 �C;59,0 �C;60,0 �C;62,0 �C;7,8 W;4,9 W;0,0 W;0,0 �C
2025-04-03 03:55:17;55,0 �C;55,0 �C;55,0 �C;55,0 �C;56,0 �C;8,2 W;5,3 W;0,0 W;0,0 �C
2025-04-03 03:55:19;60,0 �C;60,0 �C;60,0 �C;60,0 �C;61,0 �C;8,8 W;5,9 W;0,0 W;0,0 �C
2025-04-03 03:55:21;59,0 �C;62,0 �C;57,0 �C;60,0 �C;62,0 �C;7,7 W;4,8 W;0,0 W;0,0 �C
2025-04-03 03:55:23;60,0 �C;61,0 �C;58,0 �C;60,0 �C;61,0 �C;7,2 W;4,4 W;0,0 W;0,0 �C
2025-04-03 03:55:25;60,0 �C;60,0 �C;57,0 �C;60,0 �C;63,0 �C;7,8 W;5,0 W;0,0 W;0,0 �C
2025-04-03 03:55:27;63,0 �C;63,0 �C;63,0 �C;63,0 �C;63,0 �C;7,6 W;4,8 W;0,0 W;0,0 �C
2025-04-03 03:55:29;65,0 �C;61,0 �C;59,0 �C;62,0 �C;66,0 �C;8,4 W;5,5 W;0,0 W;0,0 �C
2025-04-03 03:55:31;59,0 �C;61,0 �C;57,0 �C;65,0 �C;65,0 �C;7,7 W;4,9 W;0,0 W;0,0 �C
2025-04-03 03:55:33;60,0 �C;62,0 �C;60,0 �C;61,0 �C;62,0 �C;8,0 W;5,1 W;0,0 W;0,0 �C
2025-04-03 03:55:35;59,0 �C;60,0 �C;56,0 �C;59,0 �C;60,0 �C;6,5 W;3,8 W;0,0 W;0,0 �C
2025-04-03 03:55:37;57,0 �C;57,0 �C;57,0 �C;57,0 �C;57,0 �C;7,3 W;4,4 W;0,0 W;0,0 �C
2025-04-03 03:55:39;63,0 �C;63,0 �C;63,0 �C;63,0 �C;63,0 �C;7,3 W;4,6 W;0,0 W;0,0 �C
2025-04-03 03:55:41;60,0 �C;59,0 �C;56,0 �C;59,0 �C;60,0 �C;6,9 W;4,0 W;0,0 W;0,0 �C
2025-04-03 03:55:43;62,0 �C;62,0 �C;62,0 �C;62,0 �C;62,0 �C;7,1 W;4,3 W;0,0 W;0,0 �C
2025-04-03 03:55:45;60,0 �C;60,0 �C;60,0 �C;60,0 �C;60,0 �C;7,8 W;4,9 W;0,0 W;0,0 �C
2025-04-03 03:55:47;60,0 �C;60,0 �C;59,0 �C;60,0 �C;60,0 �C;7,4 W;4,6 W;0,0 W;0,0 �C
2025-04-03 03:55:49;59,0 �C;59,0 �C;56,0 �C;59,0 �C;60,0 �C;6,9 W;4,1 W;0,0 W;0,0 �C
2025-04-03 03:55:51;63,0 �C;63,0 �C;63,0 �C;63,0 �C;63,0 �C;6,9 W;4,1 W;0,0 W;0,0 �C
2025-04-03 03:55:53;60,0 �C;59,0 �C;56,0 �C;61,0 �C;61,0 �C;7,6 W;4,7 W;0,0 W;0,0 �C
2025-04-03 03:55:55;59,0 �C;59,0 �C;57,0 �C;58,0 �C;59,0 �C;7,5 W;4,7 W;0,0 W;0,0 �C
2025-04-03 03:55:57;56,0 �C;56,0 �C;56,0 �C;56,0 �C;56,0 �C;7,2 W;4,3 W;0,0 W;0,0 �C
2025-04-03 03:55:59;61,0 �C;61,0 �C;59,0 �C;61,0 �C;61,0 �C;9,1 W;6,1 W;0,0 W;0,0 �C
2025-04-03 03:56:01;60,0 �C;59,0 �C;57,0 �C;60,0 �C;60,0 �C;8,0 W;5,2 W;0,0 W;0,0 �C
2025-04-03 03:56:03;64,0 �C;65,0 �C;62,0 �C;64,0 �C;65,0 �C;8,3 W;5,5 W;0,0 W;0,0 �C
2025-04-03 03:56:05;63,0 �C;64,0 �C;61,0 �C;63,0 �C;64,0 �C;8,8 W;5,9 W;0,0 W;0,0 �C
2025-04-03 03:56:07;59,0 �C;60,0 �C;55,0 �C;60,0 �C;60,0 �C;8,0 W;5,1 W;0,0 W;0,0 �C
2025-04-03 03:56:09;59,0 �C;59,0 �C;55,0 �C;64,0 �C;64,0 �C;7,6 W;4,8 W;0,0 W;0,0 �C
2025-04-03 03:56:11;60,0 �C;59,0 �C;55,0 �C;59,0 �C;60,0 �C;8,9 W;6,0 W;0,0 W;0,0 �C
2025-04-03 03:56:13;57,0 �C;57,0 �C;57,0 �C;57,0 �C;57,0 �C;6,4 W;3,6 W;0,0 W;0,0 �C
2025-04-03 03:56:16;64,0 �C;63,0 �C;63,0 �C;63,0 �C;64,0 �C;7,4 W;4,5 W;0,0 W;0,0 �C
2025-04-03 03:56:18;60,0 �C;59,0 �C;55,0 �C;60,0 �C;60,0 �C;8,1 W;5,3 W;0,0 W;0,0 �C
2025-04-03 03:56:20;59,0 �C;59,0 �C;59,0 �C;59,0 �C;59,0 �C;7,5 W;4,7 W;0,0 W;0,0 �C
2025-04-03 03:56:22;63,0 �C;60,0 �C;61,0 �C;63,0 �C;63,0 �C;7,8 W;4,9 W;0,0 W;0,0 �C
2025-04-03 03:56:24;59,0 �C;59,0 �C;60,0 �C;60,0 �C;62,0 �C;7,2 W;4,4 W;0,0 W;0,0 �C
2025-04-03 03:56:26;59,0 �C;58,0 �C;55,0 �C;58,0 �C;59,0 �C;8,5 W;5,7 W;0,0 W;0,0 �C
2025-04-03 03:56:28;52,0 �C;52,0 �C;52,0 �C;52,0 �C;53,0 �C;7,0 W;4,2 W;0,0 W;0,0 �C
2025-04-03 03:56:30;57,0 �C;57,0 �C;57,0 �C;57,0 �C;57,0 �C;7,7 W;4,8 W;0,0 W;0,0 �C
2025-04-03 03:56:32;57,0 �C;60,0 �C;54,0 �C;58,0 �C;60,0 �C;7,1 W;4,2 W;0,0 W;0,0 �C
2025-04-03 03:56:34;59,0 �C;61,0 �C;56,0 �C;59,0 �C;60,0 �C;7,3 W;4,5 W;0,0 W;0,0 �C
2025-04-03 03:56:36;61,0 �C;59,0 �C;55,0 �C;58,0 �C;61,0 �C;8,0 W;5,1 W;0,0 W;0,0 �C
2025-04-03 03:56:38;56,0 �C;56,0 �C;56,0 �C;56,0 �C;57,0 �C;7,8 W;4,9 W;0,0 W;0,0 �C
2025-04-03 03:56:40;59,0 �C;59,0 �C;57,0 �C;59,0 �C;60,0 �C;7,0 W;4,2 W;0,0 W;0,0 �C
2025-04-03 03:56:42;62,0 �C;63,0 �C;57,0 �C;61,0 �C;63,0 �C;18,5 W;15,5 W;0,0 W;0,0 �C
2025-04-03 03:56:44;60,0 �C;60,0 �C;57,0 �C;62,0 �C;65,0 �C;8,1 W;5,2 W;0,0 W;0,0 �C
2025-04-03 03:56:46;61,0 �C;61,0 �C;58,0 �C;60,0 �C;61,0 �C;8,5 W;5,7 W;0,0 W;0,0 �C
2025-04-03 03:56:48;60,0 �C;59,0 �C;56,0 �C;61,0 �C;63,0 �C;9,4 W;6,5 W;0,0 W;0,0 �C
2025-04-03 03:56:50;60,0 �C;61,0 �C;60,0 �C;64,0 �C;66,0 �C;11,2 W;8,3 W;0,0 W;0,0 �C
2025-04-03 03:56:52;62,0 �C;61,0 �C;63,0 �C;60,0 �C;63,0 �C;7,9 W;5,1 W;0,0 W;0,0 �C
2025-04-03 03:56:54;59,0 �C;60,0 �C;56,0 �C;59,0 �C;60,0 �C;6,8 W;4,1 W;0,0 W;0,0 �C
2025-04-03 03:56:56;60,0 �C;59,0 �C;58,0 �C;59,0 �C;60,0 �C;8,1 W;5,3 W;0,0 W;0,0 �C
2025-04-03 03:56:58;59,0 �C;59,0 �C;55,0 �C;58,0 �C;60,0 �C;8,1 W;5,3 W;0,0 W;0,0 �C
2025-04-03 03:57:00;59,0 �C;61,0 �C;54,0 �C;59,0 �C;61,0 �C;8,3 W;5,4 W;0,0 W;0,0 �C
2025-04-03 03:57:02;63,0 �C;61,0 �C;56,0 �C;63,0 �C;63,0 �C;6,8 W;4,0 W;0,0 W;0,0 �C
2025-04-03 03:57:04;59,0 �C;59,0 �C;55,0 �C;60,0 �C;60,0 �C;9,3 W;6,4 W;0,0 W;0,0 �C
2025-04-03 03:57:06;61,0 �C;60,0 �C;55,0 �C;60,0 �C;61,0 �C;9,2 W;6,3 W;0,0 W;0,0 �C
2025-04-03 03:57:08;59,0 �C;60,0 �C;56,0 �C;58,0 �C;60,0 �C;8,0 W;5,2 W;0,0 W;0,0 �C
2025-04-03 03:57:10;61,0 �C;60,0 �C;57,0 �C;58,0 �C;61,0 �C;8,7 W;5,9 W;0,0 W;0,0 �C
2025-04-03 03:57:12;60,0 �C;60,0 �C;55,0 �C;64,0 �C;64,0 �C;7,7 W;4,8 W;0,0 W;0,0 �C
2025-04-03 03:57:14;60,0 �C;60,0 �C;58,0 �C;57,0 �C;60,0 �C;7,5 W;4,6 W;0,0 W;0,0 �C
2025-04-03 03:57:16;59,0 �C;58,0 �C;55,0 �C;58,0 �C;59,0 �C;8,1 W;5,2 W;0,0 W;0,0 �C
2025-04-03 03:57:18;65,0 �C;65,0 �C;65,0 �C;65,0 �C;65,0 �C;7,3 W;4,5 W;0,0 W;0,0 �C
2025-04-03 03:57:20;60,0 �C;60,0 �C;60,0 �C;60,0 �C;60,0 �C;9,4 W;6,6 W;0,0 W;0,0 �C
2025-04-03 03:57:22;62,0 �C;61,0 �C;56,0 �C;59,0 �C;64,0 �C;8,5 W;5,7 W;0,0 W;0,0 �C
2025-04-03 03:57:24;59,0 �C;59,0 �C;59,0 �C;59,0 �C;59,0 �C;6,9 W;4,1 W;0,0 W;0,0 �C
2025-04-03 03:57:26;60,0 �C;60,0 �C;56,0 �C;58,0 �C;62,0 �C;7,6 W;4,7 W;0,0 W;0,0 �C
2025-04-03 03:57:28;58,0 �C;60,0 �C;56,0 �C;58,0 �C;60,0 �C;8,2 W;5,4 W;0,0 W;0,0 �C
2025-04-03 03:57:30;58,0 �C;59,0 �C;56,0 �C;58,0 �C;58,0 �C;8,6 W;5,7 W;0,0 W;0,0 �C
2025-04-03 03:57:32;60,0 �C;60,0 �C;60,0 �C;60,0 �C;60,0 �C;9,0 W;6,1 W;0,0 W;0,0 �C
2025-04-03 03:57:34;55,0 �C;55,0 �C;55,0 �C;55,0 �C;55,0 �C;7,7 W;4,9 W;0,0 W;0,0 �C
2025-04-03 03:57:36;58,0 �C;58,0 �C;57,0 �C;57,0 �C;58,0 �C;8,0 W;5,1 W;0,0 W;0,0 �C
2025-04-03 03:57:38;60,0 �C;60,0 �C;60,0 �C;60,0 �C;60,0 �C;7,7 W;4,9 W;0,0 W;0,0 �C
2025-04-03 03:57:40;63,0 �C;62,0 �C;62,0 �C;62,0 �C;63,0 �C;7,3 W;4,5 W;0,0 W;0,0 �C
2025-04-03 03:57:42;60,0 �C;63,0 �C;58,0 �C;61,0 �C;63,0 �C;8,3 W;5,4 W;0,0 W;0,0 �C
2025-04-03 03:57:44;61,0 �C;61,0 �C;62,0 �C;61,0 �C;61,0 �C;8,0 W;5,1 W;0,0 W;0,0 �C
2025-04-03 03:57:46;63,0 �C;62,0 �C;62,0 �C;63,0 �C;63,0 �C;8,5 W;5,6 W;0,0 W;0,0 �C
2025-04-03 03:57:48;59,0 �C;60,0 �C;56,0 �C;58,0 �C;63,0 �C;8,2 W;5,4 W;0,0 W;0,0 �C
2025-04-03 03:57:50;59,0 �C;64,0 �C;62,0 �C;59,0 �C;64,0 �C;7,8 W;4,9 W;0,0 W;0,0 �C
2025-04-03 03:57:52;58,0 �C;59,0 �C;55,0 �C;59,0 �C;59,0 �C;8,0 W;5,2 W;0,0 W;0,0 �C
2025-04-03 03:57:54;59,0 �C;60,0 �C;55,0 �C;59,0 �C;61,0 �C;8,1 W;5,2 W;0,0 W;0,0 �C
2025-04-03 03:57:56;60,0 �C;59,0 �C;57,0 �C;64,0 �C;64,0 �C;8,2 W;5,3 W;0,0 W;0,0 �C
2025-04-03 03:57:58;59,0 �C;59,0 �C;54,0 �C;57,0 �C;59,0 �C;8,0 W;5,1 W;0,0 W;0,0 �C
2025-04-03 03:58:00;59,0 �C;59,0 �C;59,0 �C;59,0 �C;59,0 �C;7,9 W;5,1 W;0,0 W;0,0 �C
2025-04-03 03:58:02;60,0 �C;60,0 �C;55,0 �C;58,0 �C;60,0 �C;9,5 W;6,5 W;0,0 W;0,0 �C
2025-04-03 03:58:04;62,0 �C;60,0 �C;56,0 �C;62,0 �C;64,0 �C;8,2 W;5,3 W;0,0 W;0,0 �C
2025-04-03 03:58:06;61,0 �C;60,0 �C;56,0 �C;65,0 �C;65,0 �C;8,6 W;5,7 W;0,0 W;0,0 �C
2025-04-03 03:58:08;59,0 �C;59,0 �C;56,0 �C;60,0 �C;62,0 �C;8,1 W;5,2 W;0,0 W;0,0 �C
2025-04-03 03:58:10;58,0 �C;58,0 �C;58,0 �C;58,0 �C;58,0 �C;7,9 W;5,1 W;0,0 W;0,0 �C
2025-04-03 03:58:12;64,0 �C;64,0 �C;64,0 �C;58,0 �C;63,0 �C;8,8 W;5,9 W;0,0 W;0,0 �C
2025-04-03 03:58:14;61,0 �C;64,0 �C;61,0 �C;62,0 �C;64,0 �C;17,2 W;13,0 W;1,0 W;0,0 �C
2025-04-03 03:58:16;59,0 �C;59,0 �C;58,0 �C;59,0 �C;59,0 �C;8,7 W;5,7 W;0,1 W;0,0 �C
2025-04-03 03:58:18;60,0 �C;59,0 �C;58,0 �C;64,0 �C;64,0 �C;8,5 W;5,5 W;0,0 W;0,0 �C
2025-04-03 03:58:20;61,0 �C;63,0 �C;60,0 �C;64,0 �C;65,0 �C;8,2 W;5,3 W;0,0 W;0,0 �C
2025-04-03 03:58:22;61,0 �C;61,0 �C;62,0 �C;61,0 �C;63,0 �C;15,3 W;11,0 W;0,9 W;0,0 �C
2025-04-03 03:58:24;59,0 �C;59,0 �C;55,0 �C;58,0 �C;60,0 �C;8,0 W;5,1 W;0,0 W;0,0 �C
2025-04-03 03:58:26;59,0 �C;65,0 �C;58,0 �C;61,0 �C;65,0 �C;7,7 W;4,9 W;0,0 W;0,0 �C
2025-04-03 03:58:28;64,0 �C;59,0 �C;58,0 �C;60,0 �C;64,0 �C;7,6 W;4,8 W;0,0 W;0,0 �C
2025-04-03 03:58:30;59,0 �C;62,0 �C;57,0 �C;62,0 �C;62,0 �C;8,9 W;6,0 W;0,0 W;0,0 �C
2025-04-03 03:58:32;60,0 �C;60,0 �C;54,0 �C;58,0 �C;60,0 �C;8,7 W;5,9 W;0,0 W;0,0 �C
2025-04-03 03:58:34;62,0 �C;62,0 �C;62,0 �C;62,0 �C;62,0 �C;8,0 W;5,2 W;0,0 W;0,0 �C
2025-04-03 03:58:36;60,0 �C;58,0 �C;57,0 �C;58,0 �C;59,0 �C;7,1 W;4,3 W;0,0 W;0,0 �C
2025-04-03 03:58:38;60,0 �C;60,0 �C;60,0 �C;60,0 �C;60,0 �C;7,1 W;4,3 W;0,0 W;0,0 �C
2025-04-03 03:58:40;61,0 �C;61,0 �C;61,0 �C;61,0 �C;60,0 �C;8,0 W;5,2 W;0,0 W;0,0 �C
2025-04-03 03:58:42;59,0 �C;60,0 �C;57,0 �C;60,0 �C;61,0 �C;8,0 W;5,1 W;0,0 W;0,0 �C
2025-04-03 03:58:44;61,0 �C;58,0 �C;57,0 �C;60,0 �C;61,0 �C;9,7 W;6,7 W;0,0 W;0,0 �C
2025-04-03 03:58:46;59,0 �C;59,0 �C;54,0 �C;58,0 �C;60,0 �C;7,5 W;4,6 W;0,0 W;0,0 �C
2025-04-03 03:58:48;59,0 �C;59,0 �C;55,0 �C;58,0 �C;59,0 �C;7,4 W;4,6 W;0,0 W;0,0 �C
2025-04-03 03:58:51;63,0 �C;63,0 �C;56,0 �C;59,0 �C;62,0 �C;7,7 W;4,9 W;0,0 W;0,0 �C
2025-04-03 03:58:53;58,0 �C;58,0 �C;55,0 �C;59,0 �C;59,0 �C;8,0 W;5,2 W;0,0 W;0,0 �C
2025-04-03 03:58:55;58,0 �C;61,0 �C;54,0 �C;62,0 �C;63,0 �C;8,2 W;5,3 W;0,0 W;0,0 �C
2025-04-03 03:58:57;59,0 �C;59,0 �C;56,0 �C;57,0 �C;59,0 �C;8,4 W;5,5 W;0,0 W;0,0 �C
2025-04-03 03:58:59;58,0 �C;58,0 �C;58,0 �C;58,0 �C;58,0 �C;8,0 W;5,1 W;0,0 W;0,0 �C
2025-04-03 03:59:01;60,0 �C;60,0 �C;55,0 �C;58,0 �C;61,0 �C;7,2 W;4,4 W;0,0 W;0,0 �C
2025-04-03 03:59:03;59,0 �C;63,0 �C;62,0 �C;58,0 �C;63,0 �C;8,3 W;5,4 W;0,0 W;0,0 �C
2025-04-03 03:59:05;61,0 �C;60,0 �C;58,0 �C;59,0 �C;61,0 �C;8,2 W;5,3 W;0,0 W;0,0 �C
2025-04-03 03:59:07;60,0 �C;60,0 �C;59,0 �C;59,0 �C;60,0 �C;7,7 W;4,8 W;0,0 W;0,0 �C
2025-04-03 03:59:09;61,0 �C;61,0 �C;60,0 �C;57,0 �C;61,0 �C;7,5 W;4,6 W;0,0 W;0,0 �C
2025-04-03 03:59:11;58,0 �C;58,0 �C;55,0 �C;62,0 �C;64,0 �C;9,5 W;6,6 W;0,0 W;0,0 �C
2025-04-03 03:59:13;59,0 �C;61,0 �C;56,0 �C;58,0 �C;61,0 �C;8,7 W;5,8 W;0,0 W;0,0 �C
2025-04-03 03:59:15;60,0 �C;60,0 �C;55,0 �C;59,0 �C;60,0 �C;9,1 W;6,2 W;0,0 W;0,0 �C
2025-04-03 03:59:17;63,0 �C;58,0 �C;61,0 �C;60,0 �C;63,0 �C;8,1 W;5,3 W;0,0 W;0,0 �C
2025-04-03 03:59:19;59,0 �C;59,0 �C;58,0 �C;58,0 �C;59,0 �C;7,8 W;5,0 W;0,0 W;0,0 �C
2025-04-03 03:59:21;53,0 �C;53,0 �C;53,0 �C;53,0 �C;54,0 �C;7,4 W;4,6 W;0,0 W;0,0 �C
2025-04-03 03:59:23;57,0 �C;57,0 �C;57,0 �C;57,0 �C;57,0 �C;8,7 W;5,9 W;0,0 W;0,0 �C
2025-04-03 03:59:25;64,0 �C;58,0 �C;56,0 �C;59,0 �C;64,0 �C;8,3 W;5,4 W;0,0 W;0,0 �C
2025-04-03 03:59:27;59,0 �C;59,0 �C;54,0 �C;58,0 �C;59,0 �C;8,7 W;5,8 W;0,0 W;0,0 �C
2025-04-03 03:59:29;64,0 �C;64,0 �C;57,0 �C;63,0 �C;63,0 �C;8,9 W;6,0 W;0,0 W;0,0 �C
2025-04-03 03:59:31;58,0 �C;58,0 �C;54,0 �C;63,0 �C;63,0 �C;7,7 W;4,9 W;0,0 W;0,0 �C
2025-04-03 03:59:33;63,0 �C;58,0 �C;62,0 �C;62,0 �C;63,0 �C;8,5 W;5,7 W;0,0 W;0,0 �C
2025-04-03 03:59:35;59,0 �C;57,0 �C;56,0 �C;59,0 �C;59,0 �C;7,6 W;4,8 W;0,0 W;0,0 �C
2025-04-03 03:59:37;60,0 �C;63,0 �C;56,0 �C;62,0 �C;63,0 �C;8,7 W;5,8 W;0,0 W;0,0 �C
2025-04-03 03:59:39;61,0 �C;61,0 �C;61,0 �C;64,0 �C;64,0 �C;8,9 W;6,1 W;0,0 W;0,0 �C
2025-04-03 03:59:41;59,0 �C;59,0 �C;56,0 �C;59,0 �C;60,0 �C;8,1 W;5,2 W;0,0 W;0,0 �C
2025-04-03 03:59:43;57,0 �C;59,0 �C;56,0 �C;56,0 �C;59,0 �C;7,4 W;4,6 W;0,0 W;0,0 �C
2025-04-03 03:59:45;59,0 �C;60,0 �C;56,0 �C;58,0 �C;60,0 �C;8,2 W;5,3 W;0,0 W;0,0 �C
2025-04-03 03:59:47;60,0 �C;58,0 �C;56,0 �C;57,0 �C;62,0 �C;7,2 W;4,4 W;0,0 W;0,0 �C
2025-04-03 03:59:49;61,0 �C;60,0 �C;57,0 �C;58,0 �C;63,0 �C;8,3 W;5,4 W;0,0 W;0,0 �C
2025-04-03 03:59:51;56,0 �C;59,0 �C;55,0 �C;58,0 �C;59,0 �C;7,4 W;4,6 W;0,0 W;0,0 �C
2025-04-03 03:59:53;59,0 �C;58,0 �C;56,0 �C;57,0 �C;60,0 �C;7,3 W;4,5 W;0,0 W;0,0 �C
2025-04-03 03:59:55;60,0 �C;58,0 �C;55,0 �C;58,0 �C;60,0 �C;7,3 W;4,5 W;0,0 W;0,0 �C
2025-04-03 03:59:57;62,0 �C;63,0 �C;60,0 �C;63,0 �C;64,0 �C;9,6 W;6,7 W;0,0 W;0,0 �C
2025-04-03 03:59:59;58,0 �C;58,0 �C;56,0 �C;57,0 �C;58,0 �C;7,2 W;4,4 W;0,0 W;0,0 �C
2025-04-03 04:00:01;63,0 �C;64,0 �C;61,0 �C;62,0 �C;64,0 �C;9,3 W;6,4 W;0,0 W;0,0 �C
2025-04-03 04:00:03;58,0 �C;58,0 �C;55,0 �C;63,0 �C;63,0 �C;7,6 W;4,7 W;0,0 W;0,0 �C
2025-04-03 04:00:05;58,0 �C;60,0 �C;55,0 �C;57,0 �C;61,0 �C;8,4 W;5,6 W;0,0 W;0,0 �C
2025-04-03 04:00:07;60,0 �C;62,0 �C;60,0 �C;61,0 �C;63,0 �C;8,9 W;6,0 W;0,0 W;0,0 �C
2025-04-03 04:00:09;63,0 �C;60,0 �C;56,0 �C;59,0 �C;62,0 �C;8,4 W;5,6 W;0,0 W;0,0 �C
2025-04-03 04:00:11;59,0 �C;58,0 �C;55,0 �C;58,0 �C;59,0 �C;7,3 W;4,5 W;0,0 W;0,0 �C
2025-04-03 04:00:13;58,0 �C;58,0 �C;56,0 �C;58,0 �C;60,0 �C;7,9 W;5,0 W;0,0 W;0,0 �C
2025-04-03 04:00:15;58,0 �C;58,0 �C;55,0 �C;56,0 �C;59,0 �C;9,0 W;6,1 W;0,0 W;0,0 �C
2025-04-03 04:00:17;60,0 �C;59,0 �C;54,0 �C;59,0 �C;60,0 �C;7,5 W;4,7 W;0,0 W;0,0 �C
2025-04-03 04:00:19;58,0 �C;58,0 �C;54,0 �C;58,0 �C;62,0 �C;8,5 W;5,6 W;0,0 W;0,0 �C
2025-04-03 04:00:21;58,0 �C;58,0 �C;56,0 �C;56,0 �C;59,0 �C;7,4 W;4,6 W;0,0 W;0,0 �C
2025-04-03 04:00:23;61,0 �C;62,0 �C;61,0 �C;64,0 �C;64,0 �C;6,6 W;3,8 W;0,0 W;0,0 �C
2025-04-03 04:00:25;60,0 �C;59,0 �C;57,0 �C;59,0 �C;60,0 �C;13,1 W;10,1 W;0,0 W;0,0 �C
2025-04-03 04:00:27;61,0 �C;61,0 �C;61,0 �C;61,0 �C;61,0 �C;8,9 W;6,0 W;0,0 W;0,0 �C
2025-04-03 04:00:29;62,0 �C;60,0 �C;56,0 �C;60,0 �C;63,0 �C;8,4 W;5,5 W;0,0 W;0,0 �C
2025-04-03 04:00:31;59,0 �C;58,0 �C;55,0 �C;58,0 �C;59,0 �C;7,0 W;4,2 W;0,0 W;0,0 �C
2025-04-03 04:00:33;58,0 �C;62,0 �C;61,0 �C;60,0 �C;62,0 �C;8,3 W;5,5 W;0,0 W;0,0 �C
2025-04-03 04:00:35;57,0 �C;58,0 �C;57,0 �C;57,0 �C;58,0 �C;8,6 W;5,7 W;0,0 W;0,0 �C
2025-04-03 04:00:37;63,0 �C;64,0 �C;64,0 �C;65,0 �C;66,0 �C;12,3 W;9,3 W;0,0 W;0,0 �C
2025-04-03 04:00:39;60,0 �C;59,0 �C;55,0 �C;58,0 �C;60,0 �C;8,3 W;5,4 W;0,0 W;0,0 �C
2025-04-03 04:00:41;62,0 �C;59,0 �C;55,0 �C;57,0 �C;62,0 �C;7,4 W;4,5 W;0,0 W;0,0 �C
2025-04-03 04:00:43;61,0 �C;59,0 �C;55,0 �C;63,0 �C;63,0 �C;8,5 W;5,7 W;0,0 W;0,0 �C
2025-04-03 04:00:45;59,0 �C;58,0 �C;55,0 �C;59,0 �C;59,0 �C;7,2 W;4,4 W;0,0 W;0,0 �C
2025-04-03 04:00:47;61,0 �C;58,0 �C;55,0 �C;57,0 �C;60,0 �C;7,8 W;4,9 W;0,0 W;0,0 �C
2025-04-03 04:00:49;60,0 �C;59,0 �C;56,0 �C;57,0 �C;63,0 �C;9,1 W;6,2 W;0,0 W;0,0 �C
2025-04-03 04:00:51;59,0 �C;58,0 �C;55,0 �C;58,0 �C;60,0 �C;8,8 W;5,9 W;0,0 W;0,0 �C
2025-04-03 04:00:53;63,0 �C;63,0 �C;63,0 �C;63,0 �C;63,0 �C;8,2 W;5,4 W;0,0 W;0,0 �C
2025-04-03 04:00:55;61,0 �C;61,0 �C;61,0 �C;61,0 �C;61,0 �C;8,3 W;5,4 W;0,0 W;0,0 �C
2025-04-03 04:00:57;59,0 �C;59,0 �C;54,0 �C;57,0 �C;59,0 �C;8,0 W;5,2 W;0,0 W;0,0 �C
2025-04-03 04:00:59;60,0 �C;60,0 �C;62,0 �C;60,0 �C;62,0 �C;7,3 W;4,5 W;0,0 W;0,0 �C
2025-04-03 04:01:01;65,0 �C;60,0 �C;59,0 �C;58,0 �C;65,0 �C;8,7 W;5,8 W;0,0 W;0,0 �C
2025-04-03 04:01:03;60,0 �C;65,0 �C;55,0 �C;56,0 �C;65,0 �C;8,5 W;5,6 W;0,0 W;0,0 �C
2025-04-03 04:01:05;64,0 �C;64,0 �C;64,0 �C;64,0 �C;64,0 �C;8,0 W;5,2 W;0,0 W;0,0 �C
2025-04-03 04:01:07;59,0 �C;57,0 �C;55,0 �C;57,0 �C;58,0 �C;8,1 W;5,2 W;0,0 W;0,0 �C
2025-04-03 04:01:09;59,0 �C;62,0 �C;56,0 �C;61,0 �C;64,0 �C;7,9 W;5,1 W;0,0 W;0,0 �C
2025-04-03 04:01:11;59,0 �C;60,0 �C;55,0 �C;57,0 �C;63,0 �C;7,9 W;5,0 W;0,0 W;0,0 �C
2025-04-03 04:01:13;58,0 �C;59,0 �C;55,0 �C;57,0 �C;61,0 �C;7,6 W;4,8 W;0,0 W;0,0 �C
2025-04-03 04:01:15;62,0 �C;62,0 �C;62,0 �C;62,0 �C;62,0 �C;8,4 W;5,6 W;0,0 W;0,0 �C
2025-04-03 04:01:17;58,0 �C;58,0 �C;58,0 �C;58,0 �C;58,0 �C;7,8 W;4,9 W;0,0 W;0,0 �C
2025-04-03 04:01:20;61,0 �C;61,0 �C;61,0 �C;61,0 �C;61,0 �C;6,7 W;3,9 W;0,0 W;0,0 �C
2025-04-03 04:01:22;58,0 �C;58,0 �C;58,0 �C;58,0 �C;58,0 �C;7,5 W;4,7 W;0,0 W;0,0 �C
2025-04-03 04:01:24;58,0 �C;58,0 �C;55,0 �C;57,0 �C;59,0 �C;7,6 W;4,7 W;0,0 W;0,0 �C
2025-04-03 04:01:26;63,0 �C;58,0 �C;60,0 �C;62,0 �C;63,0 �C;8,9 W;6,0 W;0,0 W;0,0 �C
2025-04-03 04:01:28;58,0 �C;58,0 �C;58,0 �C;58,0 �C;58,0 �C;8,6 W;5,7 W;0,0 W;0,0 �C
2025-04-03 04:01:30;60,0 �C;60,0 �C;60,0 �C;60,0 �C;60,0 �C;7,9 W;5,1 W;0,0 W;0,0 �C
2025-04-03 04:01:32;60,0 �C;58,0 �C;55,0 �C;61,0 �C;62,0 �C;8,2 W;5,4 W;0,0 W;0,0 �C
2025-04-03 04:01:34;61,0 �C;61,0 �C;61,0 �C;61,0 �C;61,0 �C;7,5 W;4,7 W;0,0 W;0,0 �C
2025-04-03 04:03:14;63,0 �C;63,0 �C;63,0 �C;63,0 �C;63,0 �C;7,4 W;4,6 W;0,0 W;0,0 �C
2025-04-03 04:03:16;64,0 �C;64,0 �C;64,0 �C;64,0 �C;64,0 �C;10,5 W;7,6 W;0,0 W;0,0 �C
2025-04-03 04:03:18;66,0 �C;68,0 �C;65,0 �C;65,0 �C;68,0 �C;9,4 W;6,5 W;0,0 W;0,0 �C
2025-04-03 04:03:20;66,0 �C;66,0 �C;64,0 �C;66,0 �C;66,0 �C;8,6 W;5,7 W;0,0 W;0,0 �C
2025-04-03 04:03:22;66,0 �C;65,0 �C;65,0 �C;66,0 �C;66,0 �C;9,5 W;6,6 W;0,0 W;0,0 �C
2025-04-03 04:03:24;66,0 �C;65,0 �C;64,0 �C;64,0 �C;66,0 �C;7,7 W;4,8 W;0,0 W;0,0 �C
2025-04-03 04:03:26;67,0 �C;67,0 �C;67,0 �C;63,0 �C;68,0 �C;7,7 W;4,8 W;0,0 W;0,0 �C
2025-04-03 04:03:28;69,0 �C;70,0 �C;65,0 �C;70,0 �C;70,0 �C;8,3 W;5,4 W;0,0 W;0,0 �C
2025-04-03 04:03:30;65,0 �C;66,0 �C;63,0 �C;65,0 �C;67,0 �C;8,3 W;5,4 W;0,0 W;0,0 �C
2025-04-03 04:03:32;65,0 �C;65,0 �C;65,0 �C;65,0 �C;65,0 �C;7,6 W;4,8 W;0,0 W;0,0 �C
2025-04-03 04:03:34;65,0 �C;65,0 �C;65,0 �C;65,0 �C;65,0 �C;7,4 W;4,5 W;0,0 W;0,0 �C
2025-04-03 04:03:36;60,0 �C;60,0 �C;60,0 �C;60,0 �C;60,0 �C;8,7 W;5,8 W;0,0 W;0,0 �C
2025-04-03 04:03:38;69,0 �C;66,0 �C;64,0 �C;65,0 �C;69,0 �C;8,0 W;5,1 W;0,0 W;0,0 �C
2025-04-03 04:03:40;62,0 �C;62,0 �C;62,0 �C;62,0 �C;62,0 �C;7,1 W;4,3 W;0,0 W;0,0 �C
2025-04-03 04:03:42;63,0 �C;64,0 �C;61,0 �C;63,0 �C;64,0 �C;8,1 W;5,2 W;0,0 W;0,0 �C
2025-04-03 04:03:44;63,0 �C;65,0 �C;62,0 �C;62,0 �C;65,0 �C;11,8 W;8,8 W;0,0 W;0,0 �C
2025-04-03 04:03:46;64,0 �C;64,0 �C;64,0 �C;64,0 �C;64,0 �C;8,1 W;5,2 W;0,0 W;0,0 �C
2025-04-03 04:03:48;64,0 �C;64,0 �C;63,0 �C;63,0 �C;65,0 �C;8,9 W;6,0 W;0,0 W;0,0 �C
2025-04-03 04:03:50;65,0 �C;64,0 �C;65,0 �C;67,0 �C;68,0 �C;12,8 W;9,9 W;0,0 W;0,0 �C
2025-04-03 04:03:52;62,0 �C;62,0 �C;62,0 �C;62,0 �C;63,0 �C;8,2 W;5,3 W;0,0 W;0,0 �C
2025-04-03 04:03:54;66,0 �C;66,0 �C;66,0 �C;66,0 �C;66,0 �C;8,6 W;5,7 W;0,0 W;0,0 �C
2025-04-03 04:03:56;65,0 �C;65,0 �C;67,0 �C;62,0 �C;67,0 �C;8,2 W;5,3 W;0,0 W;0,0 �C
2025-04-03 04:03:58;63,0 �C;63,0 �C;62,0 �C;69,0 �C;69,0 �C;9,4 W;6,5 W;0,0 W;0,0 �C
2025-04-03 04:04:00;62,0 �C;62,0 �C;62,0 �C;62,0 �C;63,0 �C;7,8 W;4,9 W;0,0 W;0,0 �C
2025-04-03 04:04:02;61,0 �C;61,0 �C;61,0 �C;61,0 �C;63,0 �C;7,9 W;5,0 W;0,0 W;0,0 �C
2025-04-03 04:04:04;67,0 �C;66,0 �C;61,0 �C;62,0 �C;66,0 �C;8,1 W;5,3 W;0,0 W;0,0 �C
2025-04-03 04:04:07;63,0 �C;62,0 �C;60,0 �C;63,0 �C;63,0 �C;8,1 W;5,2 W;0,0 W;0,0 �C
2025-04-03 04:04:09;62,0 �C;62,0 �C;62,0 �C;63,0 �C;66,0 �C;10,0 W;7,1 W;0,0 W;0,0 �C
2025-04-03 04:04:11;63,0 �C;62,0 �C;61,0 �C;60,0 �C;65,0 �C;7,8 W;4,9 W;0,0 W;0,0 �C
2025-04-03 04:04:13;63,0 �C;62,0 �C;60,0 �C;61,0 �C;65,0 �C;8,4 W;5,5 W;0,0 W;0,0 �C
2025-04-03 04:04:15;65,0 �C;68,0 �C;64,0 �C;65,0 �C;68,0 �C;8,3 W;5,5 W;0,0 W;0,0 �C
2025-04-03 04:04:17;63,0 �C;61,0 �C;60,0 �C;60,0 �C;63,0 �C;8,0 W;5,1 W;0,0 W;0,0 �C
2025-04-03 04:04:19;63,0 �C;64,0 �C;60,0 �C;61,0 �C;64,0 �C;8,5 W;5,6 W;0,0 W;0,0 �C
2025-04-03 04:04:21;62,0 �C;62,0 �C;59,0 �C;61,0 �C;62,0 �C;6,1 W;3,3 W;0,0 W;0,0 �C
2025-04-03 04:04:23;63,0 �C;63,0 �C;63,0 �C;63,0 �C;63,0 �C;8,4 W;5,5 W;0,0 W;0,0 �C
2025-04-03 04:04:25;62,0 �C;61,0 �C;58,0 �C;61,0 �C;63,0 �C;8,7 W;5,8 W;0,0 W;0,0 �C
2025-04-03 04:04:27;62,0 �C;63,0 �C;59,0 �C;61,0 �C;64,0 �C;8,9 W;6,0 W;0,0 W;0,0 �C
2025-04-03 04:04:29;61,0 �C;63,0 �C;58,0 �C;61,0 �C;63,0 �C;8,7 W;5,8 W;0,0 W;0,0 �C
2025-04-03 04:04:31;62,0 �C;61,0 �C;58,0 �C;61,0 �C;63,0 �C;7,8 W;5,0 W;0,0 W;0,0 �C
2025-04-03 04:04:33;59,0 �C;59,0 �C;59,0 �C;59,0 �C;59,0 �C;7,6 W;4,8 W;0,0 W;0,0 �C
2025-04-03 04:04:35;67,0 �C;64,0 �C;60,0 �C;66,0 �C;67,0 �C;9,2 W;6,2 W;0,0 W;0,0 �C
2025-04-03 04:04:37;63,0 �C;62,0 �C;61,0 �C;62,0 �C;63,0 �C;8,1 W;5,2 W;0,0 W;0,0 �C
2025-04-03 04:04:39;62,0 �C;62,0 �C;60,0 �C;59,0 �C;62,0 �C;8,0 W;5,2 W;0,0 W;0,0 �C
2025-04-03 04:04:41;62,0 �C;63,0 �C;60,0 �C;60,0 �C;65,0 �C;8,8 W;6,0 W;0,0 W;0,0 �C
2025-04-03 04:04:43;60,0 �C;60,0 �C;60,0 �C;60,0 �C;61,0 �C;8,5 W;5,5 W;0,0 W;0,0 �C
2025-04-03 04:04:45;56,0 �C;56,0 �C;56,0 �C;56,0 �C;56,0 �C;7,7 W;4,8 W;0,0 W;0,0 �C
2025-04-03 04:04:47;63,0 �C;63,0 �C;65,0 �C;61,0 �C;65,0 �C;8,8 W;5,9 W;0,0 W;0,0 �C
2025-04-03 04:04:49;59,0 �C;59,0 �C;59,0 �C;59,0 �C;59,0 �C;7,4 W;4,6 W;0,0 W;0,0 �C
2025-04-03 04:04:51;61,0 �C;61,0 �C;61,0 �C;61,0 �C;61,0 �C;9,7 W;6,8 W;0,0 W;0,0 �C
2025-04-03 04:04:53;66,0 �C;67,0 �C;66,0 �C;66,0 �C;67,0 �C;7,9 W;5,0 W;0,0 W;0,0 �C
2025-04-03 04:04:55;63,0 �C;62,0 �C;62,0 �C;62,0 �C;63,0 �C;8,1 W;5,3 W;0,0 W;0,0 �C
2025-04-03 04:04:57;63,0 �C;64,0 �C;63,0 �C;64,0 �C;64,0 �C;8,2 W;5,3 W;0,0 W;0,0 �C
2025-04-03 04:04:59;62,0 �C;61,0 �C;58,0 �C;62,0 �C;62,0 �C;9,9 W;7,0 W;0,0 W;0,0 �C
2025-04-03 04:05:01;65,0 �C;65,0 �C;65,0 �C;65,0 �C;65,0 �C;7,7 W;4,9 W;0,0 W;0,0 �C
2025-04-03 04:05:03;61,0 �C;61,0 �C;61,0 �C;62,0 �C;62,0 �C;7,7 W;4,9 W;0,0 W;0,0 �C
2025-04-03 04:05:05;60,0 �C;67,0 �C;58,0 �C;60,0 �C;67,0 �C;8,6 W;5,8 W;0,0 W;0,0 �C
2025-04-03 04:05:07;58,0 �C;58,0 �C;58,0 �C;58,0 �C;59,0 �C;7,3 W;4,5 W;0,0 W;0,0 �C
2025-04-03 04:05:09;64,0 �C;64,0 �C;64,0 �C;64,0 �C;64,0 �C;8,2 W;5,4 W;0,0 W;0,0 �C
2025-04-03 04:05:11;63,0 �C;63,0 �C;63,0 �C;63,0 �C;63,0 �C;7,7 W;4,9 W;0,0 W;0,0 �C
2025-04-03 04:05:13;63,0 �C;63,0 �C;60,0 �C;61,0 �C;63,0 �C;9,7 W;6,8 W;0,0 W;0,0 �C
2025-04-03 04:05:15;63,0 �C;62,0 �C;56,0 �C;59,0 �C;63,0 �C;7,2 W;4,4 W;0,0 W;0,0 �C
2025-04-03 04:05:17;60,0 �C;60,0 �C;55,0 �C;59,0 �C;61,0 �C;8,0 W;5,2 W;0,0 W;0,0 �C
2025-04-03 04:05:19;56,0 �C;56,0 �C;56,0 �C;56,0 �C;56,0 �C;9,7 W;6,8 W;0,0 W;0,0 �C
2025-04-03 04:05:21;60,0 �C;61,0 �C;59,0 �C;60,0 �C;62,0 �C;7,9 W;5,0 W;0,0 W;0,0 �C
2025-04-03 04:05:23;64,0 �C;64,0 �C;64,0 �C;64,0 �C;64,0 �C;8,0 W;5,1 W;0,0 W;0,0 �C
2025-04-03 04:05:25;61,0 �C;60,0 �C;57,0 �C;60,0 �C;62,0 �C;7,4 W;4,6 W;0,0 W;0,0 �C
2025-04-03 04:05:27;63,0 �C;65,0 �C;60,0 �C;63,0 �C;65,0 �C;8,8 W;6,0 W;0,0 W;0,0 �C
2025-04-03 04:05:29;57,0 �C;57,0 �C;57,0 �C;57,0 �C;57,0 �C;8,1 W;5,2 W;0,0 W;0,0 �C
2025-04-03 04:05:31;65,0 �C;65,0 �C;65,0 �C;65,0 �C;65,0 �C;7,8 W;5,0 W;0,0 W;0,0 �C
2025-04-03 04:05:33;57,0 �C;57,0 �C;57,0 �C;57,0 �C;59,0 �C;8,3 W;5,4 W;0,0 W;0,0 �C
2025-04-03 04:05:35;59,0 �C;59,0 �C;59,0 �C;59,0 �C;60,0 �C;7,3 W;4,5 W;0,0 W;0,0 �C
2025-04-03 04:05:37;65,0 �C;65,0 �C;63,0 �C;59,0 �C;66,0 �C;8,2 W;5,4 W;0,0 W;0,0 �C
2025-04-03 04:05:39;63,0 �C;60,0 �C;60,0 �C;60,0 �C;64,0 �C;8,3 W;5,4 W;0,0 W;0,0 �C
2025-04-03 04:05:41;66,0 �C;61,0 �C;58,0 �C;62,0 �C;66,0 �C;8,0 W;5,1 W;0,0 W;0,0 �C
2025-04-03 04:05:43;59,0 �C;59,0 �C;55,0 �C;59,0 �C;59,0 �C;7,5 W;4,6 W;0,0 W;0,0 �C
2025-04-03 04:05:45;60,0 �C;61,0 �C;55,0 �C;58,0 �C;61,0 �C;7,8 W;4,9 W;0,0 W;0,0 �C
2025-04-03 04:05:47;58,0 �C;58,0 �C;55,0 �C;59,0 �C;59,0 �C;8,5 W;5,6 W;0,0 W;0,0 �C
2025-04-03 04:05:49;61,0 �C;61,0 �C;61,0 �C;61,0 �C;61,0 �C;8,9 W;6,0 W;0,0 W;0,0 �C
2025-04-03 04:05:51;62,0 �C;62,0 �C;62,0 �C;62,0 �C;62,0 �C;9,2 W;6,3 W;0,0 W;0,0 �C
2025-04-03 04:05:53;64,0 �C;63,0 �C;60,0 �C;60,0 �C;65,0 �C;7,2 W;4,4 W;0,0 W;0,0 �C
2025-04-03 04:05:55;59,0 �C;59,0 �C;59,0 �C;59,0 �C;59,0 �C;8,3 W;5,4 W;0,0 W;0,0 �C
2025-04-03 04:05:57;61,0 �C;61,0 �C;61,0 �C;61,0 �C;62,0 �C;8,1 W;5,3 W;0,0 W;0,0 �C
2025-04-03 04:05:59;61,0 �C;61,0 �C;57,0 �C;60,0 �C;63,0 �C;8,4 W;5,5 W;0,0 W;0,0 �C
2025-04-03 04:06:01;63,0 �C;64,0 �C;57,0 �C;65,0 �C;64,0 �C;7,8 W;5,0 W;0,0 W;0,0 �C
2025-04-03 04:06:03;61,0 �C;61,0 �C;61,0 �C;61,0 �C;62,0 �C;8,3 W;5,5 W;0,0 W;0,0 �C
2025-04-03 04:06:05;58,0 �C;58,0 �C;57,0 �C;57,0 �C;57,0 �C;8,0 W;5,1 W;0,0 W;0,0 �C
2025-04-03 04:06:07;63,0 �C;63,0 �C;63,0 �C;63,0 �C;63,0 �C;8,9 W;5,9 W;0,0 W;0,0 �C
2025-04-03 04:06:09;63,0 �C;63,0 �C;56,0 �C;60,0 �C;64,0 �C;10,1 W;7,2 W;0,0 W;0,0 �C
2025-04-03 04:06:11;55,0 �C;55,0 �C;55,0 �C;55,0 �C;55,0 �C;9,6 W;6,7 W;0,0 W;0,0 �C
2025-04-03 04:06:13;59,0 �C;58,0 �C;55,0 �C;59,0 �C;59,0 �C;8,1 W;5,2 W;0,0 W;0,0 �C
2025-04-03 04:06:15;60,0 �C;60,0 �C;57,0 �C;59,0 �C;61,0 �C;7,5 W;4,7 W;0,0 W;0,0 �C
2025-04-03 04:06:17;60,0 �C;59,0 �C;56,0 �C;61,0 �C;60,0 �C;8,7 W;5,8 W;0,0 W;0,0 �C
2025-04-03 04:06:19;59,0 �C;59,0 �C;59,0 �C;59,0 �C;59,0 �C;8,4 W;5,5 W;0,0 W;0,0 �C
2025-04-03 04:06:21;60,0 �C;59,0 �C;55,0 �C;58,0 �C;60,0 �C;8,4 W;5,5 W;0,0 W;0,0 �C
2025-04-03 04:06:23;59,0 �C;60,0 �C;57,0 �C;64,0 �C;64,0 �C;8,0 W;5,1 W;0,0 W;0,0 �C
2025-04-03 04:06:25;63,0 �C;63,0 �C;63,0 �C;63,0 �C;63,0 �C;8,8 W;5,9 W;0,0 W;0,0 �C
2025-04-03 04:06:27;61,0 �C;59,0 �C;56,0 �C;59,0 �C;61,0 �C;8,2 W;5,4 W;0,0 W;0,0 �C
2025-04-03 04:06:29;62,0 �C;62,0 �C;62,0 �C;62,0 �C;62,0 �C;8,2 W;5,3 W;0,0 W;0,0 �C
2025-04-03 04:06:31;63,0 �C;63,0 �C;63,0 �C;63,0 �C;63,0 �C;8,4 W;5,5 W;0,0 W;0,0 �C
2025-04-03 04:06:34;59,0 �C;60,0 �C;59,0 �C;60,0 �C;60,0 �C;8,4 W;5,5 W;0,0 W;0,0 �C
2025-04-03 04:06:36;60,0 �C;59,0 �C;57,0 �C;60,0 �C;60,0 �C;7,7 W;4,9 W;0,0 W;0,0 �C
2025-04-03 04:06:38;60,0 �C;60,0 �C;59,0 �C;60,0 �C;60,0 �C;7,5 W;4,6 W;0,0 W;0,0 �C
2025-04-03 04:06:40;60,0 �C;60,0 �C;60,0 �C;60,0 �C;60,0 �C;7,3 W;4,5 W;0,0 W;0,0 �C
2025-04-03 04:06:42;60,0 �C;60,0 �C;60,0 �C;60,0 �C;60,0 �C;8,4 W;5,6 W;0,0 W;0,0 �C
2025-04-03 04:06:44;63,0 �C;59,0 �C;62,0 �C;65,0 �C;64,0 �C;8,3 W;5,4 W;0,0 W;0,0 �C
2025-04-03 04:06:46;61,0 �C;58,0 �C;55,0 �C;58,0 �C;61,0 �C;8,0 W;5,2 W;0,0 W;0,0 �C
2025-04-03 04:06:48;59,0 �C;60,0 �C;56,0 �C;60,0 �C;60,0 �C;7,8 W;4,9 W;0,0 W;0,0 �C
2025-04-03 04:06:50;60,0 �C;61,0 �C;58,0 �C;60,0 �C;61,0 �C;9,2 W;6,3 W;0,0 W;0,0 �C
2025-04-03 04:06:52;58,0 �C;58,0 �C;58,0 �C;58,0 �C;58,0 �C;8,0 W;5,1 W;0,0 W;0,0 �C
2025-04-03 04:06:54;57,0 �C;57,0 �C;57,0 �C;57,0 �C;57,0 �C;7,4 W;4,6 W;0,0 W;0,0 �C
2025-04-03 04:06:56;60,0 �C;59,0 �C;55,0 �C;58,0 �C;63,0 �C;8,5 W;5,7 W;0,0 W;0,0 �C
2025-04-03 04:06:58;60,0 �C;60,0 �C;55,0 �C;58,0 �C;62,0 �C;8,4 W;5,6 W;0,0 W;0,0 �C
2025-04-03 04:07:00;60,0 �C;60,0 �C;60,0 �C;60,0 �C;61,0 �C;9,4 W;6,5 W;0,0 W;0,0 �C
2025-04-03 04:07:02;60,0 �C;59,0 �C;60,0 �C;59,0 �C;63,0 �C;9,2 W;6,3 W;0,0 W;0,0 �C
2025-04-03 04:07:04;64,0 �C;59,0 �C;61,0 �C;64,0 �C;64,0 �C;7,8 W;4,9 W;0,0 W;0,0 �C
2025-04-03 04:07:06;55,0 �C;55,0 �C;55,0 �C;55,0 �C;55,0 �C;8,0 W;5,1 W;0,0 W;0,0 �C
2025-04-03 04:07:08;55,0 �C;55,0 �C;55,0 �C;55,0 �C;55,0 �C;8,5 W;5,7 W;0,0 W;0,0 �C
2025-04-03 04:07:10;62,0 �C;61,0 �C;58,0 �C;64,0 �C;64,0 �C;7,4 W;4,6 W;0,0 W;0,0 �C
2025-04-03 04:07:12;61,0 �C;61,0 �C;55,0 �C;62,0 �C;62,0 �C;8,4 W;5,5 W;0,0 W;0,0 �C
2025-04-03 04:07:14;65,0 �C;65,0 �C;65,0 �C;65,0 �C;65,0 �C;11,2 W;8,3 W;0,0 W;0,0 �C
2025-04-03 04:07:16;59,0 �C;59,0 �C;55,0 �C;59,0 �C;61,0 �C;8,3 W;5,4 W;0,0 W;0,0 �C
2025-04-03 04:07:18;62,0 �C;62,0 �C;60,0 �C;63,0 �C;63,0 �C;7,8 W;4,9 W;0,0 W;0,0 �C
2025-04-03 04:07:20;60,0 �C;61,0 �C;61,0 �C;61,0 �C;62,0 �C;9,8 W;6,9 W;0,0 W;0,0 �C
2025-04-03 04:07:22;63,0 �C;63,0 �C;55,0 �C;59,0 �C;63,0 �C;8,2 W;5,4 W;0,0 W;0,0 �C
2025-04-03 04:07:24;60,0 �C;59,0 �C;59,0 �C;59,0 �C;60,0 �C;9,8 W;6,9 W;0,0 W;0,0 �C
2025-04-03 04:07:26;59,0 �C;61,0 �C;60,0 �C;62,0 �C;63,0 �C;8,6 W;5,7 W;0,0 W;0,0 �C
2025-04-03 04:07:28;63,0 �C;63,0 �C;63,0 �C;63,0 �C;63,0 �C;8,0 W;5,2 W;0,0 W;0,0 �C
2025-04-03 04:07:30;59,0 �C;60,0 �C;55,0 �C;58,0 �C;60,0 �C;8,0 W;5,2 W;0,0 W;0,0 �C
2025-04-03 04:07:32;60,0 �C;60,0 �C;60,0 �C;60,0 �C;60,0 �C;8,7 W;5,8 W;0,0 W;0,0 �C
2025-04-03 04:07:34;62,0 �C;62,0 �C;63,0 �C;62,0 �C;63,0 �C;10,2 W;7,2 W;0,0 W;0,0 �C
2025-04-03 04:07:36;59,0 �C;59,0 �C;54,0 �C;59,0 �C;61,0 �C;8,8 W;5,9 W;0,0 W;0,0 �C
2025-04-03 04:07:38;58,0 �C;58,0 �C;58,0 �C;58,0 �C;58,0 �C;7,4 W;4,6 W;0,0 W;0,0 �C
2025-04-03 04:07:40;60,0 �C;61,0 �C;56,0 �C;60,0 �C;61,0 �C;8,5 W;5,6 W;0,0 W;0,0 �C
2025-04-03 04:07:42;58,0 �C;59,0 �C;54,0 �C;58,0 �C;62,0 �C;8,9 W;6,0 W;0,0 W;0,0 �C
2025-04-03 04:07:44;59,0 �C;59,0 �C;54,0 �C;60,0 �C;60,0 �C;8,6 W;5,7 W;0,0 W;0,0 �C
2025-04-03 04:07:46;55,0 �C;55,0 �C;55,0 �C;55,0 �C;55,0 �C;6,3 W;3,5 W;0,0 W;0,0 �C
2025-04-03 04:07:48;63,0 �C;63,0 �C;63,0 �C;63,0 �C;63,0 �C;8,3 W;5,4 W;0,0 W;0,0 �C
2025-04-03 04:07:50;60,0 �C;60,0 �C;55,0 �C;60,0 �C;61,0 �C;8,8 W;5,9 W;0,0 W;0,0 �C
2025-04-03 04:07:52;61,0 �C;59,0 �C;55,0 �C;58,0 �C;63,0 �C;8,4 W;5,6 W;0,0 W;0,0 �C
2025-04-03 04:07:54;55,0 �C;55,0 �C;55,0 �C;55,0 �C;55,0 �C;8,0 W;5,2 W;0,0 W;0,0 �C
2025-04-03 04:07:56;64,0 �C;64,0 �C;64,0 �C;64,0 �C;64,0 �C;7,0 W;4,2 W;0,0 W;0,0 �C
2025-04-03 04:07:58;60,0 �C;60,0 �C;57,0 �C;59,0 �C;60,0 �C;8,8 W;5,9 W;0,0 W;0,0 �C
2025-04-03 04:08:00;64,0 �C;64,0 �C;64,0 �C;64,0 �C;64,0 �C;8,1 W;5,2 W;0,0 W;0,0 �C
2025-04-03 04:08:02;59,0 �C;59,0 �C;59,0 �C;59,0 �C;59,0 �C;8,2 W;5,3 W;0,0 W;0,0 �C
2025-04-03 04:08:04;61,0 �C;61,0 �C;61,0 �C;61,0 �C;61,0 �C;9,2 W;6,4 W;0,0 W;0,0 �C
2025-04-03 04:08:06;60,0 �C;60,0 �C;60,0 �C;60,0 �C;60,0 �C;7,7 W;4,9 W;0,0 W;0,0 �C
2025-04-03 04:08:08;53,0 �C;53,0 �C;53,0 �C;53,0 �C;54,0 �C;6,9 W;4,1 W;0,0 W;0,0 �C
2025-04-03 04:08:10;58,0 �C;58,0 �C;55,0 �C;60,0 �C;60,0 �C;8,4 W;5,5 W;0,0 W;0,0 �C
2025-04-03 04:08:12;60,0 �C;60,0 �C;54,0 �C;59,0 �C;60,0 �C;7,9 W;5,0 W;0,0 W;0,0 �C
2025-04-03 04:08:14;59,0 �C;58,0 �C;55,0 �C;58,0 �C;59,0 �C;8,7 W;5,8 W;0,0 W;0,0 �C
2025-04-03 04:08:16;62,0 �C;63,0 �C;58,0 �C;60,0 �C;63,0 �C;8,0 W;5,2 W;0,0 W;0,0 �C
2025-04-03 04:08:18;58,0 �C;58,0 �C;54,0 �C;60,0 �C;60,0 �C;8,1 W;5,2 W;0,0 W;0,0 �C
2025-04-03 04:08:20;53,0 �C;53,0 �C;53,0 �C;53,0 �C;54,0 �C;8,7 W;5,8 W;0,0 W;0,0 �C
2025-04-03 04:08:22;62,0 �C;58,0 �C;55,0 �C;63,0 �C;63,0 �C;9,4 W;6,4 W;0,0 W;0,0 �C
2025-04-03 04:08:24;59,0 �C;59,0 �C;54,0 �C;58,0 �C;59,0 �C;8,0 W;5,1 W;0,0 W;0,0 �C
2025-04-03 04:08:26;63,0 �C;61,0 �C;63,0 �C;62,0 �C;63,0 �C;8,1 W;5,2 W;0,0 W;0,0 �C
2025-04-03 04:08:28;60,0 �C;60,0 �C;60,0 �C;60,0 �C;60,0 �C;9,4 W;6,5 W;0,0 W;0,0 �C
2025-04-03 04:08:30;58,0 �C;58,0 �C;58,0 �C;58,0 �C;58,0 �C;8,4 W;5,5 W;0,0 W;0,0 �C
2025-04-03 04:08:32;53,0 �C;53,0 �C;53,0 �C;53,0 �C;54,0 �C;8,6 W;5,6 W;0,0 W;0,0 �C
2025-04-03 04:08:34;58,0 �C;59,0 �C;54,0 �C;58,0 �C;59,0 �C;8,7 W;5,8 W;0,0 W;0,0 �C
2025-04-03 04:08:36;62,0 �C;62,0 �C;62,0 �C;62,0 �C;62,0 �C;8,6 W;5,6 W;0,0 W;0,0 �C
2025-04-03 04:08:38;60,0 �C;66,0 �C;55,0 �C;63,0 �C;66,0 �C;7,9 W;5,0 W;0,0 W;0,0 �C
2025-04-03 04:08:40;59,0 �C;59,0 �C;55,0 �C;58,0 �C;60,0 �C;8,9 W;6,0 W;0,0 W;0,0 �C
2025-04-03 04:08:42;56,0 �C;56,0 �C;56,0 �C;56,0 �C;56,0 �C;7,5 W;4,7 W;0,0 W;0,0 �C
2025-04-03 04:08:44;53,0 �C;53,0 �C;53,0 �C;53,0 �C;54,0 �C;7,4 W;4,6 W;0,0 W;0,0 �C
2025-04-03 04:08:46;61,0 �C;61,0 �C;61,0 �C;61,0 �C;61,0 �C;8,4 W;5,5 W;0,0 W;0,0 �C
2025-04-03 04:08:48;61,0 �C;59,0 �C;54,0 �C;57,0 �C;61,0 �C;8,5 W;5,6 W;0,0 W;0,0 �C
2025-04-03 04:08:50;59,0 �C;59,0 �C;59,0 �C;59,0 �C;59,0 �C;8,3 W;5,5 W;0,0 W;0,0 �C
2025-04-03 04:08:52;62,0 �C;63,0 �C;62,0 �C;62,0 �C;63,0 �C;8,8 W;5,9 W;0,0 W;0,0 �C
2025-04-03 04:08:54;59,0 �C;59,0 �C;56,0 �C;61,0 �C;62,0 �C;8,9 W;6,0 W;0,0 W;0,0 �C
2025-04-03 04:08:56;61,0 �C;60,0 �C;55,0 �C;59,0 �C;63,0 �C;8,4 W;5,5 W;0,0 W;0,0 �C
2025-04-03 04:08:58;60,0 �C;60,0 �C;54,0 �C;58,0 �C;60,0 �C;8,2 W;5,3 W;0,0 W;0,0 �C
2025-04-03 04:09:00;62,0 �C;62,0 �C;61,0 �C;63,0 �C;63,0 �C;9,0 W;6,1 W;0,0 W;0,0 �C
2025-04-03 04:09:02;62,0 �C;62,0 �C;55,0 �C;58,0 �C;63,0 �C;10,0 W;7,1 W;0,0 W;0,0 �C
2025-04-03 04:09:05;58,0 �C;58,0 �C;54,0 �C;59,0 �C;59,0 �C;7,9 W;5,0 W;0,0 W;0,0 �C
2025-04-03 04:09:07;58,0 �C;58,0 �C;58,0 �C;57,0 �C;57,0 �C;7,2 W;4,4 W;0,0 W;0,0 �C
2025-04-03 04:09:09;59,0 �C;59,0 �C;59,0 �C;59,0 �C;59,0 �C;7,4 W;4,5 W;0,0 W;0,0 �C
2025-04-03 04:09:11;59,0 �C;59,0 �C;59,0 �C;60,0 �C;60,0 �C;9,3 W;6,4 W;0,0 W;0,0 �C
2025-04-03 04:09:13;59,0 �C;58,0 �C;56,0 �C;59,0 �C;60,0 �C;8,5 W;5,6 W;0,0 W;0,0 �C
2025-04-03 04:09:15;58,0 �C;58,0 �C;54,0 �C;58,0 �C;58,0 �C;8,7 W;5,8 W;0,0 W;0,0 �C
2025-04-03 04:09:17;58,0 �C;58,0 �C;58,0 �C;58,0 �C;58,0 �C;7,3 W;4,5 W;0,0 W;0,0 �C
2025-04-03 04:09:19;60,0 �C;58,0 �C;54,0 �C;59,0 �C;60,0 �C;8,8 W;5,9 W;0,0 W;0,0 �C
2025-04-03 04:09:21;60,0 �C;58,0 �C;53,0 �C;59,0 �C;60,0 �C;7,9 W;5,1 W;0,0 W;0,0 �C
2025-04-03 04:09:23;56,0 �C;56,0 �C;56,0 �C;56,0 �C;56,0 �C;7,6 W;4,8 W;0,0 W;0,0 �C
2025-04-03 04:09:25;65,0 �C;59,0 �C;55,0 �C;58,0 �C;65,0 �C;8,9 W;6,0 W;0,0 W;0,0 �C
2025-04-03 04:09:27;58,0 �C;58,0 �C;54,0 �C;58,0 �C;59,0 �C;8,4 W;5,5 W;0,0 W;0,0 �C
2025-04-03 04:09:29;59,0 �C;60,0 �C;54,0 �C;60,0 �C;60,0 �C;8,5 W;5,6 W;0,0 W;0,0 �C
2025-04-03 04:09:31;59,0 �C;59,0 �C;59,0 �C;59,0 �C;59,0 �C;9,3 W;6,4 W;0,0 W;0,0 �C
2025-04-03 04:09:33;66,0 �C;64,0 �C;56,0 �C;58,0 �C;66,0 �C;9,2 W;6,3 W;0,0 W;0,0 �C
2025-04-03 04:09:35;53,0 �C;53,0 �C;53,0 �C;53,0 �C;53,0 �C;7,8 W;5,0 W;0,0 W;0,0 �C
2025-04-03 04:09:37;58,0 �C;58,0 �C;58,0 �C;58,0 �C;58,0 �C;9,1 W;6,2 W;0,0 W;0,0 �C
2025-04-03 04:09:39;62,0 �C;62,0 �C;62,0 �C;62,0 �C;62,0 �C;8,5 W;5,6 W;0,0 W;0,0 �C
2025-04-03 04:09:41;57,0 �C;57,0 �C;57,0 �C;57,0 �C;57,0 �C;8,0 W;5,1 W;0,0 W;0,0 �C
2025-04-03 04:09:43;59,0 �C;59,0 �C;55,0 �C;58,0 �C;59,0 �C;9,0 W;6,1 W;0,0 W;0,0 �C
2025-04-03 04:09:45;57,0 �C;60,0 �C;56,0 �C;59,0 �C;60,0 �C;7,6 W;4,8 W;0,0 W;0,0 �C
2025-04-03 04:09:47;61,0 �C;59,0 �C;54,0 �C;60,0 �C;62,0 �C;8,4 W;5,4 W;0,0 W;0,0 �C
2025-04-03 04:09:49;59,0 �C;60,0 �C;56,0 �C;59,0 �C;61,0 �C;9,4 W;6,5 W;0,0 W;0,0 �C
2025-04-03 04:09:51;58,0 �C;59,0 �C;53,0 �C;57,0 �C;59,0 �C;8,6 W;5,8 W;0,0 W;0,0 �C
2025-04-03 04:09:53;60,0 �C;59,0 �C;55,0 �C;59,0 �C;60,0 �C;8,6 W;5,7 W;0,0 W;0,0 �C
2025-04-03 04:09:55;61,0 �C;60,0 �C;55,0 �C;60,0 �C;61,0 �C;11,3 W;8,4 W;0,0 W;0,0 �C
2025-04-03 04:09:57;63,0 �C;60,0 �C;61,0 �C;59,0 �C;64,0 �C;8,2 W;5,3 W;0,0 W;0,0 �C
2025-04-03 04:09:59;62,0 �C;62,0 �C;62,0 �C;62,0 �C;62,0 �C;8,3 W;5,4 W;0,0 W;0,0 �C
2025-04-03 04:10:01;57,0 �C;57,0 �C;57,0 �C;57,0 �C;57,0 �C;8,6 W;5,7 W;0,0 W;0,0 �C
2025-04-03 04:10:03;59,0 �C;62,0 �C;59,0 �C;58,0 �C;64,0 �C;9,0 W;6,1 W;0,0 W;0,0 �C
2025-04-03 04:10:05;63,0 �C;63,0 �C;63,0 �C;63,0 �C;63,0 �C;12,9 W;9,9 W;0,0 W;0,0 �C
2025-04-03 04:10:07;60,0 �C;60,0 �C;57,0 �C;59,0 �C;62,0 �C;7,4 W;4,6 W;0,0 W;0,0 �C
2025-04-03 04:10:09;59,0 �C;59,0 �C;59,0 �C;59,0 �C;59,0 �C;7,4 W;4,5 W;0,0 W;0,0 �C
2025-04-03 04:10:11;61,0 �C;61,0 �C;61,0 �C;61,0 �C;61,0 �C;8,0 W;5,2 W;0,0 W;0,0 �C
2025-04-03 04:10:13;63,0 �C;62,0 �C;58,0 �C;62,0 �C;63,0 �C;7,7 W;4,8 W;0,0 W;0,0 �C
2025-04-03 04:10:15;62,0 �C;62,0 �C;62,0 �C;62,0 �C;62,0 �C;9,2 W;6,3 W;0,0 W;0,0 �C
2025-04-03 04:10:17;60,0 �C;58,0 �C;54,0 �C;59,0 �C;60,0 �C;7,4 W;4,6 W;0,0 W;0,0 �C
2025-04-03 04:10:19;62,0 �C;62,0 �C;59,0 �C;63,0 �C;63,0 �C;8,7 W;5,8 W;0,0 W;0,0 �C
2025-04-03 04:10:21;60,0 �C;58,0 �C;53,0 �C;60,0 �C;60,0 �C;7,4 W;4,6 W;0,0 W;0,0 �C
2025-04-03 04:10:23;62,0 �C;58,0 �C;55,0 �C;58,0 �C;65,0 �C;7,6 W;4,8 W;0,0 W;0,0 �C
2025-04-03 04:10:25;59,0 �C;60,0 �C;61,0 �C;60,0 �C;61,0 �C;7,9 W;5,1 W;0,0 W;0,0 �C
2025-04-03 04:10:27;55,0 �C;55,0 �C;55,0 �C;55,0 �C;55,0 �C;8,7 W;5,8 W;0,0 W;0,0 �C
2025-04-03 04:10:29;59,0 �C;59,0 �C;59,0 �C;59,0 �C;59,0 �C;8,6 W;5,7 W;0,0 W;0,0 �C
2025-04-03 04:10:31;59,0 �C;58,0 �C;58,0 �C;59,0 �C;59,0 �C;9,4 W;6,5 W;0,0 W;0,0 �C
2025-04-03 04:10:33;54,0 �C;54,0 �C;54,0 �C;54,0 �C;54,0 �C;8,1 W;5,3 W;0,0 W;0,0 �C
2025-04-03 04:10:35;58,0 �C;58,0 �C;54,0 �C;56,0 �C;59,0 �C;8,7 W;5,9 W;0,0 W;0,0 �C
2025-04-03 04:10:37;59,0 �C;59,0 �C;53,0 �C;57,0 �C;59,0 �C;10,0 W;7,1 W;0,0 W;0,0 �C
2025-04-03 04:10:39;57,0 �C;57,0 �C;57,0 �C;57,0 �C;58,0 �C;8,4 W;5,5 W;0,0 W;0,0 �C
2025-04-03 04:10:41;59,0 �C;63,0 �C;55,0 �C;63,0 �C;63,0 �C;8,3 W;5,4 W;0,0 W;0,0 �C
2025-04-03 04:10:43;60,0 �C;64,0 �C;55,0 �C;63,0 �C;64,0 �C;8,7 W;5,8 W;0,0 W;0,0 �C
2025-04-03 04:10:45;59,0 �C;58,0 �C;54,0 �C;58,0 �C;59,0 �C;8,2 W;5,3 W;0,0 W;0,0 �C
2025-04-03 04:10:47;58,0 �C;58,0 �C;58,0 �C;58,0 �C;59,0 �C;7,7 W;4,9 W;0,0 W;0,0 �C
2025-04-03 04:10:49;59,0 �C;58,0 �C;54,0 �C;58,0 �C;59,0 �C;7,8 W;5,0 W;0,0 W;0,0 �C
2025-04-03 04:10:51;57,0 �C;57,0 �C;54,0 �C;58,0 �C;58,0 �C;8,7 W;5,8 W;0,0 W;0,0 �C
2025-04-03 04:10:53;54,0 �C;54,0 �C;54,0 �C;54,0 �C;54,0 �C;7,9 W;5,1 W;0,0 W;0,0 �C
2025-04-03 04:10:55;58,0 �C;58,0 �C;58,0 �C;59,0 �C;59,0 �C;7,3 W;4,5 W;0,0 W;0,0 �C
2025-04-03 04:10:57;58,0 �C;58,0 �C;56,0 �C;58,0 �C;60,0 �C;7,3 W;4,4 W;0,0 W;0,0 �C
2025-04-03 04:10:59;58,0 �C;58,0 �C;54,0 �C;58,0 �C;59,0 �C;8,4 W;5,5 W;0,0 W;0,0 �C
2025-04-03 04:11:01;61,0 �C;61,0 �C;61,0 �C;61,0 �C;61,0 �C;8,9 W;5,9 W;0,0 W;0,0 �C
2025-04-03 04:11:03;59,0 �C;59,0 �C;57,0 �C;58,0 �C;59,0 �C;9,0 W;6,2 W;0,0 W;0,0 �C
2025-04-03 04:11:05;63,0 �C;63,0 �C;55,0 �C;62,0 �C;63,0 �C;8,5 W;5,7 W;0,0 W;0,0 �C
2025-04-03 04:11:07;58,0 �C;58,0 �C;54,0 �C;57,0 �C;61,0 �C;10,2 W;7,2 W;0,0 W;0,0 �C
2025-04-03 04:11:09;56,0 �C;56,0 �C;56,0 �C;56,0 �C;56,0 �C;9,1 W;6,2 W;0,0 W;0,0 �C
2025-04-03 04:11:11;64,0 �C;59,0 �C;55,0 �C;58,0 �C;64,0 �C;8,0 W;5,2 W;0,0 W;0,0 �C
2025-04-03 04:11:13;58,0 �C;58,0 �C;55,0 �C;57,0 �C;59,0 �C;7,1 W;4,3 W;0,0 W;0,0 �C
2025-04-03 04:11:15;59,0 �C;57,0 �C;55,0 �C;57,0 �C;60,0 �C;8,0 W;5,2 W;0,0 W;0,0 �C
2025-04-03 04:11:17;57,0 �C;57,0 �C;57,0 �C;57,0 �C;57,0 �C;8,1 W;5,2 W;0,0 W;0,0 �C
2025-04-03 04:11:19;59,0 �C;58,0 �C;62,0 �C;58,0 �C;62,0 �C;8,2 W;5,3 W;0,0 W;0,0 �C
2025-04-03 04:11:21;61,0 �C;61,0 �C;61,0 �C;61,0 �C;61,0 �C;8,6 W;5,7 W;0,0 W;0,0 �C
2025-04-03 04:11:23;54,0 �C;54,0 �C;54,0 �C;54,0 �C;54,0 �C;8,1 W;5,2 W;0,0 W;0,0 �C
2025-04-03 04:11:25;63,0 �C;64,0 �C;56,0 �C;59,0 �C;64,0 �C;8,8 W;5,9 W;0,0 W;0,0 �C
2025-04-03 04:11:27;63,0 �C;58,0 �C;56,0 �C;58,0 �C;63,0 �C;8,9 W;6,1 W;0,0 W;0,0 �C
2025-04-03 04:11:29;62,0 �C;63,0 �C;54,0 �C;57,0 �C;63,0 �C;8,5 W;5,6 W;0,0 W;0,0 �C
2025-04-03 04:11:31;59,0 �C;57,0 �C;55,0 �C;59,0 �C;59,0 �C;8,0 W;5,2 W;0,0 W;0,0 �C
2025-04-03 04:11:34;62,0 �C;62,0 �C;62,0 �C;59,0 �C;61,0 �C;8,0 W;5,1 W;0,0 W;0,0 �C
2025-04-03 04:11:36;58,0 �C;58,0 �C;58,0 �C;58,0 �C;58,0 �C;7,1 W;4,3 W;0,0 W;0,0 �C
2025-04-03 04:11:38;59,0 �C;57,0 �C;54,0 �C;57,0 �C;60,0 �C;8,7 W;5,8 W;0,0 W;0,0 �C
2025-04-03 04:11:40;59,0 �C;59,0 �C;59,0 �C;59,0 �C;59,0 �C;7,0 W;4,2 W;0,0 W;0,0 �C
2025-04-03 04:11:42;56,0 �C;56,0 �C;56,0 �C;56,0 �C;56,0 �C;7,3 W;4,5 W;0,0 W;0,0 �C
2025-04-03 04:11:44;57,0 �C;57,0 �C;54,0 �C;56,0 �C;59,0 �C;8,8 W;5,9 W;0,0 W;0,0 �C
2025-04-03 04:11:46;59,0 �C;58,0 �C;53,0 �C;58,0 �C;59,0 �C;7,9 W;5,0 W;0,0 W;0,0 �C
2025-04-03 04:11:48;58,0 �C;57,0 �C;54,0 �C;56,0 �C;58,0 �C;7,7 W;4,9 W;0,0 W;0,0 �C
2025-04-03 04:11:50;59,0 �C;58,0 �C;58,0 �C;58,0 �C;59,0 �C;7,0 W;4,2 W;0,0 W;0,0 �C
2025-04-03 04:11:52;57,0 �C;59,0 �C;54,0 �C;58,0 �C;60,0 �C;7,7 W;4,9 W;0,0 W;0,0 �C
2025-04-03 04:11:54;57,0 �C;57,0 �C;55,0 �C;57,0 �C;59,0 �C;7,7 W;4,9 W;0,0 W;0,0 �C
2025-04-03 04:11:56;54,0 �C;54,0 �C;54,0 �C;54,0 �C;54,0 �C;8,3 W;5,4 W;0,0 W;0,0 �C
2025-04-03 04:11:58;62,0 �C;63,0 �C;57,0 �C;60,0 �C;63,0 �C;8,8 W;6,0 W;0,0 W;0,0 �C
2025-04-03 04:12:00;57,0 �C;57,0 �C;54,0 �C;57,0 �C;58,0 �C;8,3 W;5,4 W;0,0 W;0,0 �C
2025-04-03 04:12:02;58,0 �C;58,0 �C;54,0 �C;58,0 �C;58,0 �C;7,9 W;5,1 W;0,0 W;0,0 �C
2025-04-03 04:12:04;61,0 �C;61,0 �C;61,0 �C;61,0 �C;61,0 �C;8,6 W;5,8 W;0,0 W;0,0 �C
2025-04-03 04:12:06;57,0 �C;57,0 �C;54,0 �C;60,0 �C;60,0 �C;7,7 W;4,9 W;0,0 W;0,0 �C
2025-04-03 04:12:08;53,0 �C;53,0 �C;53,0 �C;56,0 �C;58,0 �C;8,1 W;5,2 W;0,0 W;0,0 �C
2025-04-03 04:12:10;57,0 �C;57,0 �C;54,0 �C;57,0 �C;57,0 �C;7,9 W;5,1 W;0,0 W;0,0 �C
2025-04-03 04:12:12;57,0 �C;57,0 �C;57,0 �C;57,0 �C;57,0 �C;8,0 W;5,2 W;0,0 W;0,0 �C
2025-04-03 04:12:14;59,0 �C;56,0 �C;54,0 �C;57,0 �C;59,0 �C;8,2 W;5,4 W;0,0 W;0,0 �C
2025-04-03 04:12:16;58,0 �C;60,0 �C;55,0 �C;63,0 �C;63,0 �C;9,3 W;6,4 W;0,0 W;0,0 �C
2025-04-03 04:12:18;54,0 �C;54,0 �C;54,0 �C;54,0 �C;54,0 �C;8,5 W;5,6 W;0,0 W;0,0 �C
2025-04-03 04:12:20;60,0 �C;59,0 �C;55,0 �C;58,0 �C;60,0 �C;10,4 W;7,5 W;0,0 W;0,0 �C
2025-04-03 04:12:22;57,0 �C;57,0 �C;57,0 �C;57,0 �C;57,0 �C;7,4 W;4,6 W;0,0 W;0,0 �C
2025-04-03 04:12:24;61,0 �C;61,0 �C;54,0 �C;57,0 �C;60,0 �C;9,2 W;6,4 W;0,0 W;0,0 �C
2025-04-03 04:12:26;59,0 �C;60,0 �C;58,0 �C;58,0 �C;61,0 �C;10,1 W;7,2 W;0,0 W;0,0 �C
2025-04-03 04:12:28;54,0 �C;54,0 �C;54,0 �C;54,0 �C;54,0 �C;8,4 W;5,6 W;0,0 W;0,0 �C
2025-04-03 04:12:30;59,0 �C;59,0 �C;56,0 �C;59,0 �C;61,0 �C;7,7 W;4,8 W;0,0 W;0,0 �C
2025-04-03 04:12:32;53,0 �C;53,0 �C;53,0 �C;53,0 �C;53,0 �C;8,7 W;5,9 W;0,0 W;0,0 �C
2025-04-03 04:12:34;55,0 �C;55,0 �C;55,0 �C;55,0 �C;55,0 �C;8,3 W;5,5 W;0,0 W;0,0 �C
2025-04-03 04:12:36;58,0 �C;59,0 �C;56,0 �C;57,0 �C;59,0 �C;9,1 W;6,2 W;0,0 W;0,0 �C
2025-04-03 04:12:38;59,0 �C;59,0 �C;56,0 �C;57,0 �C;59,0 �C;8,3 W;5,5 W;0,0 W;0,0 �C
2025-04-03 04:12:40;60,0 �C;57,0 �C;54,0 �C;58,0 �C;61,0 �C;8,2 W;5,4 W;0,0 W;0,0 �C
2025-04-03 04:12:42;56,0 �C;56,0 �C;56,0 �C;56,0 �C;56,0 �C;7,2 W;4,4 W;0,0 W;0,0 �C
2025-04-03 04:12:44;62,0 �C;62,0 �C;62,0 �C;62,0 �C;62,0 �C;7,8 W;4,9 W;0,0 W;0,0 �C
2025-04-03 04:12:46;62,0 �C;62,0 �C;62,0 �C;62,0 �C;62,0 �C;7,6 W;4,8 W;0,0 W;0,0 �C
2025-04-03 04:12:48;59,0 �C;59,0 �C;55,0 �C;63,0 �C;63,0 �C;8,4 W;5,5 W;0,0 W;0,0 �C
2025-04-03 04:12:50;59,0 �C;58,0 �C;55,0 �C;57,0 �C;59,0 �C;8,2 W;5,3 W;0,0 W;0,0 �C
2025-04-03 04:12:52;59,0 �C;57,0 �C;53,0 �C;57,0 �C;59,0 �C;7,7 W;4,9 W;0,0 W;0,0 �C
2025-04-03 04:12:54;59,0 �C;58,0 �C;54,0 �C;58,0 �C;59,0 �C;8,6 W;5,7 W;0,0 W;0,0 �C
2025-04-03 04:12:56;59,0 �C;60,0 �C;53,0 �C;59,0 �C;60,0 �C;7,8 W;5,0 W;0,0 W;0,0 �C
2025-04-03 04:12:58;58,0 �C;58,0 �C;54,0 �C;59,0 �C;59,0 �C;9,0 W;6,1 W;0,0 W;0,0 �C
2025-04-03 04:13:00;54,0 �C;54,0 �C;53,0 �C;53,0 �C;53,0 �C;9,0 W;6,1 W;0,0 W;0,0 �C
2025-04-03 04:13:02;60,0 �C;60,0 �C;60,0 �C;60,0 �C;60,0 �C;9,3 W;6,4 W;0,0 W;0,0 �C
2025-04-03 04:13:04;59,0 �C;58,0 �C;54,0 �C;58,0 �C;59,0 �C;8,8 W;5,9 W;0,0 W;0,0 �C
2025-04-03 04:13:06;59,0 �C;58,0 �C;54,0 �C;58,0 �C;59,0 �C;8,5 W;5,6 W;0,0 W;0,0 �C
2025-04-03 04:13:08;59,0 �C;60,0 �C;54,0 �C;59,0 �C;60,0 �C;8,8 W;5,9 W;0,0 W;0,0 �C
2025-04-03 04:13:10;59,0 �C;60,0 �C;55,0 �C;58,0 �C;60,0 �C;10,0 W;7,1 W;0,0 W;0,0 �C
2025-04-03 04:13:12;63,0 �C;64,0 �C;55,0 �C;58,0 �C;64,0 �C;7,5 W;4,8 W;0,0 W;0,0 �C
2025-04-03 04:13:14;58,0 �C;59,0 �C;55,0 �C;57,0 �C;59,0 �C;8,4 W;5,6 W;0,0 W;0,0 �C
2025-04-03 04:13:16;61,0 �C;61,0 �C;61,0 �C;61,0 �C;61,0 �C;8,9 W;6,0 W;0,0 W;0,0 �C
2025-04-03 04:13:18;60,0 �C;59,0 �C;55,0 �C;57,0 �C;60,0 �C;8,9 W;6,0 W;0,0 W;0,0 �C
2025-04-03 04:13:20;60,0 �C;59,0 �C;58,0 �C;63,0 �C;63,0 �C;9,0 W;6,2 W;0,0 W;0,0 �C
2025-04-03 04:13:22;65,0 �C;64,0 �C;56,0 �C;57,0 �C;65,0 �C;7,9 W;5,0 W;0,0 W;0,0 �C
2025-04-03 04:13:24;54,0 �C;54,0 �C;54,0 �C;54,0 �C;54,0 �C;8,7 W;5,9 W;0,0 W;0,0 �C
2025-04-03 04:13:26;58,0 �C;58,0 �C;57,0 �C;59,0 �C;60,0 �C;8,6 W;5,8 W;0,0 W;0,0 �C
2025-04-03 04:13:28;64,0 �C;62,0 �C;57,0 �C;62,0 �C;64,0 �C;8,3 W;5,4 W;0,0 W;0,0 �C
2025-04-03 04:13:30;60,0 �C;60,0 �C;60,0 �C;60,0 �C;60,0 �C;8,4 W;5,5 W;0,0 W;0,0 �C
2025-04-03 04:13:32;59,0 �C;59,0 �C;59,0 �C;59,0 �C;60,0 �C;9,6 W;6,7 W;0,0 W;0,0 �C
2025-04-03 04:13:34;63,0 �C;58,0 �C;61,0 �C;60,0 �C;63,0 �C;8,8 W;5,9 W;0,0 W;0,0 �C
2025-04-03 04:13:36;59,0 �C;57,0 �C;55,0 �C;56,0 �C;59,0 �C;7,9 W;5,0 W;0,0 W;0,0 �C
2025-04-03 04:13:38;59,0 �C;59,0 �C;55,0 �C;56,0 �C;62,0 �C;7,7 W;4,8 W;0,0 W;0,0 �C
2025-04-03 04:13:40;58,0 �C;58,0 �C;56,0 �C;60,0 �C;62,0 �C;9,1 W;6,3 W;0,0 W;0,0 �C
2025-04-03 04:13:42;51,0 �C;51,0 �C;51,0 �C;51,0 �C;52,0 �C;7,4 W;4,6 W;0,0 W;0,0 �C
2025-04-03 04:13:44;61,0 �C;61,0 �C;61,0 �C;61,0 �C;62,0 �C;9,2 W;6,3 W;0,0 W;0,0 �C
2025-04-03 04:13:46;58,0 �C;58,0 �C;58,0 �C;58,0 �C;59,0 �C;11,0 W;8,0 W;0,0 W;0,0 �C
2025-04-03 04:13:48;54,0 �C;54,0 �C;54,0 �C;54,0 �C;54,0 �C;9,8 W;6,3 W;0,0 W;59,0 �C
2025-04-03 04:13:50;58,0 �C;58,0 �C;54,0 �C;57,0 �C;59,0 �C;8,6 W;5,6 W;0,0 W;0,0 �C
2025-04-03 04:13:52;61,0 �C;61,0 �C;59,0 �C;64,0 �C;66,0 �C;10,2 W;6,8 W;0,0 W;61,0 �C
2025-04-03 04:13:54;53,0 �C;53,0 �C;53,0 �C;53,0 �C;53,0 �C;9,0 W;6,2 W;0,0 W;0,0 �C
2025-04-03 04:13:56;64,0 �C;59,0 �C;56,0 �C;59,0 �C;64,0 �C;8,6 W;5,7 W;0,0 W;0,0 �C
2025-04-03 04:13:58;53,0 �C;53,0 �C;53,0 �C;53,0 �C;54,0 �C;8,7 W;5,9 W;0,0 W;0,0 �C
2025-04-03 04:14:00;58,0 �C;58,0 �C;58,0 �C;58,0 �C;58,0 �C;8,6 W;5,7 W;0,0 W;0,0 �C
2025-04-03 04:14:03;60,0 �C;59,0 �C;57,0 �C;58,0 �C;61,0 �C;8,5 W;5,7 W;0,0 W;0,0 �C
2025-04-03 04:14:05;60,0 �C;60,0 �C;59,0 �C;59,0 �C;60,0 �C;8,6 W;5,7 W;0,0 W;0,0 �C
2025-04-03 04:14:07;63,0 �C;63,0 �C;64,0 �C;63,0 �C;64,0 �C;8,0 W;5,2 W;0,0 W;0,0 �C
2025-04-03 04:14:09;59,0 �C;59,0 �C;59,0 �C;59,0 �C;59,0 �C;7,2 W;4,4 W;0,0 W;0,0 �C
2025-04-03 04:14:11;65,0 �C;64,0 �C;61,0 �C;64,0 �C;65,0 �C;9,0 W;6,1 W;0,0 W;0,0 �C
2025-04-03 04:14:13;59,0 �C;58,0 �C;55,0 �C;59,0 �C;59,0 �C;8,1 W;5,3 W;0,0 W;0,0 �C
2025-04-03 04:14:15;60,0 �C;66,0 �C;63,0 �C;66,0 �C;66,0 �C;12,3 W;9,4 W;0,0 W;0,0 �C
2025-04-03 04:14:17;60,0 �C;58,0 �C;55,0 �C;64,0 �C;64,0 �C;7,9 W;5,1 W;0,0 W;0,0 �C
2025-04-03 04:14:19;60,0 �C;60,0 �C;60,0 �C;60,0 �C;60,0 �C;8,6 W;5,7 W;0,0 W;0,0 �C
2025-04-03 04:14:21;58,0 �C;58,0 �C;56,0 �C;58,0 �C;61,0 �C;8,7 W;5,8 W;0,0 W;0,0 �C
2025-04-03 04:14:23;60,0 �C;60,0 �C;60,0 �C;59,0 �C;59,0 �C;8,6 W;5,7 W;0,0 W;0,0 �C
2025-04-03 04:14:25;58,0 �C;59,0 �C;57,0 �C;59,0 �C;60,0 �C;7,6 W;4,8 W;0,0 W;0,0 �C
2025-04-03 04:14:27;53,0 �C;53,0 �C;53,0 �C;53,0 �C;54,0 �C;7,7 W;4,8 W;0,0 W;0,0 �C
2025-04-03 04:14:29;60,0 �C;60,0 �C;55,0 �C;59,0 �C;60,0 �C;9,0 W;6,0 W;0,0 W;0,0 �C
2025-04-03 04:14:31;58,0 �C;60,0 �C;55,0 �C;60,0 �C;60,0 �C;10,1 W;7,2 W;0,0 W;0,0 �C
2025-04-03 04:14:33;54,0 �C;54,0 �C;54,0 �C;54,0 �C;54,0 �C;8,1 W;5,3 W;0,0 W;0,0 �C
2025-04-03 04:14:35;59,0 �C;60,0 �C;55,0 �C;59,0 �C;62,0 �C;9,6 W;6,7 W;0,0 W;0,0 �C
2025-04-03 04:14:37;62,0 �C;62,0 �C;62,0 �C;62,0 �C;62,0 �C;7,8 W;5,0 W;0,0 W;0,0 �C
2025-04-03 04:14:39;63,0 �C;64,0 �C;61,0 �C;58,0 �C;64,0 �C;8,6 W;5,8 W;0,0 W;0,0 �C
2025-04-03 04:14:41;58,0 �C;59,0 �C;57,0 �C;62,0 �C;63,0 �C;9,2 W;6,3 W;0,0 W;0,0 �C
2025-04-03 04:14:43;61,0 �C;65,0 �C;58,0 �C;61,0 �C;65,0 �C;14,8 W;11,7 W;0,0 W;0,0 �C
2025-04-03 04:14:45;58,0 �C;60,0 �C;55,0 �C;59,0 �C;60,0 �C;9,7 W;6,8 W;0,0 W;0,0 �C
2025-04-03 04:14:47;59,0 �C;59,0 �C;59,0 �C;59,0 �C;59,0 �C;8,3 W;5,4 W;0,0 W;0,0 �C
2025-04-03 04:14:49;61,0 �C;61,0 �C;61,0 �C;61,0 �C;61,0 �C;7,7 W;4,9 W;0,0 W;0,0 �C
2025-04-03 04:14:51;59,0 �C;62,0 �C;56,0 �C;57,0 �C;63,0 �C;9,5 W;6,6 W;0,0 W;0,0 �C
2025-04-03 04:14:53;58,0 �C;58,0 �C;58,0 �C;58,0 �C;58,0 �C;8,4 W;5,6 W;0,0 W;0,0 �C
2025-04-03 04:14:55;61,0 �C;61,0 �C;61,0 �C;61,0 �C;61,0 �C;8,0 W;5,2 W;0,0 W;0,0 �C
2025-04-03 04:14:57;60,0 �C;60,0 �C;55,0 �C;61,0 �C;62,0 �C;8,7 W;5,8 W;0,0 W;0,0 �C
2025-04-03 04:14:59;63,0 �C;64,0 �C;56,0 �C;63,0 �C;64,0 �C;7,6 W;4,8 W;0,0 W;0,0 �C
2025-04-03 04:15:01;64,0 �C;60,0 �C;56,0 �C;59,0 �C;64,0 �C;8,9 W;6,0 W;0,0 W;0,0 �C
2025-04-03 04:15:03;60,0 �C;59,0 �C;56,0 �C;58,0 �C;60,0 �C;10,5 W;7,6 W;0,0 W;0,0 �C
2025-04-03 04:15:05;63,0 �C;65,0 �C;55,0 �C;58,0 �C;65,0 �C;8,1 W;5,3 W;0,0 W;0,0 �C
2025-04-03 04:15:07;58,0 �C;58,0 �C;54,0 �C;59,0 �C;59,0 �C;7,8 W;5,0 W;0,0 W;0,0 �C
2025-04-03 04:15:09;59,0 �C;58,0 �C;55,0 �C;57,0 �C;59,0 �C;8,7 W;5,8 W;0,0 W;0,0 �C
2025-04-03 04:15:11;59,0 �C;59,0 �C;59,0 �C;59,0 �C;60,0 �C;9,1 W;6,2 W;0,0 W;0,0 �C
2025-04-03 04:15:13;63,0 �C;64,0 �C;55,0 �C;59,0 �C;64,0 �C;10,2 W;7,3 W;0,0 W;0,0 �C
2025-04-03 04:15:15;60,0 �C;58,0 �C;55,0 �C;59,0 �C;61,0 �C;8,6 W;5,8 W;0,0 W;0,0 �C
2025-04-03 04:15:17;59,0 �C;59,0 �C;59,0 �C;59,0 �C;59,0 �C;9,3 W;6,5 W;0,0 W;0,0 �C
2025-04-03 04:15:19;57,0 �C;57,0 �C;57,0 �C;57,0 �C;59,0 �C;7,9 W;5,0 W;0,0 W;0,0 �C
2025-04-03 04:15:21;60,0 �C;58,0 �C;54,0 �C;58,0 �C;60,0 �C;8,2 W;5,4 W;0,0 W;0,0 �C
2025-04-03 04:15:23;58,0 �C;58,0 �C;58,0 �C;58,0 �C;58,0 �C;7,8 W;4,9 W;0,0 W;0,0 �C
2025-04-03 04:15:25;58,0 �C;58,0 �C;54,0 �C;58,0 �C;59,0 �C;8,9 W;6,0 W;0,0 W;0,0 �C
2025-04-03 04:15:27;60,0 �C;59,0 �C;55,0 �C;58,0 �C;60,0 �C;8,9 W;6,0 W;0,0 W;0,0 �C
2025-04-03 04:15:29;59,0 �C;59,0 �C;54,0 �C;59,0 �C;61,0 �C;9,2 W;6,4 W;0,0 W;0,0 �C
2025-04-03 04:15:31;60,0 �C;60,0 �C;60,0 �C;60,0 �C;60,0 �C;9,0 W;6,1 W;0,0 W;0,0 �C
2025-04-03 04:15:33;59,0 �C;58,0 �C;57,0 �C;58,0 �C;59,0 �C;8,8 W;5,9 W;0,0 W;0,0 �C
2025-04-03 04:15:35;58,0 �C;59,0 �C;54,0 �C;56,0 �C;59,0 �C;7,5 W;4,7 W;0,0 W;0,0 �C
2025-04-03 04:15:37;62,0 �C;62,0 �C;62,0 �C;62,0 �C;62,0 �C;8,0 W;5,2 W;0,0 W;0,0 �C
2025-04-03 04:15:39;58,0 �C;57,0 �C;54,0 �C;60,0 �C;61,0 �C;8,2 W;5,4 W;0,0 W;0,0 �C
2025-04-03 04:15:41;60,0 �C;58,0 �C;55,0 �C;64,0 �C;64,0 �C;7,7 W;4,9 W;0,0 W;0,0 �C
2025-04-03 04:15:43;61,0 �C;61,0 �C;61,0 �C;61,0 �C;61,0 �C;8,0 W;5,1 W;0,0 W;0,0 �C
2025-04-03 04:15:45;59,0 �C;57,0 �C;54,0 �C;57,0 �C;60,0 �C;8,2 W;5,4 W;0,0 W;0,0 �C
2025-04-03 04:15:47;59,0 �C;59,0 �C;59,0 �C;59,0 �C;59,0 �C;8,8 W;5,9 W;0,0 W;0,0 �C
2025-04-03 04:15:49;63,0 �C;63,0 �C;62,0 �C;62,0 �C;63,0 �C;8,2 W;5,3 W;0,0 W;0,0 �C
2025-04-03 04:15:51;59,0 �C;59,0 �C;55,0 �C;63,0 �C;63,0 �C;9,8 W;6,9 W;0,0 W;0,0 �C
2025-04-03 04:15:53;55,0 �C;55,0 �C;55,0 �C;55,0 �C;55,0 �C;7,6 W;4,8 W;0,0 W;0,0 �C
2025-04-03 04:15:55;58,0 �C;58,0 �C;58,0 �C;58,0 �C;58,0 �C;8,6 W;5,7 W;0,0 W;0,0 �C
2025-04-03 04:15:57;63,0 �C;63,0 �C;63,0 �C;63,0 �C;62,0 �C;8,3 W;5,4 W;0,0 W;0,0 �C
2025-04-03 04:15:59;59,0 �C;59,0 �C;59,0 �C;59,0 �C;59,0 �C;7,9 W;5,1 W;0,0 W;0,0 �C
2025-04-03 04:16:01;63,0 �C;66,0 �C;61,0 �C;64,0 �C;66,0 �C;21,9 W;18,8 W;0,0 W;0,0 �C
2025-04-03 04:16:03;60,0 �C;59,0 �C;54,0 �C;59,0 �C;60,0 �C;8,7 W;5,8 W;0,0 W;0,0 �C
2025-04-03 04:16:05;61,0 �C;61,0 �C;61,0 �C;61,0 �C;61,0 �C;9,0 W;6,1 W;0,0 W;0,0 �C
2025-04-03 04:16:07;64,0 �C;64,0 �C;64,0 �C;64,0 �C;64,0 �C;8,7 W;5,8 W;0,0 W;0,0 �C
2025-04-03 04:16:09;60,0 �C;60,0 �C;60,0 �C;60,0 �C;60,0 �C;7,8 W;5,0 W;0,0 W;0,0 �C
2025-04-03 04:16:11;61,0 �C;59,0 �C;55,0 �C;57,0 �C;61,0 �C;9,3 W;6,4 W;0,0 W;0,0 �C
2025-04-03 04:16:13;61,0 �C;60,0 �C;55,0 �C;63,0 �C;63,0 �C;9,6 W;6,7 W;0,0 W;0,0 �C
2025-04-03 04:16:15;56,0 �C;56,0 �C;56,0 �C;56,0 �C;57,0 �C;9,1 W;6,3 W;0,0 W;0,0 �C
2025-04-03 04:16:17;60,0 �C;58,0 �C;54,0 �C;57,0 �C;60,0 �C;8,5 W;5,6 W;0,0 W;0,0 �C
2025-04-03 04:16:19;60,0 �C;58,0 �C;55,0 �C;57,0 �C;60,0 �C;9,1 W;6,2 W;0,0 W;0,0 �C
2025-04-03 04:16:21;65,0 �C;65,0 �C;65,0 �C;65,0 �C;65,0 �C;7,9 W;5,0 W;0,0 W;0,0 �C
2025-04-03 04:16:23;58,0 �C;58,0 �C;55,0 �C;58,0 �C;58,0 �C;9,0 W;6,1 W;0,0 W;0,0 �C
2025-04-03 04:16:25;63,0 �C;57,0 �C;55,0 �C;63,0 �C;63,0 �C;8,9 W;6,1 W;0,0 W;0,0 �C
2025-04-03 04:16:27;60,0 �C;60,0 �C;60,0 �C;60,0 �C;60,0 �C;7,3 W;4,5 W;0,0 W;0,0 �C
2025-04-03 04:16:29;60,0 �C;59,0 �C;57,0 �C;60,0 �C;60,0 �C;8,1 W;5,2 W;0,0 W;0,0 �C
2025-04-03 04:16:32;60,0 �C;58,0 �C;56,0 �C;59,0 �C;61,0 �C;11,1 W;8,2 W;0,0 W;0,0 �C
2025-04-03 04:16:34;57,0 �C;57,0 �C;57,0 �C;57,0 �C;57,0 �C;10,0 W;7,0 W;0,0 W;0,0 �C
2025-04-03 04:16:36;59,0 �C;58,0 �C;55,0 �C;58,0 �C;59,0 �C;7,2 W;4,4 W;0,0 W;0,0 �C
2025-04-03 04:16:38;58,0 �C;58,0 �C;54,0 �C;56,0 �C;59,0 �C;8,9 W;6,0 W;0,0 W;0,0 �C
2025-04-03 04:16:40;57,0 �C;58,0 �C;54,0 �C;58,0 �C;58,0 �C;8,1 W;5,2 W;0,0 W;0,0 �C
2025-04-03 04:16:42;59,0 �C;59,0 �C;59,0 �C;59,0 �C;59,0 �C;8,8 W;5,9 W;0,0 W;0,0 �C
2025-04-03 04:16:44;60,0 �C;60,0 �C;60,0 �C;60,0 �C;60,0 �C;8,0 W;5,2 W;0,0 W;0,0 �C
2025-04-03 04:16:46;59,0 �C;59,0 �C;54,0 �C;58,0 �C;59,0 �C;12,2 W;9,2 W;0,0 W;0,0 �C
2025-04-03 04:16:48;60,0 �C;60,0 �C;60,0 �C;60,0 �C;60,0 �C;8,8 W;5,9 W;0,0 W;0,0 �C
2025-04-03 04:16:50;60,0 �C;60,0 �C;60,0 �C;60,0 �C;60,0 �C;8,9 W;6,0 W;0,0 W;0,0 �C
2025-04-03 04:16:52;60,0 �C;60,0 �C;60,0 �C;60,0 �C;60,0 �C;8,1 W;5,2 W;0,0 W;0,0 �C
2025-04-03 04:16:54;59,0 �C;58,0 �C;55,0 �C;59,0 �C;59,0 �C;8,5 W;5,6 W;0,0 W;0,0 �C
2025-04-03 04:16:56;53,0 �C;53,0 �C;53,0 �C;53,0 �C;53,0 �C;8,8 W;6,0 W;0,0 W;0,0 �C
2025-04-03 04:16:58;59,0 �C;58,0 �C;57,0 �C;57,0 �C;61,0 �C;7,0 W;4,2 W;0,0 W;0,0 �C
2025-04-03 04:17:00;55,0 �C;55,0 �C;55,0 �C;55,0 �C;55,0 �C;7,8 W;5,0 W;0,0 W;0,0 �C
2025-04-03 04:17:02;59,0 �C;58,0 �C;54,0 �C;57,0 �C;58,0 �C;8,4 W;5,6 W;0,0 W;0,0 �C
2025-04-03 04:17:04;62,0 �C;63,0 �C;62,0 �C;62,0 �C;63,0 �C;8,4 W;5,5 W;0,0 W;0,0 �C
2025-04-03 04:17:06;56,0 �C;56,0 �C;56,0 �C;56,0 �C;56,0 �C;7,9 W;5,1 W;0,0 W;0,0 �C
2025-04-03 04:17:08;57,0 �C;57,0 �C;57,0 �C;57,0 �C;57,0 �C;8,7 W;5,8 W;0,0 W;0,0 �C
2025-04-03 04:17:10;60,0 �C;58,0 �C;56,0 �C;58,0 �C;60,0 �C;8,9 W;6,0 W;0,0 W;0,0 �C
2025-04-03 04:17:12;59,0 �C;60,0 �C;55,0 �C;58,0 �C;59,0 �C;8,1 W;5,3 W;0,0 W;0,0 �C
2025-04-03 04:17:14;56,0 �C;56,0 �C;56,0 �C;56,0 �C;56,0 �C;9,3 W;6,5 W;0,0 W;0,0 �C
2025-04-03 04:17:16;64,0 �C;60,0 �C;57,0 �C;60,0 �C;64,0 �C;7,6 W;4,8 W;0,0 W;0,0 �C
2025-04-03 04:17:18;58,0 �C;58,0 �C;54,0 �C;59,0 �C;60,0 �C;8,4 W;5,6 W;0,0 W;0,0 �C
2025-04-03 04:17:20;59,0 �C;58,0 �C;54,0 �C;58,0 �C;58,0 �C;9,2 W;6,3 W;0,0 W;0,0 �C
2025-04-03 04:17:22;60,0 �C;59,0 �C;55,0 �C;59,0 �C;60,0 �C;7,2 W;4,4 W;0,0 W;0,0 �C
2025-04-03 04:17:24;59,0 �C;59,0 �C;54,0 �C;56,0 �C;59,0 �C;8,2 W;5,4 W;0,0 W;0,0 �C
2025-04-03 04:17:26;54,0 �C;54,0 �C;54,0 �C;54,0 �C;54,0 �C;9,2 W;6,4 W;0,0 W;0,0 �C
2025-04-03 04:17:28;60,0 �C;60,0 �C;60,0 �C;60,0 �C;60,0 �C;7,9 W;5,0 W;0,0 W;0,0 �C
2025-04-03 04:17:30;55,0 �C;55,0 �C;55,0 �C;55,0 �C;55,0 �C;8,8 W;6,0 W;0,0 W;0,0 �C
2025-04-03 04:17:32;59,0 �C;59,0 �C;53,0 �C;57,0 �C;59,0 �C;8,4 W;5,5 W;0,0 W;0,0 �C
2025-04-03 04:17:34;55,0 �C;55,0 �C;55,0 �C;55,0 �C;55,0 �C;8,4 W;5,6 W;0,0 W;0,0 �C
2025-04-03 04:17:36;58,0 �C;58,0 �C;54,0 �C;57,0 �C;59,0 �C;8,4 W;5,6 W;0,0 W;0,0 �C
2025-04-03 04:17:38;58,0 �C;58,0 �C;58,0 �C;58,0 �C;58,0 �C;8,2 W;5,3 W;0,0 W;0,0 �C
2025-04-03 04:17:40;59,0 �C;58,0 �C;53,0 �C;56,0 �C;59,0 �C;7,7 W;4,9 W;0,0 W;0,0 �C
2025-04-03 04:17:42;58,0 �C;58,0 �C;58,0 �C;58,0 �C;58,0 �C;10,2 W;6,7 W;0,0 W;58,0 �C
2025-04-03 04:17:44;62,0 �C;64,0 �C;55,0 �C;59,0 �C;64,0 �C;9,6 W;6,5 W;0,0 W;0,0 �C
2025-04-03 04:17:46;60,0 �C;59,0 �C;54,0 �C;57,0 �C;62,0 �C;9,1 W;6,2 W;0,0 W;0,0 �C
2025-04-03 04:17:48;62,0 �C;62,0 �C;62,0 �C;62,0 �C;62,0 �C;8,7 W;5,8 W;0,0 W;0,0 �C
2025-04-03 04:17:50;58,0 �C;60,0 �C;54,0 �C;59,0 �C;60,0 �C;10,0 W;7,1 W;0,0 W;0,0 �C
2025-04-03 04:17:52;63,0 �C;63,0 �C;54,0 �C;57,0 �C;64,0 �C;8,0 W;5,1 W;0,0 W;0,0 �C
2025-04-03 04:17:54;63,0 �C;66,0 �C;60,0 �C;62,0 �C;66,0 �C;9,2 W;6,3 W;0,0 W;0,0 �C
2025-04-03 04:17:56;62,0 �C;62,0 �C;62,0 �C;63,0 �C;63,0 �C;8,0 W;5,1 W;0,0 W;0,0 �C
2025-04-03 04:17:58;59,0 �C;60,0 �C;54,0 �C;59,0 �C;61,0 �C;7,4 W;4,6 W;0,0 W;0,0 �C
2025-04-03 04:18:00;59,0 �C;59,0 �C;54,0 �C;59,0 �C;59,0 �C;7,7 W;4,8 W;0,0 W;0,0 �C
2025-04-03 04:18:02;59,0 �C;59,0 �C;62,0 �C;63,0 �C;63,0 �C;10,4 W;7,5 W;0,0 W;0,0 �C
2025-04-03 04:18:04;59,0 �C;64,0 �C;63,0 �C;59,0 �C;64,0 �C;10,9 W;8,0 W;0,0 W;0,0 �C
2025-04-03 04:18:06;61,0 �C;61,0 �C;61,0 �C;61,0 �C;60,0 �C;12,2 W;9,2 W;0,0 W;0,0 �C
2025-04-03 04:18:08;63,0 �C;63,0 �C;63,0 �C;63,0 �C;64,0 �C;13,1 W;10,1 W;0,0 W;0,0 �C
2025-04-03 04:18:10;60,0 �C;60,0 �C;57,0 �C;67,0 �C;67,0 �C;10,9 W;8,0 W;0,0 W;0,0 �C
2025-04-03 04:18:12;64,0 �C;66,0 �C;62,0 �C;66,0 �C;66,0 �C;13,9 W;10,7 W;0,1 W;0,0 �C
2025-04-03 04:18:14;60,0 �C;59,0 �C;57,0 �C;58,0 �C;60,0 �C;10,3 W;7,2 W;0,1 W;0,0 �C
2025-04-03 04:18:16;62,0 �C;65,0 �C;60,0 �C;62,0 �C;65,0 �C;17,5 W;13,6 W;0,5 W;0,0 �C
