Attack,Host,Run,Mode,CPU Power (W),CPU Temperature (°C),CPU Usage (%),GPU Memory Usage (%),GPU Temperature (°C),GPU Usage (%),Memory Usage (%),Attack Type,Measurement,Timestamp,CPU Graphics Power (W),CPU Temperature Core #1 (°C),CPU Temperature Core #2 (°C),CPU Temperature Core #3 (°C),CPU Temperature Core #4 (°C),CPU Power Cores (W)
NBMiner (GPU),HP Victus 16-d0417nf,1,Idle,22.9,77.0,7.8,2.4,0.0,0.0,56.7,Cryptojacking,Open Hardware Monitor,08:00:01.000,0.0,59.0,77.0,53.0,58.0,18.2
NBMiner (GPU),HP Victus 16-d0417nf,1,Idle,15.9,56.0,5.6,2.4,0.0,0.0,56.7,Cryptojacking,Open Hardware Monitor,08:00:03.000,0.0,49.0,50.0,49.0,48.0,12.0
NBMiner (GPU),HP Victus 16-d0417nf,1,Idle,16.2,62.0,5.7,2.4,0.0,0.0,56.7,Cryptojacking,Open Hardware Monitor,08:00:05.000,0.0,49.0,64.0,49.0,52.0,12.2
NBMiner (GPU),HP Victus 16-d0417nf,1,Idle,15.1,57.0,5.9,2.4,0.0,0.0,56.7,Cryptojacking,Open Hardware Monitor,08:00:07.000,0.0,49.0,51.0,49.0,57.0,11.4
NBMiner (GPU),HP Victus 16-d0417nf,1,Idle,14.4,55.0,6.4,2.4,0.0,0.0,56.7,Cryptojacking,Open Hardware Monitor,08:00:09.000,0.1,48.0,50.0,49.0,48.0,10.4
NBMiner (GPU),HP Victus 16-d0417nf,1,Idle,16.5,64.0,5.6,2.4,0.0,0.0,56.7,Cryptojacking,Open Hardware Monitor,08:00:11.000,0.0,53.0,64.0,52.0,54.0,12.4
NBMiner (GPU),HP Victus 16-d0417nf,1,Idle,15.1,55.0,6.2,2.4,0.0,0.0,56.7,Cryptojacking,Open Hardware Monitor,08:00:13.000,0.0,49.0,50.0,49.0,50.0,11.2
NBMiner (GPU),HP Victus 16-d0417nf,1,Idle,15.9,56.0,6.0,2.4,0.0,0.0,56.7,Cryptojacking,Open Hardware Monitor,08:00:15.000,0.0,49.0,50.0,50.0,50.0,12.0
NBMiner (GPU),HP Victus 16-d0417nf,1,Idle,14.4,55.0,5.9,2.4,0.0,0.0,56.7,Cryptojacking,Open Hardware Monitor,08:00:17.000,0.0,49.0,49.0,49.0,49.0,10.6
NBMiner (GPU),HP Victus 16-d0417nf,1,Idle,15.0,56.0,6.5,2.4,0.0,0.0,56.7,Cryptojacking,Open Hardware Monitor,08:00:19.000,0.0,51.0,50.0,51.0,50.0,11.0
NBMiner (GPU),HP Victus 16-d0417nf,1,Idle,16.1,57.0,5.7,2.4,0.0,0.0,56.7,Cryptojacking,Open Hardware Monitor,08:00:21.000,0.1,49.0,51.0,50.0,51.0,12.1
NBMiner (GPU),HP Victus 16-d0417nf,1,Idle,8.8,55.0,2.4,2.4,0.0,0.0,56.6,Cryptojacking,Open Hardware Monitor,08:00:23.000,0.1,49.0,51.0,49.0,48.0,4.7
NBMiner (GPU),HP Victus 16-d0417nf,1,Idle,16.4,62.0,5.1,2.4,0.0,0.0,56.7,Cryptojacking,Open Hardware Monitor,08:00:25.000,0.0,49.0,51.0,51.0,50.0,12.5
NBMiner (GPU),HP Victus 16-d0417nf,1,Idle,14.3,55.0,6.0,2.4,0.0,0.0,56.6,Cryptojacking,Open Hardware Monitor,08:00:27.000,0.0,53.0,51.0,50.0,49.0,10.5
NBMiner (GPU),HP Victus 16-d0417nf,1,Idle,14.7,55.0,5.4,2.4,0.0,0.0,56.6,Cryptojacking,Open Hardware Monitor,08:00:29.000,0.1,49.0,50.0,49.0,48.0,10.8
NBMiner (GPU),HP Victus 16-d0417nf,1,Idle,15.4,55.0,6.1,2.4,0.0,0.0,56.6,Cryptojacking,Open Hardware Monitor,08:00:31.000,0.0,47.0,50.0,48.0,50.0,11.6
NBMiner (GPU),HP Victus 16-d0417nf,1,Idle,15.2,55.0,5.8,2.4,0.0,0.0,56.7,Cryptojacking,Open Hardware Monitor,08:00:33.000,0.0,48.0,50.0,48.0,50.0,11.3
NBMiner (GPU),HP Victus 16-d0417nf,1,Idle,15.2,55.0,6.1,2.4,0.0,0.0,56.6,Cryptojacking,Open Hardware Monitor,08:00:35.000,0.1,49.0,51.0,49.0,50.0,11.4
NBMiner (GPU),HP Victus 16-d0417nf,1,Idle,15.5,55.0,5.7,2.4,0.0,0.0,56.6,Cryptojacking,Open Hardware Monitor,08:00:37.000,0.0,48.0,51.0,49.0,50.0,11.6
NBMiner (GPU),HP Victus 16-d0417nf,1,Idle,16.2,55.0,5.2,2.4,54.0,0.0,56.6,Cryptojacking,Open Hardware Monitor,08:00:39.000,0.1,48.0,50.0,49.0,49.0,12.3
NBMiner (GPU),HP Victus 16-d0417nf,1,Idle,15.8,56.0,5.2,2.4,0.0,0.0,56.6,Cryptojacking,Open Hardware Monitor,08:00:41.000,0.0,51.0,52.0,60.0,49.0,11.9
NBMiner (GPU),HP Victus 16-d0417nf,1,Idle,15.5,61.0,6.7,2.4,0.0,0.0,56.6,Cryptojacking,Open Hardware Monitor,08:00:43.000,0.0,49.0,50.0,50.0,50.0,11.7
NBMiner (GPU),HP Victus 16-d0417nf,1,Idle,15.1,60.0,6.2,2.4,0.0,0.0,56.7,Cryptojacking,Open Hardware Monitor,08:00:45.000,0.0,47.0,50.0,52.0,50.0,11.3
NBMiner (GPU),HP Victus 16-d0417nf,1,Idle,16.6,60.0,5.7,2.4,0.0,0.0,56.6,Cryptojacking,Open Hardware Monitor,08:00:48.000,0.0,48.0,51.0,50.0,48.0,12.8
NBMiner (GPU),HP Victus 16-d0417nf,1,Idle,13.8,58.0,6.8,2.4,0.0,0.0,56.5,Cryptojacking,Open Hardware Monitor,08:00:50.000,0.0,61.0,58.0,49.0,51.0,9.8
NBMiner (GPU),HP Victus 16-d0417nf,1,Idle,16.0,56.0,6.4,2.4,0.0,0.0,56.5,Cryptojacking,Open Hardware Monitor,08:00:52.000,0.0,50.0,50.0,50.0,49.0,12.2
NBMiner (GPU),HP Victus 16-d0417nf,1,Idle,15.1,62.0,6.1,2.4,0.0,0.0,56.5,Cryptojacking,Open Hardware Monitor,08:00:54.000,0.0,49.0,50.0,48.0,62.0,11.3
NBMiner (GPU),HP Victus 16-d0417nf,1,Idle,15.3,58.0,7.2,2.4,0.0,0.0,56.5,Cryptojacking,Open Hardware Monitor,08:00:56.000,0.0,55.0,52.0,50.0,50.0,11.1
NBMiner (GPU),HP Victus 16-d0417nf,1,Idle,16.2,62.0,5.6,2.4,0.0,0.0,56.4,Cryptojacking,Open Hardware Monitor,08:00:58.000,0.1,49.0,51.0,50.0,48.0,12.2
NBMiner (GPU),HP Victus 16-d0417nf,1,Idle,15.3,58.0,7.1,2.4,0.0,0.0,56.3,Cryptojacking,Open Hardware Monitor,08:01:00.000,0.0,51.0,58.0,49.0,51.0,11.3
NBMiner (GPU),HP Victus 16-d0417nf,1,Idle,15.1,62.0,5.9,2.4,0.0,0.0,56.3,Cryptojacking,Open Hardware Monitor,08:01:02.000,0.0,62.0,50.0,53.0,49.0,11.3
NBMiner (GPU),HP Victus 16-d0417nf,1,Idle,15.4,58.0,5.9,2.4,0.0,0.0,56.3,Cryptojacking,Open Hardware Monitor,08:01:04.000,0.1,58.0,51.0,50.0,50.0,11.7
NBMiner (GPU),HP Victus 16-d0417nf,1,Idle,16.0,60.0,5.9,2.4,0.0,0.0,56.3,Cryptojacking,Open Hardware Monitor,08:01:06.000,0.1,47.0,55.0,49.0,60.0,11.9
NBMiner (GPU),HP Victus 16-d0417nf,1,Idle,14.8,56.0,5.7,2.4,0.0,0.0,56.3,Cryptojacking,Open Hardware Monitor,08:01:08.000,0.0,56.0,52.0,50.0,52.0,11.0
NBMiner (GPU),HP Victus 16-d0417nf,1,Idle,14.5,59.0,6.1,2.4,0.0,0.0,56.3,Cryptojacking,Open Hardware Monitor,08:01:10.000,0.1,62.0,51.0,53.0,50.0,10.4
NBMiner (GPU),HP Victus 16-d0417nf,1,Idle,15.3,61.0,5.9,2.4,0.0,0.0,56.2,Cryptojacking,Open Hardware Monitor,08:01:12.000,0.0,62.0,51.0,53.0,50.0,11.3
NBMiner (GPU),HP Victus 16-d0417nf,1,Idle,15.2,60.0,5.9,2.4,0.0,0.0,56.3,Cryptojacking,Open Hardware Monitor,08:01:14.000,0.0,61.0,51.0,53.0,49.0,11.3
NBMiner (GPU),HP Victus 16-d0417nf,1,Idle,15.9,55.0,8.3,2.4,0.0,0.0,56.3,Cryptojacking,Open Hardware Monitor,08:01:16.000,0.0,49.0,50.0,51.0,49.0,12.0
NBMiner (GPU),HP Victus 16-d0417nf,1,Idle,14.6,58.0,6.1,2.4,0.0,0.0,56.3,Cryptojacking,Open Hardware Monitor,08:01:18.000,0.1,58.0,51.0,53.0,50.0,10.7
NBMiner (GPU),HP Victus 16-d0417nf,1,Idle,14.6,60.0,6.9,2.4,0.0,0.0,56.4,Cryptojacking,Open Hardware Monitor,08:01:20.000,0.0,50.0,58.0,49.0,52.0,10.6
NBMiner (GPU),HP Victus 16-d0417nf,1,Idle,15.2,62.0,6.0,2.4,0.0,0.0,56.3,Cryptojacking,Open Hardware Monitor,08:01:22.000,0.1,49.0,52.0,49.0,52.0,11.4
NBMiner (GPU),HP Victus 16-d0417nf,1,Idle,15.4,60.0,5.3,2.4,0.0,0.0,56.3,Cryptojacking,Open Hardware Monitor,08:01:24.000,0.1,49.0,53.0,49.0,60.0,11.6
NBMiner (GPU),HP Victus 16-d0417nf,1,Idle,15.5,59.0,5.8,2.4,0.0,0.0,55.9,Cryptojacking,Open Hardware Monitor,08:01:26.000,0.0,49.0,50.0,49.0,59.0,11.6
NBMiner (GPU),HP Victus 16-d0417nf,1,Idle,15.7,57.0,5.5,2.4,0.0,0.0,55.9,Cryptojacking,Open Hardware Monitor,08:01:28.000,0.0,47.0,51.0,48.0,57.0,11.9
NBMiner (GPU),HP Victus 16-d0417nf,1,Idle,14.8,59.0,6.5,2.4,0.0,0.0,55.9,Cryptojacking,Open Hardware Monitor,08:01:30.000,0.1,48.0,50.0,51.0,48.0,11.0
NBMiner (GPU),HP Victus 16-d0417nf,1,Idle,16.4,56.0,7.1,2.4,0.0,0.0,56.0,Cryptojacking,Open Hardware Monitor,08:01:32.000,0.0,49.0,50.0,49.0,57.0,12.5
NBMiner (GPU),HP Victus 16-d0417nf,1,Idle,15.7,55.0,6.3,2.4,0.0,0.0,55.9,Cryptojacking,Open Hardware Monitor,08:01:34.000,0.0,49.0,49.0,49.0,49.0,11.8
NBMiner (GPU),HP Victus 16-d0417nf,1,Idle,16.1,64.0,6.7,2.4,0.0,0.0,55.9,Cryptojacking,Open Hardware Monitor,08:01:36.000,0.0,47.0,64.0,48.0,54.0,12.1
NBMiner (GPU),HP Victus 16-d0417nf,1,Idle,15.6,57.0,5.5,2.4,0.0,0.0,55.9,Cryptojacking,Open Hardware Monitor,08:01:38.000,0.0,49.0,51.0,50.0,49.0,11.8
NBMiner (GPU),HP Victus 16-d0417nf,1,Idle,15.3,57.0,5.2,2.4,0.0,0.0,55.9,Cryptojacking,Open Hardware Monitor,08:01:40.000,0.0,49.0,50.0,49.0,57.0,11.4
NBMiner (GPU),HP Victus 16-d0417nf,1,Idle,15.9,62.0,5.6,2.4,0.0,0.0,55.9,Cryptojacking,Open Hardware Monitor,08:01:42.000,0.0,49.0,49.0,49.0,49.0,11.8
NBMiner (GPU),HP Victus 16-d0417nf,1,Idle,16.2,54.0,6.0,2.4,0.0,0.0,55.9,Cryptojacking,Open Hardware Monitor,08:01:44.000,0.0,49.0,50.0,48.0,49.0,12.4
NBMiner (GPU),HP Victus 16-d0417nf,1,Idle,14.8,55.0,6.1,2.4,0.0,0.0,55.9,Cryptojacking,Open Hardware Monitor,08:01:46.000,0.0,48.0,50.0,49.0,48.0,11.0
NBMiner (GPU),HP Victus 16-d0417nf,1,Idle,14.9,56.0,5.7,2.4,0.0,0.0,55.9,Cryptojacking,Open Hardware Monitor,08:01:48.000,0.0,49.0,52.0,47.0,50.0,11.1
NBMiner (GPU),HP Victus 16-d0417nf,1,Idle,14.5,55.0,5.2,2.4,0.0,0.0,55.9,Cryptojacking,Open Hardware Monitor,08:01:50.000,0.1,49.0,49.0,48.0,49.0,10.6
NBMiner (GPU),HP Victus 16-d0417nf,1,Idle,15.8,55.0,5.6,2.4,0.0,0.0,55.9,Cryptojacking,Open Hardware Monitor,08:01:52.000,0.0,49.0,50.0,49.0,48.0,11.8
NBMiner (GPU),HP Victus 16-d0417nf,1,Idle,14.3,54.0,5.2,2.4,0.0,0.0,56.1,Cryptojacking,Open Hardware Monitor,08:01:54.000,0.0,49.0,50.0,48.0,50.0,10.3
NBMiner (GPU),HP Victus 16-d0417nf,1,Idle,8.6,55.0,2.6,2.4,0.0,0.0,55.9,Cryptojacking,Open Hardware Monitor,08:01:56.000,0.1,47.0,50.0,48.0,48.0,4.7
NBMiner (GPU),HP Victus 16-d0417nf,1,Idle,14.7,56.0,5.8,2.4,0.0,0.0,55.9,Cryptojacking,Open Hardware Monitor,08:01:58.000,0.0,49.0,62.0,48.0,52.0,10.7
NBMiner (GPU),HP Victus 16-d0417nf,1,Idle,14.3,60.0,6.2,2.4,0.0,0.0,55.9,Cryptojacking,Open Hardware Monitor,08:02:00.000,0.1,47.0,60.0,49.0,52.0,10.5
NBMiner (GPU),HP Victus 16-d0417nf,1,Idle,15.3,55.0,4.8,2.4,0.0,0.0,56.0,Cryptojacking,Open Hardware Monitor,08:02:02.000,0.0,49.0,50.0,47.0,49.0,11.4
NBMiner (GPU),HP Victus 16-d0417nf,1,Idle,15.7,55.0,6.8,2.4,0.0,0.0,56.0,Cryptojacking,Open Hardware Monitor,08:02:04.000,0.0,50.0,50.0,48.0,48.0,11.8
NBMiner (GPU),HP Victus 16-d0417nf,1,Idle,18.2,55.0,5.9,2.4,0.0,0.0,56.1,Cryptojacking,Open Hardware Monitor,08:02:06.000,0.0,50.0,50.0,49.0,50.0,14.2
NBMiner (GPU),HP Victus 16-d0417nf,1,Idle,15.5,55.0,4.9,2.4,0.0,0.0,56.0,Cryptojacking,Open Hardware Monitor,08:02:08.000,0.0,49.0,50.0,50.0,49.0,11.8
NBMiner (GPU),HP Victus 16-d0417nf,1,Idle,15.8,55.0,5.5,2.4,54.0,0.0,56.0,Cryptojacking,Open Hardware Monitor,08:02:10.000,0.1,49.0,49.0,50.0,49.0,12.0
NBMiner (GPU),HP Victus 16-d0417nf,1,Idle,15.4,62.0,6.2,2.4,0.0,0.0,56.0,Cryptojacking,Open Hardware Monitor,08:02:12.000,0.1,56.0,56.0,53.0,55.0,11.4
NBMiner (GPU),HP Victus 16-d0417nf,1,Idle,14.4,64.0,5.1,2.4,0.0,0.0,56.0,Cryptojacking,Open Hardware Monitor,08:02:14.000,0.0,47.0,51.0,48.0,49.0,10.5
NBMiner (GPU),HP Victus 16-d0417nf,1,Idle,16.7,59.0,6.6,2.4,0.0,0.0,56.0,Cryptojacking,Open Hardware Monitor,08:02:16.000,0.0,50.0,50.0,51.0,48.0,12.9
NBMiner (GPU),HP Victus 16-d0417nf,1,Idle,16.6,58.0,5.8,2.4,0.0,0.0,56.1,Cryptojacking,Open Hardware Monitor,08:02:18.000,0.1,58.0,51.0,50.0,49.0,12.5
NBMiner (GPU),HP Victus 16-d0417nf,1,Idle,14.8,54.0,6.0,2.4,0.0,0.0,56.0,Cryptojacking,Open Hardware Monitor,08:02:20.000,0.0,49.0,49.0,49.0,48.0,10.9
NBMiner (GPU),HP Victus 16-d0417nf,1,Idle,16.0,54.0,7.0,2.4,0.0,0.0,56.0,Cryptojacking,Open Hardware Monitor,08:02:22.000,0.0,48.0,50.0,50.0,48.0,12.1
NBMiner (GPU),HP Victus 16-d0417nf,1,Idle,15.4,58.0,6.1,2.4,0.0,0.0,56.0,Cryptojacking,Open Hardware Monitor,08:02:24.000,0.1,53.0,58.0,49.0,52.0,11.7
NBMiner (GPU),HP Victus 16-d0417nf,1,Idle,16.0,54.0,6.3,2.4,0.0,0.0,55.9,Cryptojacking,Open Hardware Monitor,08:02:26.000,0.0,49.0,50.0,49.0,49.0,11.9
NBMiner (GPU),HP Victus 16-d0417nf,1,Idle,15.1,63.0,5.1,2.4,0.0,0.0,55.9,Cryptojacking,Open Hardware Monitor,08:02:28.000,0.0,49.0,63.0,48.0,51.0,11.2
NBMiner (GPU),HP Victus 16-d0417nf,1,Idle,16.2,54.0,5.5,2.4,0.0,0.0,55.9,Cryptojacking,Open Hardware Monitor,08:02:30.000,0.0,47.0,50.0,48.0,50.0,12.3
NBMiner (GPU),HP Victus 16-d0417nf,1,Idle,15.4,54.0,5.2,2.4,54.0,0.0,55.9,Cryptojacking,Open Hardware Monitor,08:02:32.000,0.1,48.0,50.0,49.0,50.0,11.5
NBMiner (GPU),HP Victus 16-d0417nf,1,Idle,14.4,55.0,5.9,2.4,0.0,0.0,55.9,Cryptojacking,Open Hardware Monitor,08:02:34.000,0.0,48.0,49.0,49.0,48.0,10.6
NBMiner (GPU),HP Victus 16-d0417nf,1,Idle,10.5,54.0,2.3,2.4,0.0,0.0,55.9,Cryptojacking,Open Hardware Monitor,08:02:36.000,0.1,50.0,53.0,50.0,52.0,6.6
NBMiner (GPU),HP Victus 16-d0417nf,1,Idle,15.0,62.0,6.2,2.4,0.0,0.0,56.0,Cryptojacking,Open Hardware Monitor,08:02:38.000,0.0,62.0,50.0,53.0,50.0,11.2
NBMiner (GPU),HP Victus 16-d0417nf,1,Idle,14.8,55.0,5.2,2.4,0.0,0.0,56.0,Cryptojacking,Open Hardware Monitor,08:02:40.000,0.0,49.0,49.0,49.0,49.0,10.7
NBMiner (GPU),HP Victus 16-d0417nf,1,Idle,17.5,55.0,5.5,2.4,0.0,0.0,56.0,Cryptojacking,Open Hardware Monitor,08:02:42.000,0.0,50.0,50.0,48.0,50.0,13.5
NBMiner (GPU),HP Victus 16-d0417nf,1,Idle,15.3,60.0,6.6,2.4,0.0,0.0,56.0,Cryptojacking,Open Hardware Monitor,08:02:44.000,0.1,60.0,50.0,52.0,49.0,11.4
NBMiner (GPU),HP Victus 16-d0417nf,1,Idle,16.8,54.0,5.2,2.4,0.0,0.0,56.0,Cryptojacking,Open Hardware Monitor,08:02:46.000,0.0,48.0,50.0,50.0,48.0,12.9
NBMiner (GPU),HP Victus 16-d0417nf,1,Idle,14.6,54.0,6.2,2.4,0.0,0.0,56.0,Cryptojacking,Open Hardware Monitor,08:02:48.000,0.1,47.0,50.0,48.0,48.0,10.5
NBMiner (GPU),HP Victus 16-d0417nf,1,Idle,14.5,54.0,5.9,2.4,0.0,0.0,56.0,Cryptojacking,Open Hardware Monitor,08:02:50.000,0.0,48.0,49.0,48.0,50.0,10.7
NBMiner (GPU),HP Victus 16-d0417nf,1,Idle,14.8,55.0,6.6,2.4,54.0,0.0,56.0,Cryptojacking,Open Hardware Monitor,08:02:52.000,0.1,47.0,51.0,48.0,49.0,10.8
NBMiner (GPU),HP Victus 16-d0417nf,1,Idle,14.7,62.0,4.9,2.4,0.0,0.0,56.0,Cryptojacking,Open Hardware Monitor,08:02:54.000,0.0,47.0,64.0,48.0,52.0,10.8
NBMiner (GPU),HP Victus 16-d0417nf,1,Idle,15.6,62.0,5.2,2.4,0.0,0.0,56.1,Cryptojacking,Open Hardware Monitor,08:02:56.000,0.1,49.0,51.0,50.0,50.0,11.5
NBMiner (GPU),HP Victus 16-d0417nf,1,Idle,14.2,58.0,5.9,2.4,0.0,0.0,56.0,Cryptojacking,Open Hardware Monitor,08:02:58.000,0.0,47.0,50.0,48.0,49.0,10.4
NBMiner (GPU),HP Victus 16-d0417nf,1,Idle,15.1,54.0,5.1,2.4,0.0,0.0,56.0,Cryptojacking,Open Hardware Monitor,08:03:00.000,0.0,47.0,50.0,48.0,48.0,11.2
NBMiner (GPU),HP Victus 16-d0417nf,1,Idle,14.7,61.0,6.9,2.4,0.0,0.0,56.0,Cryptojacking,Open Hardware Monitor,08:03:02.000,0.0,48.0,51.0,51.0,50.0,10.9
NBMiner (GPU),HP Victus 16-d0417nf,1,Idle,15.9,60.0,5.9,2.4,0.0,0.0,56.0,Cryptojacking,Open Hardware Monitor,08:03:04.000,0.1,48.0,51.0,50.0,48.0,11.9
NBMiner (GPU),HP Victus 16-d0417nf,1,Idle,15.2,56.0,5.8,2.4,0.0,0.0,56.0,Cryptojacking,Open Hardware Monitor,08:03:06.000,0.0,55.0,57.0,49.0,50.0,11.2
NBMiner (GPU),HP Victus 16-d0417nf,1,Idle,15.2,61.0,5.7,2.4,0.0,0.0,56.1,Cryptojacking,Open Hardware Monitor,08:03:08.000,0.0,49.0,49.0,50.0,49.0,11.3
NBMiner (GPU),HP Victus 16-d0417nf,1,Idle,14.7,55.0,5.6,2.4,0.0,0.0,56.0,Cryptojacking,Open Hardware Monitor,08:03:10.000,0.0,48.0,49.0,49.0,49.0,10.8
NBMiner (GPU),HP Victus 16-d0417nf,1,Idle,14.9,60.0,5.7,2.4,0.0,0.0,56.0,Cryptojacking,Open Hardware Monitor,08:03:12.000,0.0,51.0,63.0,50.0,60.0,11.1
NBMiner (GPU),HP Victus 16-d0417nf,1,Idle,14.6,54.0,6.0,2.4,0.0,0.0,56.0,Cryptojacking,Open Hardware Monitor,08:03:14.000,0.1,49.0,50.0,50.0,49.0,10.7
NBMiner (GPU),HP Victus 16-d0417nf,1,Idle,14.6,63.0,6.0,2.4,0.0,0.0,56.0,Cryptojacking,Open Hardware Monitor,08:03:16.000,0.0,47.0,51.0,48.0,63.0,10.6
NBMiner (GPU),HP Victus 16-d0417nf,1,Idle,15.9,55.0,5.2,2.4,0.0,0.0,56.0,Cryptojacking,Open Hardware Monitor,08:03:18.000,0.0,48.0,49.0,49.0,49.0,12.1
NBMiner (GPU),HP Victus 16-d0417nf,1,Idle,15.9,55.0,4.5,2.4,0.0,0.0,56.1,Cryptojacking,Open Hardware Monitor,08:03:20.000,0.0,47.0,50.0,49.0,49.0,11.9
NBMiner (GPU),HP Victus 16-d0417nf,1,Idle,16.1,55.0,5.1,2.4,0.0,0.0,56.0,Cryptojacking,Open Hardware Monitor,08:03:22.000,0.0,48.0,50.0,50.0,49.0,12.2
NBMiner (GPU),HP Victus 16-d0417nf,1,Idle,15.6,55.0,6.1,2.4,0.0,0.0,56.0,Cryptojacking,Open Hardware Monitor,08:03:24.000,0.0,48.0,49.0,49.0,48.0,11.6
NBMiner (GPU),HP Victus 16-d0417nf,1,Idle,15.8,55.0,5.6,2.4,0.0,0.0,56.0,Cryptojacking,Open Hardware Monitor,08:03:26.000,0.0,48.0,49.0,49.0,48.0,11.8
NBMiner (GPU),HP Victus 16-d0417nf,1,Idle,15.2,54.0,5.7,2.4,0.0,0.0,56.0,Cryptojacking,Open Hardware Monitor,08:03:28.000,0.0,49.0,50.0,49.0,49.0,11.4
NBMiner (GPU),HP Victus 16-d0417nf,1,Idle,14.5,55.0,7.0,2.4,0.0,0.0,56.1,Cryptojacking,Open Hardware Monitor,08:03:30.000,0.0,49.0,50.0,49.0,49.0,10.6
NBMiner (GPU),HP Victus 16-d0417nf,1,Idle,14.8,54.0,7.5,2.4,0.0,0.0,56.0,Cryptojacking,Open Hardware Monitor,08:03:32.000,0.0,49.0,49.0,48.0,48.0,10.8
NBMiner (GPU),HP Victus 16-d0417nf,1,Idle,14.5,55.0,5.9,2.4,0.0,0.0,56.0,Cryptojacking,Open Hardware Monitor,08:03:34.000,0.0,50.0,51.0,49.0,49.0,10.8
NBMiner (GPU),HP Victus 16-d0417nf,1,Idle,15.1,54.0,5.9,2.4,54.0,0.0,56.0,Cryptojacking,Open Hardware Monitor,08:03:36.000,0.0,49.0,49.0,49.0,49.0,11.2
NBMiner (GPU),HP Victus 16-d0417nf,1,Idle,9.4,54.0,1.4,2.4,0.0,0.0,56.0,Cryptojacking,Open Hardware Monitor,08:03:38.000,0.1,49.0,53.0,50.0,50.0,5.4
NBMiner (GPU),HP Victus 16-d0417nf,1,Idle,16.0,56.0,5.7,2.4,0.0,0.0,56.0,Cryptojacking,Open Hardware Monitor,08:03:40.000,0.0,47.0,49.0,50.0,49.0,12.2
NBMiner (GPU),HP Victus 16-d0417nf,1,Idle,15.9,55.0,5.1,2.4,0.0,0.0,56.1,Cryptojacking,Open Hardware Monitor,08:03:42.000,0.0,48.0,50.0,48.0,49.0,12.0
NBMiner (GPU),HP Victus 16-d0417nf,1,Idle,14.9,54.0,6.6,2.4,0.0,0.0,56.0,Cryptojacking,Open Hardware Monitor,08:03:44.000,0.0,49.0,49.0,48.0,49.0,11.1
NBMiner (GPU),HP Victus 16-d0417nf,1,Idle,14.3,61.0,5.4,2.4,0.0,0.0,56.0,Cryptojacking,Open Hardware Monitor,08:03:46.000,0.0,49.0,49.0,48.0,62.0,10.5
NBMiner (GPU),HP Victus 16-d0417nf,1,Idle,15.0,54.0,5.2,2.4,0.0,0.0,56.0,Cryptojacking,Open Hardware Monitor,08:03:48.000,0.0,48.0,49.0,48.0,49.0,11.1
NBMiner (GPU),HP Victus 16-d0417nf,1,Idle,14.8,55.0,5.7,2.4,0.0,0.0,56.0,Cryptojacking,Open Hardware Monitor,08:03:50.000,0.0,49.0,49.0,48.0,48.0,10.9
NBMiner (GPU),HP Victus 16-d0417nf,1,Idle,15.8,55.0,5.8,2.4,0.0,0.0,56.0,Cryptojacking,Open Hardware Monitor,08:03:52.000,0.0,49.0,50.0,48.0,49.0,12.0
NBMiner (GPU),HP Victus 16-d0417nf,1,Idle,16.2,54.0,5.8,2.4,0.0,0.0,56.1,Cryptojacking,Open Hardware Monitor,08:03:54.000,0.1,48.0,50.0,48.0,49.0,12.1
NBMiner (GPU),HP Victus 16-d0417nf,1,Idle,9.4,55.0,1.3,2.4,0.0,0.0,56.0,Cryptojacking,Open Hardware Monitor,08:03:56.000,0.1,47.0,50.0,48.0,48.0,5.1
NBMiner (GPU),HP Victus 16-d0417nf,1,Idle,15.6,61.0,6.1,2.4,0.0,0.0,55.9,Cryptojacking,Open Hardware Monitor,08:03:58.000,0.1,49.0,51.0,50.0,50.0,11.8
NBMiner (GPU),HP Victus 16-d0417nf,1,Attack,27.7,67.0,9.7,2.4,0.0,0.0,56.4,Cryptojacking,Open Hardware Monitor,08:04:00.000,0.0,61.0,54.0,53.0,54.0,22.3
NBMiner (GPU),HP Victus 16-d0417nf,1,Attack,21.2,61.0,5.4,2.4,0.0,0.0,56.5,Cryptojacking,Open Hardware Monitor,08:04:02.000,0.0,50.0,53.0,52.0,54.0,15.9
NBMiner (GPU),HP Victus 16-d0417nf,1,Attack,37.6,68.0,12.8,2.4,0.0,0.0,57.0,Cryptojacking,Open Hardware Monitor,08:04:04.000,0.0,66.0,66.0,68.0,59.0,32.1
NBMiner (GPU),HP Victus 16-d0417nf,1,Attack,15.8,60.0,5.8,2.4,0.0,0.0,57.0,Cryptojacking,Open Hardware Monitor,08:04:06.000,0.0,61.0,60.0,50.0,51.0,11.9
NBMiner (GPU),HP Victus 16-d0417nf,1,Attack,15.0,64.0,5.4,2.4,0.0,0.0,56.9,Cryptojacking,Open Hardware Monitor,08:04:08.000,0.0,50.0,64.0,48.0,52.0,11.1
NBMiner (GPU),HP Victus 16-d0417nf,1,Attack,15.2,63.0,5.6,2.4,0.0,0.0,56.9,Cryptojacking,Open Hardware Monitor,08:04:10.000,0.0,48.0,50.0,49.0,51.0,11.4
NBMiner (GPU),HP Victus 16-d0417nf,1,Attack,16.0,58.0,5.6,2.4,0.0,0.0,56.9,Cryptojacking,Open Hardware Monitor,08:04:12.000,0.1,61.0,58.0,49.0,52.0,11.9
NBMiner (GPU),HP Victus 16-d0417nf,1,Attack,14.7,60.0,6.3,2.4,0.0,0.0,56.9,Cryptojacking,Open Hardware Monitor,08:04:14.000,0.0,48.0,51.0,48.0,60.0,10.9
NBMiner (GPU),HP Victus 16-d0417nf,1,Attack,15.0,60.0,5.4,2.4,0.0,0.0,56.8,Cryptojacking,Open Hardware Monitor,08:04:16.000,0.0,49.0,50.0,50.0,50.0,11.2
NBMiner (GPU),HP Victus 16-d0417nf,1,Attack,14.0,55.0,6.1,2.4,0.0,0.0,56.8,Cryptojacking,Open Hardware Monitor,08:04:18.000,0.1,54.0,51.0,52.0,50.0,10.1
NBMiner (GPU),HP Victus 16-d0417nf,1,Attack,15.8,62.0,6.0,2.4,0.0,0.0,56.8,Cryptojacking,Open Hardware Monitor,08:04:20.000,0.0,48.0,51.0,48.0,62.0,12.0
NBMiner (GPU),HP Victus 16-d0417nf,1,Attack,16.4,60.0,5.8,2.4,0.0,0.0,56.8,Cryptojacking,Open Hardware Monitor,08:04:22.000,0.0,49.0,51.0,50.0,48.0,12.5
NBMiner (GPU),HP Victus 16-d0417nf,1,Attack,15.1,64.0,5.4,2.4,0.0,0.0,56.8,Cryptojacking,Open Hardware Monitor,08:04:24.000,0.0,48.0,52.0,49.0,50.0,11.1
NBMiner (GPU),HP Victus 16-d0417nf,1,Attack,15.5,56.0,5.5,2.4,0.0,0.0,56.8,Cryptojacking,Open Hardware Monitor,08:04:26.000,0.0,50.0,50.0,56.0,50.0,11.6
NBMiner (GPU),HP Victus 16-d0417nf,1,Attack,15.6,59.0,6.1,2.4,0.0,0.0,56.8,Cryptojacking,Open Hardware Monitor,08:04:28.000,0.0,49.0,52.0,49.0,59.0,11.7
NBMiner (GPU),HP Victus 16-d0417nf,1,Attack,15.6,60.0,6.1,2.4,0.0,0.0,56.5,Cryptojacking,Open Hardware Monitor,08:04:30.000,0.0,48.0,52.0,49.0,60.0,11.6
NBMiner (GPU),HP Victus 16-d0417nf,1,Attack,16.2,65.0,7.5,2.4,0.0,0.0,56.5,Cryptojacking,Open Hardware Monitor,08:04:32.000,0.0,65.0,50.0,53.0,50.0,12.4
NBMiner (GPU),HP Victus 16-d0417nf,1,Attack,15.3,61.0,5.7,2.4,0.0,0.0,56.5,Cryptojacking,Open Hardware Monitor,08:04:34.000,0.0,61.0,49.0,52.0,48.0,11.5
NBMiner (GPU),HP Victus 16-d0417nf,1,Attack,14.5,63.0,4.8,2.4,0.0,0.0,56.5,Cryptojacking,Open Hardware Monitor,08:04:36.000,0.0,47.0,50.0,49.0,50.0,10.9
NBMiner (GPU),HP Victus 16-d0417nf,1,Attack,16.7,54.0,6.1,2.4,0.0,0.0,56.5,Cryptojacking,Open Hardware Monitor,08:04:38.000,0.0,47.0,50.0,49.0,48.0,12.9
NBMiner (GPU),HP Victus 16-d0417nf,1,Attack,15.0,55.0,6.1,2.4,0.0,0.0,56.5,Cryptojacking,Open Hardware Monitor,08:04:40.000,0.0,49.0,49.0,48.0,49.0,11.3
NBMiner (GPU),HP Victus 16-d0417nf,1,Attack,17.0,55.0,5.3,2.4,0.0,0.0,56.5,Cryptojacking,Open Hardware Monitor,08:04:42.000,0.0,47.0,51.0,48.0,50.0,13.1
NBMiner (GPU),HP Victus 16-d0417nf,1,Attack,15.1,54.0,5.9,2.4,0.0,0.0,56.5,Cryptojacking,Open Hardware Monitor,08:04:44.000,0.0,47.0,49.0,49.0,49.0,11.1
NBMiner (GPU),HP Victus 16-d0417nf,1,Attack,14.3,55.0,6.4,2.4,0.0,0.0,56.5,Cryptojacking,Open Hardware Monitor,08:04:46.000,0.0,49.0,49.0,49.0,50.0,10.7
NBMiner (GPU),HP Victus 16-d0417nf,1,Attack,15.8,64.0,6.4,2.4,54.0,0.0,56.5,Cryptojacking,Open Hardware Monitor,08:04:48.000,0.0,54.0,51.0,52.0,49.0,11.8
NBMiner (GPU),HP Victus 16-d0417nf,1,Attack,18.9,60.0,6.4,2.4,0.0,0.0,56.7,Cryptojacking,Open Hardware Monitor,08:04:50.000,0.0,60.0,60.0,50.0,54.0,14.9
NBMiner (GPU),HP Victus 16-d0417nf,1,Attack,16.2,55.0,3.4,2.4,0.0,0.0,56.9,Cryptojacking,Open Hardware Monitor,08:04:52.000,0.3,49.0,50.0,48.0,50.0,11.2
NBMiner (GPU),HP Victus 16-d0417nf,1,Attack,15.0,54.0,6.0,2.4,54.0,0.0,56.6,Cryptojacking,Open Hardware Monitor,08:04:54.000,0.1,49.0,50.0,49.0,49.0,11.2
NBMiner (GPU),HP Victus 16-d0417nf,1,Attack,19.0,62.0,6.0,2.4,0.0,0.0,56.5,Cryptojacking,Open Hardware Monitor,08:04:56.000,0.0,62.0,53.0,53.0,54.0,14.8
NBMiner (GPU),HP Victus 16-d0417nf,1,Attack,9.2,54.0,1.7,2.4,0.0,0.0,56.4,Cryptojacking,Open Hardware Monitor,08:04:58.000,0.1,47.0,50.0,47.0,49.0,5.6
NBMiner (GPU),HP Victus 16-d0417nf,1,Attack,15.2,56.0,6.3,2.4,54.0,0.0,56.4,Cryptojacking,Open Hardware Monitor,08:05:00.000,0.0,48.0,49.0,48.0,48.0,11.3
NBMiner (GPU),HP Victus 16-d0417nf,1,Attack,14.6,56.0,5.4,2.4,0.0,0.0,56.4,Cryptojacking,Open Hardware Monitor,08:05:02.000,0.1,47.0,49.0,49.0,49.0,10.8
NBMiner (GPU),HP Victus 16-d0417nf,1,Attack,10.2,54.0,1.7,2.4,0.0,0.0,56.4,Cryptojacking,Open Hardware Monitor,08:05:04.000,0.1,49.0,50.0,48.0,50.0,6.0
NBMiner (GPU),HP Victus 16-d0417nf,1,Attack,22.0,65.0,10.2,2.4,0.0,0.0,57.2,Cryptojacking,Open Hardware Monitor,08:05:06.000,0.1,54.0,51.0,67.0,51.0,18.1
NBMiner (GPU),HP Victus 16-d0417nf,1,Attack,16.5,59.0,2.8,2.4,0.0,0.0,57.6,Cryptojacking,Open Hardware Monitor,08:05:08.000,0.2,49.0,50.0,49.0,51.0,12.0
NBMiner (GPU),HP Victus 16-d0417nf,1,Attack,22.2,54.0,7.2,32.3,55.0,86.0,58.2,Cryptojacking,Open Hardware Monitor,08:05:10.000,0.2,51.0,52.0,50.0,52.0,17.5
NBMiner (GPU),HP Victus 16-d0417nf,1,Attack,31.1,60.0,7.4,99.0,58.0,100.0,67.1,Cryptojacking,Open Hardware Monitor,08:05:12.000,0.0,53.0,62.0,54.0,54.0,24.6
NBMiner (GPU),HP Victus 16-d0417nf,1,Attack,15.4,55.0,2.2,99.0,59.0,100.0,66.6,Cryptojacking,Open Hardware Monitor,08:05:14.000,0.0,51.0,52.0,50.0,52.0,9.4
NBMiner (GPU),HP Victus 16-d0417nf,1,Attack,18.1,59.0,1.7,99.0,59.0,100.0,66.5,Cryptojacking,Open Hardware Monitor,08:05:16.000,0.2,54.0,57.0,52.0,55.0,11.2
NBMiner (GPU),HP Victus 16-d0417nf,1,Attack,16.3,56.0,1.0,99.0,59.0,100.0,66.6,Cryptojacking,Open Hardware Monitor,08:05:18.000,0.5,51.0,53.0,52.0,52.0,9.2
NBMiner (GPU),HP Victus 16-d0417nf,1,Attack,12.0,56.0,0.8,99.0,60.0,100.0,66.6,Cryptojacking,Open Hardware Monitor,08:05:20.000,0.2,51.0,52.0,52.0,50.0,5.6
NBMiner (GPU),HP Victus 16-d0417nf,1,Attack,11.2,56.0,1.2,99.0,60.0,100.0,66.6,Cryptojacking,Open Hardware Monitor,08:05:22.000,0.2,52.0,52.0,51.0,52.0,4.8
NBMiner (GPU),HP Victus 16-d0417nf,1,Attack,13.2,57.0,1.0,99.0,60.0,100.0,66.5,Cryptojacking,Open Hardware Monitor,08:05:24.000,0.0,50.0,53.0,53.0,51.0,7.1
NBMiner (GPU),HP Victus 16-d0417nf,1,Attack,13.0,57.0,0.7,99.0,60.0,100.0,66.5,Cryptojacking,Open Hardware Monitor,08:05:26.000,0.0,52.0,53.0,52.0,51.0,7.0
NBMiner (GPU),HP Victus 16-d0417nf,1,Attack,12.2,57.0,0.1,99.0,61.0,100.0,66.5,Cryptojacking,Open Hardware Monitor,08:05:28.000,0.0,52.0,54.0,52.0,52.0,6.6
NBMiner (GPU),HP Victus 16-d0417nf,1,Attack,12.5,57.0,0.1,99.0,61.0,100.0,66.5,Cryptojacking,Open Hardware Monitor,08:05:30.000,0.0,54.0,56.0,53.0,54.0,6.4
NBMiner (GPU),HP Victus 16-d0417nf,1,Attack,12.7,58.0,0.9,99.0,61.0,100.0,66.6,Cryptojacking,Open Hardware Monitor,08:05:32.000,0.0,54.0,56.0,52.0,52.0,6.3
NBMiner (GPU),HP Victus 16-d0417nf,1,Attack,12.0,59.0,0.7,99.0,61.0,100.0,66.6,Cryptojacking,Open Hardware Monitor,08:05:34.000,0.1,52.0,53.0,52.0,54.0,6.3
NBMiner (GPU),HP Victus 16-d0417nf,1,Attack,12.7,59.0,0.3,99.0,61.0,100.0,66.5,Cryptojacking,Open Hardware Monitor,08:05:36.000,0.0,53.0,55.0,54.0,54.0,6.6
NBMiner (GPU),HP Victus 16-d0417nf,1,Attack,13.3,58.0,0.4,99.0,62.0,100.0,66.6,Cryptojacking,Open Hardware Monitor,08:05:38.000,0.0,54.0,55.0,53.0,54.0,7.4
NBMiner (GPU),HP Victus 16-d0417nf,1,Attack,12.4,59.0,0.7,99.0,62.0,100.0,66.5,Cryptojacking,Open Hardware Monitor,08:05:40.000,0.0,54.0,58.0,52.0,54.0,6.7
NBMiner (GPU),HP Victus 16-d0417nf,1,Attack,13.8,59.0,0.9,99.0,62.0,100.0,66.6,Cryptojacking,Open Hardware Monitor,08:05:42.000,0.0,54.0,56.0,52.0,55.0,7.5
NBMiner (GPU),HP Victus 16-d0417nf,1,Attack,13.2,59.0,0.9,99.0,62.0,100.0,66.5,Cryptojacking,Open Hardware Monitor,08:05:44.000,0.0,55.0,57.0,54.0,55.0,7.6
NBMiner (GPU),HP Victus 16-d0417nf,1,Attack,13.2,60.0,1.0,99.0,62.0,100.0,66.5,Cryptojacking,Open Hardware Monitor,08:05:46.000,0.0,55.0,56.0,54.0,54.0,7.3
NBMiner (GPU),HP Victus 16-d0417nf,1,Attack,12.8,59.0,0.6,99.0,62.0,100.0,66.6,Cryptojacking,Open Hardware Monitor,08:05:48.000,0.0,54.0,57.0,54.0,55.0,6.6
NBMiner (GPU),HP Victus 16-d0417nf,1,Attack,13.1,59.0,0.9,99.0,63.0,100.0,66.5,Cryptojacking,Open Hardware Monitor,08:05:50.000,0.1,54.0,57.0,56.0,55.0,6.9
NBMiner (GPU),HP Victus 16-d0417nf,1,Attack,13.0,59.0,0.5,99.0,62.0,100.0,66.5,Cryptojacking,Open Hardware Monitor,08:05:52.000,0.0,55.0,56.0,56.0,56.0,7.2
NBMiner (GPU),HP Victus 16-d0417nf,1,Attack,13.3,60.0,0.3,99.0,63.0,100.0,66.5,Cryptojacking,Open Hardware Monitor,08:05:54.000,0.0,55.0,58.0,58.0,56.0,7.0
NBMiner (GPU),HP Victus 16-d0417nf,1,Attack,13.4,60.0,0.9,99.0,63.0,100.0,66.4,Cryptojacking,Open Hardware Monitor,08:05:56.000,0.0,57.0,56.0,55.0,56.0,7.1
NBMiner (GPU),HP Victus 16-d0417nf,1,Attack,39.9,80.0,17.8,99.0,63.0,100.0,66.8,Cryptojacking,Open Hardware Monitor,08:05:58.000,0.0,79.0,80.0,67.0,69.0,33.1
NBMiner (GPU),HP Victus 16-d0417nf,1,Attack,25.7,79.0,5.1,99.0,64.0,100.0,67.0,Cryptojacking,Open Hardware Monitor,08:06:00.000,0.0,79.0,68.0,63.0,62.0,18.7
NBMiner (GPU),HP Victus 16-d0417nf,1,Attack,25.1,75.0,6.0,99.0,64.0,100.0,67.0,Cryptojacking,Open Hardware Monitor,08:06:02.000,0.1,75.0,66.0,62.0,61.0,17.9
NBMiner (GPU),HP Victus 16-d0417nf,1,Attack,17.4,61.0,2.5,99.0,64.0,100.0,66.9,Cryptojacking,Open Hardware Monitor,08:06:04.000,0.0,57.0,58.0,56.0,58.0,11.5
NBMiner (GPU),HP Victus 16-d0417nf,1,Attack,12.2,62.0,0.5,99.0,64.0,100.0,66.9,Cryptojacking,Open Hardware Monitor,08:06:06.000,0.0,56.0,57.0,57.0,58.0,6.2
NBMiner (GPU),HP Victus 16-d0417nf,1,Attack,15.1,63.0,1.2,99.0,64.0,100.0,66.9,Cryptojacking,Open Hardware Monitor,08:06:08.000,0.1,59.0,62.0,56.0,57.0,8.7
NBMiner (GPU),HP Victus 16-d0417nf,1,Attack,13.1,62.0,1.0,99.0,64.0,100.0,66.8,Cryptojacking,Open Hardware Monitor,08:06:10.000,0.0,56.0,58.0,57.0,58.0,6.9
NBMiner (GPU),HP Victus 16-d0417nf,1,Attack,13.3,62.0,0.9,99.0,65.0,100.0,66.8,Cryptojacking,Open Hardware Monitor,08:06:12.000,0.0,59.0,60.0,61.0,58.0,7.4
NBMiner (GPU),HP Victus 16-d0417nf,1,Attack,13.3,61.0,0.5,99.0,65.0,100.0,66.8,Cryptojacking,Open Hardware Monitor,08:06:14.000,0.0,58.0,58.0,57.0,58.0,7.1
NBMiner (GPU),HP Victus 16-d0417nf,1,Attack,13.4,62.0,0.9,99.0,65.0,100.0,66.8,Cryptojacking,Open Hardware Monitor,08:06:16.000,0.1,58.0,59.0,57.0,57.0,7.6
NBMiner (GPU),HP Victus 16-d0417nf,1,Attack,13.6,63.0,0.9,99.0,65.0,100.0,66.8,Cryptojacking,Open Hardware Monitor,08:06:18.000,0.0,58.0,60.0,59.0,58.0,7.5
NBMiner (GPU),HP Victus 16-d0417nf,1,Attack,12.9,62.0,0.5,99.0,65.0,100.0,66.8,Cryptojacking,Open Hardware Monitor,08:06:20.000,0.0,58.0,59.0,57.0,58.0,6.7
NBMiner (GPU),HP Victus 16-d0417nf,1,Attack,12.6,63.0,0.3,99.0,65.0,100.0,66.8,Cryptojacking,Open Hardware Monitor,08:06:22.000,0.0,60.0,60.0,57.0,58.0,6.4
NBMiner (GPU),HP Victus 16-d0417nf,1,Attack,12.5,62.0,1.0,99.0,65.0,100.0,66.8,Cryptojacking,Open Hardware Monitor,08:06:24.000,0.0,58.0,58.0,64.0,58.0,6.6
NBMiner (GPU),HP Victus 16-d0417nf,1,Attack,13.4,62.0,0.5,99.0,68.0,100.0,66.8,Cryptojacking,Open Hardware Monitor,08:06:26.000,0.0,59.0,59.0,59.0,58.0,7.5
NBMiner (GPU),HP Victus 16-d0417nf,1,Attack,14.5,64.0,1.3,99.0,65.0,100.0,66.8,Cryptojacking,Open Hardware Monitor,08:06:28.000,0.0,60.0,60.0,59.0,59.0,8.1
NBMiner (GPU),HP Victus 16-d0417nf,1,Attack,12.7,63.0,0.9,99.0,65.0,100.0,66.7,Cryptojacking,Open Hardware Monitor,08:06:30.000,0.0,58.0,58.0,57.0,58.0,6.5
NBMiner (GPU),HP Victus 16-d0417nf,1,Attack,13.0,63.0,0.7,99.0,65.0,100.0,66.8,Cryptojacking,Open Hardware Monitor,08:06:32.000,0.0,60.0,60.0,59.0,58.0,6.8
NBMiner (GPU),HP Victus 16-d0417nf,1,Attack,13.5,68.0,0.5,99.0,66.0,100.0,66.7,Cryptojacking,Open Hardware Monitor,08:06:34.000,0.0,69.0,61.0,60.0,58.0,7.6
NBMiner (GPU),HP Victus 16-d0417nf,1,Attack,13.1,63.0,0.9,99.0,68.0,100.0,66.8,Cryptojacking,Open Hardware Monitor,08:06:36.000,0.0,58.0,58.0,59.0,58.0,7.3
NBMiner (GPU),HP Victus 16-d0417nf,1,Attack,16.0,70.0,0.4,99.0,66.0,100.0,66.7,Cryptojacking,Open Hardware Monitor,08:06:38.000,0.1,75.0,62.0,62.0,58.0,9.8
NBMiner (GPU),HP Victus 16-d0417nf,1,Attack,12.9,69.0,0.7,99.0,66.0,100.0,66.7,Cryptojacking,Open Hardware Monitor,08:06:40.000,0.1,59.0,65.0,64.0,59.0,6.6
NBMiner (GPU),HP Victus 16-d0417nf,1,Attack,13.1,64.0,0.9,99.0,66.0,100.0,66.7,Cryptojacking,Open Hardware Monitor,08:06:42.000,0.0,64.0,60.0,64.0,57.0,6.9
NBMiner (GPU),HP Victus 16-d0417nf,1,Attack,13.2,67.0,0.5,99.0,66.0,100.0,66.7,Cryptojacking,Open Hardware Monitor,08:06:44.000,0.1,59.0,61.0,67.0,59.0,7.4
NBMiner (GPU),HP Victus 16-d0417nf,1,Attack,13.0,63.0,0.3,99.0,66.0,100.0,66.7,Cryptojacking,Open Hardware Monitor,08:06:46.000,0.1,58.0,60.0,59.0,59.0,7.0
NBMiner (GPU),HP Victus 16-d0417nf,1,Attack,13.8,64.0,1.8,99.0,66.0,100.0,66.8,Cryptojacking,Open Hardware Monitor,08:06:48.000,0.0,58.0,60.0,64.0,59.0,7.7
NBMiner (GPU),HP Victus 16-d0417nf,1,Attack,13.6,64.0,0.0,99.0,66.0,100.0,66.7,Cryptojacking,Open Hardware Monitor,08:06:50.000,0.0,59.0,60.0,59.0,58.0,7.5
NBMiner (GPU),HP Victus 16-d0417nf,1,Attack,13.2,63.0,1.0,99.0,66.0,100.0,66.8,Cryptojacking,Open Hardware Monitor,08:06:52.000,0.1,59.0,60.0,59.0,58.0,7.0
NBMiner (GPU),HP Victus 16-d0417nf,1,Attack,12.9,64.0,0.7,99.0,67.0,100.0,66.7,Cryptojacking,Open Hardware Monitor,08:06:54.000,0.0,59.0,60.0,59.0,59.0,7.2
NBMiner (GPU),HP Victus 16-d0417nf,1,Attack,13.3,64.0,0.7,99.0,66.0,100.0,66.7,Cryptojacking,Open Hardware Monitor,08:06:56.000,0.0,58.0,58.0,59.0,58.0,7.1
NBMiner (GPU),HP Victus 16-d0417nf,1,Attack,14.7,64.0,0.8,99.0,66.0,100.0,66.7,Cryptojacking,Open Hardware Monitor,08:06:58.000,0.0,62.0,59.0,59.0,58.0,8.1
NBMiner (GPU),HP Victus 16-d0417nf,1,Attack,13.3,64.0,0.7,99.0,66.0,100.0,66.8,Cryptojacking,Open Hardware Monitor,08:07:00.000,0.0,58.0,60.0,59.0,58.0,7.5
NBMiner (GPU),HP Victus 16-d0417nf,1,Attack,12.7,64.0,0.1,99.0,66.0,100.0,66.8,Cryptojacking,Open Hardware Monitor,08:07:02.000,0.0,58.0,60.0,59.0,58.0,6.3
NBMiner (GPU),HP Victus 16-d0417nf,1,Attack,14.4,64.0,0.1,99.0,66.0,100.0,66.6,Cryptojacking,Open Hardware Monitor,08:07:04.000,0.0,58.0,60.0,59.0,59.0,8.4
NBMiner (GPU),HP Victus 16-d0417nf,1,Attack,13.3,64.0,0.1,99.0,66.0,100.0,66.7,Cryptojacking,Open Hardware Monitor,08:07:06.000,0.0,58.0,60.0,59.0,58.0,7.0
NBMiner (GPU),HP Victus 16-d0417nf,1,Attack,14.7,64.0,0.4,99.0,66.0,100.0,66.6,Cryptojacking,Open Hardware Monitor,08:07:08.000,0.1,58.0,60.0,59.0,58.0,8.5
NBMiner (GPU),HP Victus 16-d0417nf,1,Attack,13.3,64.0,0.8,99.0,66.0,100.0,66.7,Cryptojacking,Open Hardware Monitor,08:07:10.000,0.0,58.0,60.0,59.0,59.0,7.3
NBMiner (GPU),HP Victus 16-d0417nf,1,Attack,13.7,64.0,0.8,99.0,66.0,100.0,66.6,Cryptojacking,Open Hardware Monitor,08:07:12.000,0.0,60.0,60.0,59.0,58.0,7.3
NBMiner (GPU),HP Victus 16-d0417nf,1,Attack,13.7,63.0,1.0,99.0,66.0,100.0,66.7,Cryptojacking,Open Hardware Monitor,08:07:14.000,0.0,59.0,60.0,60.0,58.0,8.0
NBMiner (GPU),HP Victus 16-d0417nf,1,Attack,13.9,64.0,1.2,99.0,66.0,100.0,66.7,Cryptojacking,Open Hardware Monitor,08:07:16.000,0.1,58.0,60.0,59.0,58.0,7.8
NBMiner (GPU),HP Victus 16-d0417nf,1,Attack,13.0,63.0,0.4,99.0,66.0,100.0,66.6,Cryptojacking,Open Hardware Monitor,08:07:18.000,0.1,59.0,60.0,59.0,58.0,6.6
NBMiner (GPU),HP Victus 16-d0417nf,1,Attack,12.4,63.0,0.7,99.0,66.0,100.0,66.7,Cryptojacking,Open Hardware Monitor,08:07:20.000,0.0,59.0,60.0,59.0,58.0,6.5
NBMiner (GPU),HP Victus 16-d0417nf,1,Attack,13.4,64.0,0.9,99.0,67.0,100.0,66.6,Cryptojacking,Open Hardware Monitor,08:07:22.000,0.0,59.0,60.0,59.0,59.0,7.1
NBMiner (GPU),HP Victus 16-d0417nf,1,Attack,12.1,63.0,0.8,99.0,66.0,100.0,66.7,Cryptojacking,Open Hardware Monitor,08:07:24.000,0.1,59.0,61.0,59.0,59.0,6.2
NBMiner (GPU),HP Victus 16-d0417nf,1,Attack,12.8,64.0,0.4,99.0,67.0,100.0,66.6,Cryptojacking,Open Hardware Monitor,08:07:26.000,0.0,58.0,60.0,59.0,58.0,7.0
NBMiner (GPU),HP Victus 16-d0417nf,1,Attack,12.4,64.0,0.5,99.0,66.0,100.0,66.7,Cryptojacking,Open Hardware Monitor,08:07:28.000,0.0,59.0,60.0,59.0,59.0,6.4
NBMiner (GPU),HP Victus 16-d0417nf,1,Attack,13.7,64.0,0.1,99.0,67.0,100.0,66.6,Cryptojacking,Open Hardware Monitor,08:07:30.000,0.0,58.0,60.0,59.0,61.0,7.5
NBMiner (GPU),HP Victus 16-d0417nf,1,Attack,12.9,63.0,1.3,99.0,67.0,100.0,66.6,Cryptojacking,Open Hardware Monitor,08:07:32.000,0.0,58.0,60.0,58.0,58.0,6.6
NBMiner (GPU),HP Victus 16-d0417nf,1,Attack,13.1,64.0,0.5,99.0,67.0,100.0,66.5,Cryptojacking,Open Hardware Monitor,08:07:34.000,0.0,58.0,60.0,59.0,59.0,6.8
NBMiner (GPU),HP Victus 16-d0417nf,1,Attack,12.7,63.0,0.3,99.0,67.0,100.0,66.5,Cryptojacking,Open Hardware Monitor,08:07:36.000,0.0,58.0,60.0,59.0,59.0,7.0
NBMiner (GPU),HP Victus 16-d0417nf,1,Attack,12.5,64.0,0.9,99.0,67.0,100.0,66.5,Cryptojacking,Open Hardware Monitor,08:07:38.000,0.0,58.0,60.0,59.0,60.0,6.3
NBMiner (GPU),HP Victus 16-d0417nf,1,Attack,12.8,64.0,0.4,99.0,67.0,100.0,66.5,Cryptojacking,Open Hardware Monitor,08:07:40.000,0.0,59.0,60.0,60.0,58.0,6.7
NBMiner (GPU),HP Victus 16-d0417nf,1,Attack,13.6,64.0,0.7,99.0,67.0,100.0,66.5,Cryptojacking,Open Hardware Monitor,08:07:42.000,0.0,59.0,61.0,61.0,59.0,7.2
NBMiner (GPU),HP Victus 16-d0417nf,1,Attack,12.1,65.0,0.9,99.0,67.0,100.0,66.5,Cryptojacking,Open Hardware Monitor,08:07:44.000,0.0,59.0,60.0,60.0,59.0,5.8
NBMiner (GPU),HP Victus 16-d0417nf,1,Attack,12.8,64.0,0.8,99.0,67.0,100.0,66.5,Cryptojacking,Open Hardware Monitor,08:07:46.000,0.0,59.0,60.0,59.0,59.0,7.0
NBMiner (GPU),HP Victus 16-d0417nf,1,Attack,12.5,64.0,0.6,99.0,67.0,100.0,66.5,Cryptojacking,Open Hardware Monitor,08:07:48.000,0.0,58.0,60.0,59.0,59.0,6.3
NBMiner (GPU),HP Victus 16-d0417nf,1,Attack,13.1,64.0,0.7,99.0,67.0,100.0,66.5,Cryptojacking,Open Hardware Monitor,08:07:50.000,0.1,60.0,60.0,60.0,58.0,6.7
NBMiner (GPU),HP Victus 16-d0417nf,1,Attack,12.7,64.0,0.7,99.0,67.0,100.0,66.5,Cryptojacking,Open Hardware Monitor,08:07:52.000,0.0,61.0,60.0,59.0,61.0,6.7
NBMiner (GPU),HP Victus 16-d0417nf,1,Attack,12.5,65.0,0.7,99.0,66.0,100.0,66.5,Cryptojacking,Open Hardware Monitor,08:07:54.000,0.0,59.0,60.0,60.0,59.0,6.7
NBMiner (GPU),HP Victus 16-d0417nf,1,Attack,13.0,65.0,0.3,99.0,67.0,100.0,66.5,Cryptojacking,Open Hardware Monitor,08:07:56.000,0.0,58.0,61.0,59.0,61.0,6.8
NBMiner (GPU),HP Victus 16-d0417nf,1,Attack,13.6,66.0,0.8,99.0,67.0,100.0,66.5,Cryptojacking,Open Hardware Monitor,08:07:58.000,0.0,59.0,60.0,59.0,58.0,7.3
NBMiner (GPU),HP Victus 16-d0417nf,1,Attack,12.7,65.0,0.4,99.0,67.0,100.0,66.5,Cryptojacking,Open Hardware Monitor,08:08:00.000,0.1,60.0,61.0,60.0,58.0,7.1
NBMiner (GPU),HP Victus 16-d0417nf,1,Attack,13.7,65.0,0.5,99.0,67.0,100.0,66.5,Cryptojacking,Open Hardware Monitor,08:08:02.000,0.0,60.0,61.0,60.0,59.0,7.3
NBMiner (GPU),HP Victus 16-d0417nf,1,Attack,13.1,65.0,1.2,99.0,67.0,100.0,66.5,Cryptojacking,Open Hardware Monitor,08:08:04.000,0.0,59.0,60.0,59.0,59.0,7.0
NBMiner (GPU),HP Victus 16-d0417nf,1,Attack,11.9,64.0,0.5,99.0,67.0,100.0,66.5,Cryptojacking,Open Hardware Monitor,08:08:06.000,0.0,60.0,61.0,60.0,59.0,6.0
NBMiner (GPU),HP Victus 16-d0417nf,1,Attack,14.1,64.0,0.3,99.0,67.0,100.0,66.6,Cryptojacking,Open Hardware Monitor,08:08:08.000,0.0,59.0,61.0,60.0,58.0,7.8
NBMiner (GPU),HP Victus 16-d0417nf,1,Attack,12.7,65.0,0.3,99.0,67.0,100.0,66.5,Cryptojacking,Open Hardware Monitor,08:08:10.000,0.1,59.0,61.0,59.0,59.0,6.4
NBMiner (GPU),HP Victus 16-d0417nf,1,Attack,12.5,64.0,0.7,99.0,67.0,100.0,66.5,Cryptojacking,Open Hardware Monitor,08:08:12.000,0.0,60.0,60.0,60.0,59.0,6.1
NBMiner (GPU),HP Victus 16-d0417nf,1,Attack,12.9,65.0,0.5,99.0,67.0,100.0,66.5,Cryptojacking,Open Hardware Monitor,08:08:14.000,0.0,59.0,60.0,60.0,61.0,6.6
NBMiner (GPU),HP Victus 16-d0417nf,1,Attack,12.8,65.0,0.1,99.0,67.0,100.0,66.5,Cryptojacking,Open Hardware Monitor,08:08:16.000,0.0,59.0,60.0,62.0,59.0,6.9
NBMiner (GPU),HP Victus 16-d0417nf,1,Attack,13.4,67.0,0.1,99.0,67.0,100.0,66.5,Cryptojacking,Open Hardware Monitor,08:08:18.000,0.0,65.0,60.0,60.0,59.0,7.2
NBMiner (GPU),HP Victus 16-d0417nf,1,Attack,14.1,65.0,0.5,99.0,67.0,100.0,66.5,Cryptojacking,Open Hardware Monitor,08:08:20.000,0.1,60.0,61.0,60.0,61.0,7.8
NBMiner (GPU),HP Victus 16-d0417nf,1,Attack,12.0,64.0,0.4,99.0,67.0,100.0,66.5,Cryptojacking,Open Hardware Monitor,08:08:22.000,0.0,60.0,60.0,60.0,58.0,5.9
NBMiner (GPU),HP Victus 16-d0417nf,1,Attack,12.5,64.0,0.7,99.0,67.0,100.0,66.5,Cryptojacking,Open Hardware Monitor,08:08:24.000,0.0,58.0,61.0,59.0,59.0,6.7
NBMiner (GPU),HP Victus 16-d0417nf,1,Attack,12.8,64.0,0.4,99.0,67.0,100.0,66.5,Cryptojacking,Open Hardware Monitor,08:08:26.000,0.0,60.0,62.0,59.0,58.0,6.5
NBMiner (GPU),HP Victus 16-d0417nf,1,Attack,13.5,65.0,0.6,99.0,67.0,100.0,66.5,Cryptojacking,Open Hardware Monitor,08:08:28.000,0.0,60.0,61.0,61.0,58.0,7.0
NBMiner (GPU),HP Victus 16-d0417nf,1,Attack,12.9,66.0,0.5,99.0,67.0,100.0,66.5,Cryptojacking,Open Hardware Monitor,08:08:30.000,0.1,60.0,61.0,60.0,59.0,7.1
NBMiner (GPU),HP Victus 16-d0417nf,1,Attack,13.1,65.0,0.3,99.0,67.0,100.0,66.5,Cryptojacking,Open Hardware Monitor,08:08:33.000,0.0,60.0,60.0,60.0,63.0,6.7
NBMiner (GPU),HP Victus 16-d0417nf,1,Attack,12.7,66.0,0.9,99.0,67.0,100.0,66.5,Cryptojacking,Open Hardware Monitor,08:08:35.000,0.0,60.0,66.0,60.0,61.0,6.6
NBMiner (GPU),HP Victus 16-d0417nf,1,Attack,12.6,65.0,0.4,99.0,68.0,100.0,66.5,Cryptojacking,Open Hardware Monitor,08:08:37.000,0.0,59.0,61.0,60.0,59.0,6.8
NBMiner (GPU),HP Victus 16-d0417nf,1,Attack,13.1,64.0,0.5,99.0,68.0,100.0,66.5,Cryptojacking,Open Hardware Monitor,08:08:39.000,0.0,59.0,61.0,60.0,61.0,6.9
NBMiner (GPU),HP Victus 16-d0417nf,1,Attack,13.8,65.0,0.9,99.0,68.0,100.0,66.5,Cryptojacking,Open Hardware Monitor,08:08:41.000,0.1,59.0,61.0,60.0,59.0,7.7
NBMiner (GPU),HP Victus 16-d0417nf,1,Attack,15.9,65.0,2.0,99.0,68.0,100.0,66.5,Cryptojacking,Open Hardware Monitor,08:08:43.000,0.0,59.0,61.0,61.0,61.0,9.0
NBMiner (GPU),HP Victus 16-d0417nf,1,Attack,13.9,65.0,0.9,99.0,68.0,100.0,66.5,Cryptojacking,Open Hardware Monitor,08:08:45.000,0.0,60.0,61.0,59.0,59.0,7.6
NBMiner (GPU),HP Victus 16-d0417nf,1,Attack,13.6,65.0,0.5,99.0,68.0,100.0,66.6,Cryptojacking,Open Hardware Monitor,08:08:47.000,0.0,60.0,61.0,60.0,60.0,7.6
NBMiner (GPU),HP Victus 16-d0417nf,1,Attack,14.3,65.0,1.3,99.0,68.0,100.0,66.6,Cryptojacking,Open Hardware Monitor,08:08:49.000,0.0,59.0,61.0,60.0,59.0,8.0
NBMiner (GPU),HP Victus 16-d0417nf,1,Attack,13.4,65.0,0.7,99.0,68.0,100.0,66.6,Cryptojacking,Open Hardware Monitor,08:08:51.000,0.0,60.0,62.0,60.0,61.0,7.1
NBMiner (GPU),HP Victus 16-d0417nf,1,Attack,13.7,64.0,0.5,99.0,68.0,100.0,66.5,Cryptojacking,Open Hardware Monitor,08:08:53.000,0.1,60.0,61.0,61.0,59.0,7.2
NBMiner (GPU),HP Victus 16-d0417nf,1,Attack,12.8,65.0,0.4,99.0,68.0,100.0,66.5,Cryptojacking,Open Hardware Monitor,08:08:55.000,0.0,60.0,63.0,60.0,59.0,6.4
NBMiner (GPU),HP Victus 16-d0417nf,1,Attack,13.3,64.0,0.8,99.0,68.0,100.0,66.6,Cryptojacking,Open Hardware Monitor,08:08:57.000,0.1,60.0,62.0,61.0,59.0,7.6
NBMiner (GPU),HP Victus 16-d0417nf,1,Attack,14.1,65.0,1.3,99.0,68.0,100.0,66.5,Cryptojacking,Open Hardware Monitor,08:08:59.000,0.0,60.0,62.0,60.0,61.0,7.9
NBMiner (GPU),HP Victus 16-d0417nf,1,Attack,13.8,64.0,1.0,99.0,67.0,100.0,66.6,Cryptojacking,Open Hardware Monitor,08:09:01.000,0.1,63.0,61.0,62.0,61.0,7.6
NBMiner (GPU),HP Victus 16-d0417nf,1,Attack,13.3,65.0,0.1,99.0,68.0,100.0,66.5,Cryptojacking,Open Hardware Monitor,08:09:03.000,0.0,60.0,61.0,62.0,59.0,7.0
NBMiner (GPU),HP Victus 16-d0417nf,1,Attack,13.2,65.0,0.8,99.0,68.0,100.0,66.6,Cryptojacking,Open Hardware Monitor,08:09:05.000,0.0,60.0,61.0,61.0,59.0,6.8
NBMiner (GPU),HP Victus 16-d0417nf,1,Attack,13.4,65.0,0.3,99.0,68.0,100.0,66.5,Cryptojacking,Open Hardware Monitor,08:09:07.000,0.1,60.0,60.0,60.0,59.0,7.5
NBMiner (GPU),HP Victus 16-d0417nf,1,Attack,13.5,65.0,1.0,99.0,68.0,100.0,66.5,Cryptojacking,Open Hardware Monitor,08:09:09.000,0.0,60.0,63.0,60.0,59.0,7.2
NBMiner (GPU),HP Victus 16-d0417nf,1,Attack,14.3,65.0,1.2,99.0,68.0,100.0,66.6,Cryptojacking,Open Hardware Monitor,08:09:11.000,0.0,60.0,61.0,62.0,59.0,8.0
NBMiner (GPU),HP Victus 16-d0417nf,1,Attack,13.8,65.0,0.5,99.0,68.0,100.0,66.6,Cryptojacking,Open Hardware Monitor,08:09:13.000,0.1,60.0,62.0,60.0,60.0,7.8
NBMiner (GPU),HP Victus 16-d0417nf,1,Attack,14.1,65.0,1.4,99.0,68.0,100.0,66.6,Cryptojacking,Open Hardware Monitor,08:09:15.000,0.0,60.0,62.0,60.0,59.0,7.8
NBMiner (GPU),HP Victus 16-d0417nf,1,Attack,13.4,65.0,0.4,99.0,68.0,100.0,66.5,Cryptojacking,Open Hardware Monitor,08:09:17.000,0.0,60.0,61.0,61.0,59.0,7.1
NBMiner (GPU),HP Victus 16-d0417nf,1,Attack,22.3,79.0,4.4,99.0,68.0,100.0,66.7,Cryptojacking,Open Hardware Monitor,08:09:19.000,0.0,76.0,78.0,79.0,70.0,15.7
NBMiner (GPU),HP Victus 16-d0417nf,1,Attack,12.9,65.0,0.1,99.0,68.0,100.0,66.7,Cryptojacking,Open Hardware Monitor,08:09:21.000,0.0,60.0,60.0,60.0,62.0,7.1
NBMiner (GPU),HP Victus 16-d0417nf,1,Attack,13.3,65.0,1.0,99.0,67.0,100.0,66.7,Cryptojacking,Open Hardware Monitor,08:09:23.000,0.0,60.0,60.0,61.0,59.0,7.0
NBMiner (GPU),HP Victus 16-d0417nf,1,Attack,13.3,65.0,0.8,99.0,67.0,100.0,66.7,Cryptojacking,Open Hardware Monitor,08:09:25.000,0.0,60.0,61.0,61.0,59.0,7.0
NBMiner (GPU),HP Victus 16-d0417nf,1,Attack,18.0,64.0,5.6,99.0,67.0,100.0,65.2,Cryptojacking,Open Hardware Monitor,08:09:27.000,0.0,60.0,62.0,60.0,59.0,12.2
NBMiner (GPU),HP Victus 16-d0417nf,1,Attack,13.6,65.0,1.6,99.0,68.0,100.0,65.2,Cryptojacking,Open Hardware Monitor,08:09:29.000,0.0,60.0,60.0,59.0,59.0,7.3
NBMiner (GPU),HP Victus 16-d0417nf,1,Attack,13.9,65.0,0.7,99.0,67.0,100.0,65.3,Cryptojacking,Open Hardware Monitor,08:09:31.000,0.1,59.0,60.0,61.0,59.0,7.7
NBMiner (GPU),HP Victus 16-d0417nf,1,Attack,12.6,65.0,0.6,99.0,67.0,100.0,65.3,Cryptojacking,Open Hardware Monitor,08:09:33.000,0.0,60.0,60.0,59.0,59.0,6.4
NBMiner (GPU),HP Victus 16-d0417nf,1,Attack,12.9,65.0,0.8,99.0,67.0,100.0,65.3,Cryptojacking,Open Hardware Monitor,08:09:35.000,0.0,61.0,62.0,59.0,61.0,6.4
NBMiner (GPU),HP Victus 16-d0417nf,1,Attack,14.0,65.0,2.1,99.0,67.0,100.0,65.2,Cryptojacking,Open Hardware Monitor,08:09:37.000,0.0,60.0,60.0,60.0,59.0,8.0
NBMiner (GPU),HP Victus 16-d0417nf,1,Attack,14.1,65.0,0.9,99.0,69.0,100.0,65.2,Cryptojacking,Open Hardware Monitor,08:09:39.000,0.0,59.0,60.0,60.0,61.0,8.1
NBMiner (GPU),HP Victus 16-d0417nf,1,Attack,14.2,64.0,1.0,99.0,67.0,100.0,65.2,Cryptojacking,Open Hardware Monitor,08:09:41.000,0.1,59.0,62.0,59.0,61.0,7.9
NBMiner (GPU),HP Victus 16-d0417nf,1,Attack,14.1,64.0,0.8,99.0,67.0,100.0,65.2,Cryptojacking,Open Hardware Monitor,08:09:43.000,0.0,59.0,61.0,59.0,59.0,7.9
NBMiner (GPU),HP Victus 16-d0417nf,1,Attack,14.8,82.0,0.4,99.0,67.0,100.0,65.3,Cryptojacking,Open Hardware Monitor,08:09:45.000,0.0,82.0,60.0,66.0,60.0,8.4
NBMiner (GPU),HP Victus 16-d0417nf,1,Attack,16.5,64.0,0.7,99.0,67.0,100.0,65.5,Cryptojacking,Open Hardware Monitor,08:09:47.000,0.0,60.0,60.0,61.0,59.0,10.4
NBMiner (GPU),HP Victus 16-d0417nf,1,Attack,15.1,65.0,1.4,99.0,69.0,100.0,65.5,Cryptojacking,Open Hardware Monitor,08:09:49.000,0.0,59.0,61.0,59.0,61.0,9.2
NBMiner (GPU),HP Victus 16-d0417nf,1,Attack,18.4,76.0,0.8,99.0,67.0,100.0,64.9,Cryptojacking,Open Hardware Monitor,08:09:51.000,0.1,69.0,63.0,67.0,63.0,12.1
NBMiner (GPU),HP Victus 16-d0417nf,1,Attack,13.0,65.0,0.4,99.0,67.0,100.0,64.9,Cryptojacking,Open Hardware Monitor,08:09:53.000,0.0,58.0,60.0,61.0,59.0,6.7
NBMiner (GPU),HP Victus 16-d0417nf,1,Attack,13.0,64.0,0.8,99.0,67.0,100.0,64.9,Cryptojacking,Open Hardware Monitor,08:09:55.000,0.0,59.0,61.0,60.0,59.0,7.1
NBMiner (GPU),HP Victus 16-d0417nf,1,Attack,12.6,65.0,0.5,99.0,67.0,100.0,64.8,Cryptojacking,Open Hardware Monitor,08:09:57.000,0.0,58.0,60.0,60.0,59.0,6.5
NBMiner (GPU),HP Victus 16-d0417nf,1,Attack,13.7,64.0,0.7,99.0,67.0,100.0,64.8,Cryptojacking,Open Hardware Monitor,08:09:59.000,0.0,59.0,61.0,59.0,59.0,7.4
NBMiner (GPU),HP Victus 16-d0417nf,1,Recovery,12.9,64.0,0.3,99.0,67.0,100.0,64.9,Cryptojacking,Open Hardware Monitor,08:10:01.000,0.0,59.0,60.0,59.0,59.0,6.4
NBMiner (GPU),HP Victus 16-d0417nf,1,Recovery,13.3,64.0,0.8,99.0,67.0,100.0,64.8,Cryptojacking,Open Hardware Monitor,08:10:03.000,0.0,60.0,60.0,60.0,58.0,7.0
NBMiner (GPU),HP Victus 16-d0417nf,1,Recovery,15.3,63.0,2.6,99.0,0.0,100.0,56.0,Cryptojacking,Open Hardware Monitor,08:10:05.000,0.1,60.0,58.0,59.0,57.0,10.4
NBMiner (GPU),HP Victus 16-d0417nf,1,Recovery,16.5,72.0,5.5,2.4,0.0,100.0,55.4,Cryptojacking,Open Hardware Monitor,08:10:07.000,0.3,60.0,60.0,59.0,72.0,12.0
NBMiner (GPU),HP Victus 16-d0417nf,1,Recovery,17.9,71.0,5.6,2.4,0.0,100.0,55.3,Cryptojacking,Open Hardware Monitor,08:10:09.000,0.0,61.0,58.0,60.0,58.0,14.0
NBMiner (GPU),HP Victus 16-d0417nf,1,Recovery,13.6,70.0,6.2,2.4,0.0,100.0,55.3,Cryptojacking,Open Hardware Monitor,08:10:11.000,0.0,56.0,60.0,57.0,57.0,9.5
NBMiner (GPU),HP Victus 16-d0417nf,1,Recovery,15.6,66.0,6.3,2.4,0.0,100.0,55.3,Cryptojacking,Open Hardware Monitor,08:10:13.000,0.0,57.0,66.0,57.0,59.0,11.7
NBMiner (GPU),HP Victus 16-d0417nf,1,Recovery,15.8,62.0,5.5,2.4,0.0,100.0,55.3,Cryptojacking,Open Hardware Monitor,08:10:15.000,0.0,56.0,57.0,57.0,56.0,11.6
NBMiner (GPU),HP Victus 16-d0417nf,1,Recovery,13.8,62.0,5.1,2.4,0.0,100.0,55.3,Cryptojacking,Open Hardware Monitor,08:10:17.000,0.0,56.0,58.0,56.0,57.0,9.7
NBMiner (GPU),HP Victus 16-d0417nf,1,Recovery,16.9,71.0,7.5,2.4,0.0,100.0,55.2,Cryptojacking,Open Hardware Monitor,08:10:19.000,0.0,56.0,58.0,56.0,58.0,12.7
NBMiner (GPU),HP Victus 16-d0417nf,1,Recovery,14.1,62.0,5.7,2.4,0.0,100.0,55.3,Cryptojacking,Open Hardware Monitor,08:10:21.000,0.1,55.0,56.0,56.0,56.0,10.1
NBMiner (GPU),HP Victus 16-d0417nf,1,Recovery,14.6,62.0,6.2,2.4,0.0,100.0,55.3,Cryptojacking,Open Hardware Monitor,08:10:23.000,0.1,58.0,57.0,57.0,56.0,10.7
NBMiner (GPU),HP Victus 16-d0417nf,1,Recovery,14.4,61.0,6.0,2.4,60.0,100.0,55.2,Cryptojacking,Open Hardware Monitor,08:10:25.000,0.0,56.0,55.0,56.0,57.0,10.3
NBMiner (GPU),HP Victus 16-d0417nf,1,Recovery,14.3,62.0,5.2,2.4,0.0,100.0,55.4,Cryptojacking,Open Hardware Monitor,08:10:27.000,0.0,56.0,55.0,56.0,56.0,10.5
NBMiner (GPU),HP Victus 16-d0417nf,1,Recovery,9.2,61.0,2.6,2.4,0.0,0.0,55.2,Cryptojacking,Open Hardware Monitor,08:10:29.000,0.1,55.0,55.0,54.0,56.0,5.1
NBMiner (GPU),HP Victus 16-d0417nf,1,Recovery,15.6,67.0,5.4,2.4,0.0,0.0,55.2,Cryptojacking,Open Hardware Monitor,08:10:31.000,0.0,58.0,55.0,69.0,56.0,11.5
NBMiner (GPU),HP Victus 16-d0417nf,1,Recovery,15.5,67.0,6.1,2.4,0.0,0.0,55.3,Cryptojacking,Open Hardware Monitor,08:10:33.000,0.1,55.0,58.0,55.0,67.0,11.5
NBMiner (GPU),HP Victus 16-d0417nf,1,Recovery,25.1,73.0,8.4,2.4,0.0,0.0,55.4,Cryptojacking,Open Hardware Monitor,08:10:35.000,0.0,72.0,75.0,61.0,61.0,20.1
NBMiner (GPU),HP Victus 16-d0417nf,1,Recovery,14.7,68.0,4.7,2.4,0.0,0.0,55.3,Cryptojacking,Open Hardware Monitor,08:10:37.000,0.0,58.0,57.0,68.0,55.0,10.8
NBMiner (GPU),HP Victus 16-d0417nf,1,Recovery,16.3,61.0,6.2,2.4,0.0,0.0,55.5,Cryptojacking,Open Hardware Monitor,08:10:39.000,0.1,56.0,56.0,56.0,55.0,12.3
NBMiner (GPU),HP Victus 16-d0417nf,1,Recovery,15.8,61.0,6.4,2.4,0.0,0.0,55.4,Cryptojacking,Open Hardware Monitor,08:10:41.000,0.1,55.0,56.0,54.0,55.0,11.8
NBMiner (GPU),HP Victus 16-d0417nf,1,Recovery,16.1,61.0,6.8,2.4,0.0,0.0,55.4,Cryptojacking,Open Hardware Monitor,08:10:43.000,0.1,55.0,55.0,56.0,55.0,12.1
NBMiner (GPU),HP Victus 16-d0417nf,1,Recovery,15.7,61.0,4.9,2.4,59.0,0.0,55.4,Cryptojacking,Open Hardware Monitor,08:10:45.000,0.1,54.0,55.0,55.0,55.0,11.7
NBMiner (GPU),HP Victus 16-d0417nf,1,Recovery,14.4,69.0,6.3,2.4,0.0,0.0,55.3,Cryptojacking,Open Hardware Monitor,08:10:47.000,0.1,54.0,55.0,54.0,56.0,10.6
NBMiner (GPU),HP Victus 16-d0417nf,1,Recovery,15.2,61.0,6.5,2.4,60.0,0.0,55.3,Cryptojacking,Open Hardware Monitor,08:10:49.000,0.1,54.0,55.0,55.0,55.0,11.2
NBMiner (GPU),HP Victus 16-d0417nf,1,Recovery,14.2,59.0,4.4,2.4,59.0,0.0,55.4,Cryptojacking,Open Hardware Monitor,08:10:51.000,0.1,54.0,55.0,54.0,54.0,10.1
NBMiner (GPU),HP Victus 16-d0417nf,1,Recovery,14.7,59.0,4.8,2.4,0.0,0.0,55.2,Cryptojacking,Open Hardware Monitor,08:10:53.000,0.1,54.0,55.0,54.0,55.0,10.7
NBMiner (GPU),HP Victus 16-d0417nf,1,Recovery,16.5,61.0,5.9,2.4,59.0,0.0,55.2,Cryptojacking,Open Hardware Monitor,08:10:55.000,0.0,53.0,56.0,55.0,54.0,12.4
NBMiner (GPU),HP Victus 16-d0417nf,1,Recovery,14.6,69.0,4.6,2.4,0.0,0.0,55.2,Cryptojacking,Open Hardware Monitor,08:10:57.000,0.0,54.0,56.0,54.0,54.0,10.7
NBMiner (GPU),HP Victus 16-d0417nf,1,Recovery,15.1,67.0,6.0,2.4,0.0,0.0,55.2,Cryptojacking,Open Hardware Monitor,08:10:59.000,0.0,58.0,59.0,67.0,56.0,11.3
NBMiner (GPU),HP Victus 16-d0417nf,1,Recovery,16.8,67.0,4.9,2.4,0.0,0.0,55.2,Cryptojacking,Open Hardware Monitor,08:11:01.000,0.0,54.0,56.0,58.0,55.0,12.9
NBMiner (GPU),HP Victus 16-d0417nf,1,Recovery,15.1,67.0,5.7,2.4,0.0,0.0,55.2,Cryptojacking,Open Hardware Monitor,08:11:03.000,0.0,54.0,56.0,56.0,54.0,11.2
NBMiner (GPU),HP Victus 16-d0417nf,1,Recovery,15.6,59.0,6.0,2.4,0.0,0.0,55.2,Cryptojacking,Open Hardware Monitor,08:11:05.000,0.0,54.0,54.0,53.0,53.0,11.7
NBMiner (GPU),HP Victus 16-d0417nf,1,Recovery,13.9,59.0,6.3,2.4,0.0,0.0,55.2,Cryptojacking,Open Hardware Monitor,08:11:07.000,0.0,54.0,54.0,54.0,52.0,10.0
NBMiner (GPU),HP Victus 16-d0417nf,1,Recovery,17.3,69.0,6.5,2.4,0.0,0.0,55.1,Cryptojacking,Open Hardware Monitor,08:11:09.000,0.0,69.0,61.0,59.0,55.0,13.4
NBMiner (GPU),HP Victus 16-d0417nf,1,Recovery,14.4,61.0,6.2,2.4,0.0,0.0,55.1,Cryptojacking,Open Hardware Monitor,08:11:11.000,0.0,53.0,53.0,55.0,55.0,10.3
NBMiner (GPU),HP Victus 16-d0417nf,1,Recovery,16.4,59.0,6.3,2.4,0.0,0.0,55.1,Cryptojacking,Open Hardware Monitor,08:11:13.000,0.0,54.0,56.0,54.0,55.0,12.4
NBMiner (GPU),HP Victus 16-d0417nf,1,Recovery,24.5,61.0,11.9,2.4,0.0,0.0,55.7,Cryptojacking,Open Hardware Monitor,08:11:15.000,0.0,55.0,56.0,55.0,56.0,19.4
NBMiner (GPU),HP Victus 16-d0417nf,1,Recovery,19.3,59.0,8.5,2.4,0.0,0.0,55.6,Cryptojacking,Open Hardware Monitor,08:11:17.000,0.0,54.0,55.0,54.0,54.0,15.4
NBMiner (GPU),HP Victus 16-d0417nf,1,Recovery,21.1,59.0,8.5,2.4,0.0,0.0,55.6,Cryptojacking,Open Hardware Monitor,08:11:19.000,0.0,55.0,54.0,55.0,55.0,17.0
NBMiner (GPU),HP Victus 16-d0417nf,1,Recovery,16.2,59.0,3.5,2.4,0.0,0.0,55.6,Cryptojacking,Open Hardware Monitor,08:11:21.000,0.1,54.0,55.0,54.0,55.0,11.6
NBMiner (GPU),HP Victus 16-d0417nf,1,Recovery,19.4,62.0,9.4,2.4,0.0,0.0,55.6,Cryptojacking,Open Hardware Monitor,08:11:23.000,0.0,53.0,55.0,54.0,55.0,15.2
NBMiner (GPU),HP Victus 16-d0417nf,1,Recovery,20.5,69.0,7.6,2.4,0.0,0.0,55.6,Cryptojacking,Open Hardware Monitor,08:11:25.000,0.0,54.0,55.0,54.0,55.0,16.2
NBMiner (GPU),HP Victus 16-d0417nf,1,Recovery,20.3,65.0,8.9,2.4,0.0,0.0,55.6,Cryptojacking,Open Hardware Monitor,08:11:27.000,0.0,54.0,56.0,54.0,65.0,16.0
NBMiner (GPU),HP Victus 16-d0417nf,1,Recovery,20.4,66.0,7.2,2.4,0.0,0.0,55.6,Cryptojacking,Open Hardware Monitor,08:11:29.000,0.0,54.0,54.0,54.0,66.0,16.2
NBMiner (GPU),HP Victus 16-d0417nf,1,Recovery,19.6,61.0,8.2,2.4,0.0,0.0,55.5,Cryptojacking,Open Hardware Monitor,08:11:31.000,0.0,54.0,55.0,59.0,54.0,15.6
NBMiner (GPU),HP Victus 16-d0417nf,1,Recovery,20.9,68.0,7.5,2.4,0.0,0.0,55.5,Cryptojacking,Open Hardware Monitor,08:11:33.000,0.0,54.0,68.0,53.0,56.0,16.7
NBMiner (GPU),HP Victus 16-d0417nf,1,Recovery,21.6,66.0,6.7,2.4,0.0,0.0,55.5,Cryptojacking,Open Hardware Monitor,08:11:35.000,0.0,54.0,55.0,56.0,54.0,17.3
NBMiner (GPU),HP Victus 16-d0417nf,1,Recovery,21.1,59.0,7.6,2.4,0.0,0.0,55.5,Cryptojacking,Open Hardware Monitor,08:11:37.000,0.0,53.0,54.0,54.0,52.0,17.0
NBMiner (GPU),HP Victus 16-d0417nf,1,Recovery,22.3,65.0,7.4,2.4,0.0,0.0,55.5,Cryptojacking,Open Hardware Monitor,08:11:39.000,0.0,65.0,60.0,56.0,58.0,18.0
NBMiner (GPU),HP Victus 16-d0417nf,1,Recovery,22.0,83.0,8.0,2.4,0.0,0.0,55.5,Cryptojacking,Open Hardware Monitor,08:11:41.000,0.0,55.0,83.0,54.0,59.0,17.7
NBMiner (GPU),HP Victus 16-d0417nf,1,Recovery,22.0,70.0,7.7,2.4,0.0,0.0,55.6,Cryptojacking,Open Hardware Monitor,08:11:43.000,0.0,58.0,81.0,55.0,61.0,18.0
NBMiner (GPU),HP Victus 16-d0417nf,1,Recovery,22.1,80.0,7.3,2.4,0.0,0.0,55.5,Cryptojacking,Open Hardware Monitor,08:11:45.000,0.0,74.0,62.0,60.0,72.0,17.9
NBMiner (GPU),HP Victus 16-d0417nf,1,Recovery,21.6,77.0,6.8,2.4,0.0,0.0,55.5,Cryptojacking,Open Hardware Monitor,08:11:47.000,0.0,77.0,61.0,60.0,57.0,17.4
NBMiner (GPU),HP Victus 16-d0417nf,1,Recovery,21.5,78.0,6.3,2.4,0.0,0.0,55.5,Cryptojacking,Open Hardware Monitor,08:11:49.000,0.0,60.0,78.0,66.0,57.0,17.3
NBMiner (GPU),HP Victus 16-d0417nf,1,Recovery,19.9,80.0,6.5,2.4,0.0,0.0,55.5,Cryptojacking,Open Hardware Monitor,08:11:51.000,0.0,80.0,56.0,62.0,55.0,15.9
NBMiner (GPU),HP Victus 16-d0417nf,1,Recovery,18.3,77.0,6.2,2.4,0.0,0.0,55.5,Cryptojacking,Open Hardware Monitor,08:11:53.000,0.0,56.0,77.0,55.0,58.0,14.4
NBMiner (GPU),HP Victus 16-d0417nf,1,Recovery,20.4,81.0,6.2,2.4,0.0,0.0,55.5,Cryptojacking,Open Hardware Monitor,08:11:55.000,0.0,63.0,86.0,56.0,59.0,16.3
NBMiner (GPU),HP Victus 16-d0417nf,1,Recovery,18.9,75.0,6.0,2.4,0.0,0.0,55.5,Cryptojacking,Open Hardware Monitor,08:11:57.000,0.0,75.0,57.0,59.0,63.0,14.8
NBMiner (GPU),HP Victus 16-d0417nf,1,Recovery,17.8,77.0,6.5,2.4,0.0,0.0,55.5,Cryptojacking,Open Hardware Monitor,08:11:59.000,0.0,54.0,80.0,53.0,59.0,13.7
NBMiner (GPU),HP Victus 16-d0417nf,1,Recovery,19.1,68.0,6.6,2.4,0.0,0.0,55.5,Cryptojacking,Open Hardware Monitor,08:12:01.000,0.0,58.0,68.0,56.0,56.0,14.9
NBMiner (GPU),HP Victus 16-d0417nf,1,Recovery,18.4,75.0,5.8,2.4,0.0,0.0,55.5,Cryptojacking,Open Hardware Monitor,08:12:03.000,0.0,75.0,56.0,60.0,54.0,14.4
NBMiner (GPU),HP Victus 16-d0417nf,1,Recovery,17.5,67.0,5.4,2.4,0.0,0.0,55.5,Cryptojacking,Open Hardware Monitor,08:12:05.000,0.0,67.0,62.0,56.0,55.0,13.8
NBMiner (GPU),HP Victus 16-d0417nf,1,Recovery,16.0,69.0,6.4,2.4,0.0,0.0,55.5,Cryptojacking,Open Hardware Monitor,08:12:07.000,0.0,69.0,55.0,55.0,64.0,12.2
NBMiner (GPU),HP Victus 16-d0417nf,1,Recovery,17.0,58.0,5.2,2.4,0.0,0.0,55.5,Cryptojacking,Open Hardware Monitor,08:12:09.000,0.0,54.0,52.0,52.0,52.0,13.1
NBMiner (GPU),HP Victus 16-d0417nf,1,Recovery,15.6,60.0,6.2,2.4,0.0,0.0,55.5,Cryptojacking,Open Hardware Monitor,08:12:11.000,0.0,53.0,52.0,50.0,59.0,11.8
NBMiner (GPU),HP Victus 16-d0417nf,1,Recovery,16.3,61.0,5.5,2.4,0.0,0.0,55.5,Cryptojacking,Open Hardware Monitor,08:12:13.000,0.0,53.0,52.0,55.0,54.0,12.5
NBMiner (GPU),HP Victus 16-d0417nf,1,Recovery,16.1,59.0,5.2,2.4,0.0,0.0,55.3,Cryptojacking,Open Hardware Monitor,08:12:15.000,0.0,53.0,52.0,54.0,52.0,12.1
NBMiner (GPU),HP Victus 16-d0417nf,1,Recovery,15.8,65.0,6.6,2.4,0.0,0.0,55.2,Cryptojacking,Open Hardware Monitor,08:12:17.000,0.0,55.0,53.0,65.0,52.0,12.0
NBMiner (GPU),HP Victus 16-d0417nf,1,Recovery,15.1,64.0,5.5,2.4,0.0,0.0,55.2,Cryptojacking,Open Hardware Monitor,08:12:19.000,0.0,52.0,54.0,54.0,52.0,11.1
NBMiner (GPU),HP Victus 16-d0417nf,1,Recovery,14.3,60.0,6.0,2.4,0.0,0.0,55.2,Cryptojacking,Open Hardware Monitor,08:12:21.000,0.0,54.0,57.0,60.0,55.0,10.5
NBMiner (GPU),HP Victus 16-d0417nf,1,Recovery,15.1,60.0,5.3,2.4,0.0,0.0,55.2,Cryptojacking,Open Hardware Monitor,08:12:23.000,0.0,56.0,54.0,60.0,52.0,11.2
NBMiner (GPU),HP Victus 16-d0417nf,1,Recovery,15.3,65.0,5.3,2.4,0.0,0.0,55.2,Cryptojacking,Open Hardware Monitor,08:12:25.000,0.0,51.0,55.0,51.0,64.0,11.6
NBMiner (GPU),HP Victus 16-d0417nf,1,Recovery,14.7,57.0,6.6,2.4,0.0,0.0,55.2,Cryptojacking,Open Hardware Monitor,08:12:27.000,0.0,52.0,53.0,51.0,55.0,10.9
NBMiner (GPU),HP Victus 16-d0417nf,1,Recovery,14.6,58.0,6.7,2.4,0.0,0.0,55.2,Cryptojacking,Open Hardware Monitor,08:12:29.000,0.0,53.0,53.0,52.0,54.0,10.7
NBMiner (GPU),HP Victus 16-d0417nf,1,Recovery,14.9,57.0,6.0,2.4,0.0,0.0,55.2,Cryptojacking,Open Hardware Monitor,08:12:31.000,0.0,52.0,52.0,51.0,52.0,11.1
NBMiner (GPU),HP Victus 16-d0417nf,1,Recovery,13.4,57.0,5.2,2.4,0.0,0.0,55.3,Cryptojacking,Open Hardware Monitor,08:12:33.000,0.0,53.0,54.0,52.0,52.0,9.7
NBMiner (GPU),HP Victus 16-d0417nf,1,Recovery,15.5,58.0,5.3,2.4,0.0,0.0,55.2,Cryptojacking,Open Hardware Monitor,08:12:35.000,0.0,52.0,53.0,52.0,52.0,12.0
NBMiner (GPU),HP Victus 16-d0417nf,1,Recovery,15.6,59.0,5.2,2.4,57.0,0.0,55.2,Cryptojacking,Open Hardware Monitor,08:12:37.000,0.0,54.0,53.0,54.0,52.0,12.0
NBMiner (GPU),HP Victus 16-d0417nf,1,Recovery,15.7,61.0,6.1,2.4,0.0,0.0,55.2,Cryptojacking,Open Hardware Monitor,08:12:39.000,0.0,52.0,53.0,55.0,52.0,12.0
NBMiner (GPU),HP Victus 16-d0417nf,1,Recovery,14.4,63.0,4.9,2.4,0.0,0.0,55.2,Cryptojacking,Open Hardware Monitor,08:12:41.000,0.0,51.0,56.0,51.0,63.0,10.5
NBMiner (GPU),HP Victus 16-d0417nf,1,Recovery,16.6,66.0,5.8,2.4,0.0,0.0,55.2,Cryptojacking,Open Hardware Monitor,08:12:43.000,0.0,52.0,52.0,52.0,52.0,12.9
NBMiner (GPU),HP Victus 16-d0417nf,1,Recovery,17.1,58.0,5.6,2.4,0.0,0.0,55.2,Cryptojacking,Open Hardware Monitor,08:12:45.000,0.0,51.0,52.0,52.0,52.0,13.4
NBMiner (GPU),HP Victus 16-d0417nf,1,Recovery,15.9,64.0,6.0,2.4,0.0,0.0,55.1,Cryptojacking,Open Hardware Monitor,08:12:47.000,0.0,52.0,53.0,52.0,64.0,12.1
NBMiner (GPU),HP Victus 16-d0417nf,1,Recovery,16.5,57.0,5.7,2.4,0.0,0.0,55.1,Cryptojacking,Open Hardware Monitor,08:12:49.000,0.0,52.0,53.0,51.0,52.0,12.5
NBMiner (GPU),HP Victus 16-d0417nf,1,Recovery,17.0,58.0,6.2,2.4,0.0,0.0,55.1,Cryptojacking,Open Hardware Monitor,08:12:51.000,0.0,52.0,51.0,51.0,52.0,12.9
NBMiner (GPU),HP Victus 16-d0417nf,1,Recovery,18.7,57.0,7.5,2.4,0.0,0.0,55.1,Cryptojacking,Open Hardware Monitor,08:12:53.000,0.0,52.0,55.0,51.0,52.0,14.8
NBMiner (GPU),HP Victus 16-d0417nf,1,Recovery,18.2,57.0,7.0,2.4,0.0,0.0,55.1,Cryptojacking,Open Hardware Monitor,08:12:55.000,0.0,53.0,51.0,52.0,52.0,14.2
NBMiner (GPU),HP Victus 16-d0417nf,1,Recovery,21.7,57.0,6.7,2.4,57.0,0.0,55.1,Cryptojacking,Open Hardware Monitor,08:12:57.000,0.0,53.0,53.0,52.0,52.0,17.8
NBMiner (GPU),HP Victus 16-d0417nf,1,Recovery,20.9,62.0,6.9,2.4,0.0,0.0,55.1,Cryptojacking,Open Hardware Monitor,08:12:59.000,0.0,54.0,52.0,62.0,54.0,16.6
NBMiner (GPU),HP Victus 16-d0417nf,1,Recovery,22.2,57.0,8.2,2.4,0.0,0.0,55.1,Cryptojacking,Open Hardware Monitor,08:13:01.000,0.0,53.0,53.0,52.0,52.0,17.7
NBMiner (GPU),HP Victus 16-d0417nf,1,Recovery,16.4,64.0,8.0,2.4,0.0,0.0,55.1,Cryptojacking,Open Hardware Monitor,08:13:03.000,0.0,52.0,52.0,52.0,64.0,12.3
NBMiner (GPU),HP Victus 16-d0417nf,1,Recovery,21.7,57.0,6.9,2.4,0.0,0.0,55.2,Cryptojacking,Open Hardware Monitor,08:13:05.000,0.0,51.0,57.0,51.0,53.0,17.4
NBMiner (GPU),HP Victus 16-d0417nf,1,Recovery,20.6,56.0,6.9,2.4,0.0,0.0,55.1,Cryptojacking,Open Hardware Monitor,08:13:07.000,0.0,52.0,51.0,51.0,52.0,16.5
NBMiner (GPU),HP Victus 16-d0417nf,1,Recovery,22.7,57.0,6.7,2.4,0.0,0.0,55.1,Cryptojacking,Open Hardware Monitor,08:13:09.000,0.0,54.0,57.0,52.0,55.0,18.6
NBMiner (GPU),HP Victus 16-d0417nf,1,Recovery,21.0,58.0,6.7,2.4,0.0,0.0,55.1,Cryptojacking,Open Hardware Monitor,08:13:11.000,0.0,50.0,52.0,52.0,52.0,16.5
NBMiner (GPU),HP Victus 16-d0417nf,1,Recovery,20.9,57.0,6.9,2.4,0.0,0.0,55.1,Cryptojacking,Open Hardware Monitor,08:13:13.000,0.0,51.0,51.0,52.0,54.0,16.6
NBMiner (GPU),HP Victus 16-d0417nf,1,Recovery,18.9,57.0,6.4,2.4,56.0,0.0,55.1,Cryptojacking,Open Hardware Monitor,08:13:15.000,0.0,51.0,53.0,52.0,52.0,14.6
NBMiner (GPU),HP Victus 16-d0417nf,1,Recovery,15.3,56.0,3.8,2.4,0.0,0.0,55.1,Cryptojacking,Open Hardware Monitor,08:13:17.000,0.0,50.0,52.0,50.0,52.0,11.1
NBMiner (GPU),HP Victus 16-d0417nf,1,Recovery,19.5,67.0,6.2,2.4,0.0,0.0,55.1,Cryptojacking,Open Hardware Monitor,08:13:19.000,0.0,53.0,56.0,52.0,54.0,15.1
NBMiner (GPU),HP Victus 16-d0417nf,1,Recovery,22.2,63.0,7.4,2.4,0.0,0.0,55.1,Cryptojacking,Open Hardware Monitor,08:13:21.000,0.0,50.0,63.0,52.0,56.0,17.7
NBMiner (GPU),HP Victus 16-d0417nf,1,Recovery,21.8,64.0,7.3,2.4,0.0,0.0,55.1,Cryptojacking,Open Hardware Monitor,08:13:23.000,0.0,54.0,53.0,64.0,52.0,17.4
NBMiner (GPU),HP Victus 16-d0417nf,1,Recovery,21.6,60.0,7.4,2.4,0.0,0.0,55.1,Cryptojacking,Open Hardware Monitor,08:13:25.000,0.0,54.0,52.0,64.0,52.0,17.4
NBMiner (GPU),HP Victus 16-d0417nf,1,Recovery,19.7,62.0,8.7,2.4,0.0,0.0,55.1,Cryptojacking,Open Hardware Monitor,08:13:27.000,0.0,54.0,52.0,62.0,52.0,15.4
NBMiner (GPU),HP Victus 16-d0417nf,1,Recovery,22.1,64.0,8.6,2.4,0.0,0.0,55.1,Cryptojacking,Open Hardware Monitor,08:13:29.000,0.0,51.0,53.0,52.0,56.0,17.9
NBMiner (GPU),HP Victus 16-d0417nf,1,Recovery,22.5,65.0,6.3,2.4,0.0,0.0,55.1,Cryptojacking,Open Hardware Monitor,08:13:31.000,0.0,51.0,56.0,52.0,65.0,18.2
NBMiner (GPU),HP Victus 16-d0417nf,1,Recovery,23.3,59.0,7.0,2.4,0.0,0.0,55.1,Cryptojacking,Open Hardware Monitor,08:13:33.000,0.0,53.0,54.0,59.0,52.0,19.0
NBMiner (GPU),HP Victus 16-d0417nf,1,Recovery,21.4,60.0,8.7,2.4,0.0,0.0,55.1,Cryptojacking,Open Hardware Monitor,08:13:35.000,0.0,55.0,53.0,60.0,51.0,17.3
NBMiner (GPU),HP Victus 16-d0417nf,1,Recovery,21.7,57.0,6.7,2.4,0.0,0.0,55.1,Cryptojacking,Open Hardware Monitor,08:13:37.000,0.0,51.0,54.0,54.0,55.0,17.5
NBMiner (GPU),HP Victus 16-d0417nf,1,Recovery,22.4,70.0,8.5,2.4,0.0,0.0,55.1,Cryptojacking,Open Hardware Monitor,08:13:39.000,0.0,51.0,72.0,51.0,59.0,18.3
NBMiner (GPU),HP Victus 16-d0417nf,1,Recovery,23.6,75.0,7.7,2.4,0.0,0.0,55.1,Cryptojacking,Open Hardware Monitor,08:13:41.000,0.0,55.0,75.0,52.0,57.0,19.4
NBMiner (GPU),HP Victus 16-d0417nf,1,Recovery,21.7,70.0,7.2,2.4,0.0,0.0,55.1,Cryptojacking,Open Hardware Monitor,08:13:43.000,0.0,54.0,79.0,62.0,58.0,17.7
NBMiner (GPU),HP Victus 16-d0417nf,1,Recovery,19.0,67.0,6.5,2.4,0.0,0.0,55.1,Cryptojacking,Open Hardware Monitor,08:13:45.000,0.0,52.0,53.0,50.0,53.0,15.1
NBMiner (GPU),HP Victus 16-d0417nf,1,Recovery,15.0,60.0,6.4,2.4,0.0,0.0,55.1,Cryptojacking,Open Hardware Monitor,08:13:47.000,0.0,54.0,52.0,61.0,52.0,11.4
NBMiner (GPU),HP Victus 16-d0417nf,1,Recovery,15.2,62.0,6.5,2.4,0.0,0.0,55.1,Cryptojacking,Open Hardware Monitor,08:13:49.000,0.0,51.0,60.0,56.0,62.0,11.5
NBMiner (GPU),HP Victus 16-d0417nf,1,Recovery,16.2,60.0,5.3,2.4,0.0,0.0,55.2,Cryptojacking,Open Hardware Monitor,08:13:51.000,0.0,50.0,52.0,52.0,52.0,12.3
NBMiner (GPU),HP Victus 16-d0417nf,1,Recovery,14.3,60.0,5.7,2.4,0.0,0.0,55.1,Cryptojacking,Open Hardware Monitor,08:13:53.000,0.0,52.0,52.0,64.0,54.0,10.4
NBMiner (GPU),HP Victus 16-d0417nf,1,Recovery,14.9,58.0,5.4,2.4,0.0,0.0,55.1,Cryptojacking,Open Hardware Monitor,08:13:55.000,0.0,50.0,58.0,50.0,52.0,11.0
NBMiner (GPU),HP Victus 16-d0417nf,1,Recovery,14.7,65.0,6.2,2.4,0.0,0.0,55.1,Cryptojacking,Open Hardware Monitor,08:13:57.000,0.0,65.0,51.0,54.0,51.0,11.0
NBMiner (GPU),HP Victus 16-d0417nf,1,Recovery,14.9,64.0,6.9,2.4,0.0,0.0,55.1,Cryptojacking,Open Hardware Monitor,08:13:59.000,0.0,50.0,54.0,52.0,54.0,11.0
NBMiner (GPU),HP Victus 16-d0417nf,1,Recovery,14.8,59.0,5.6,2.4,0.0,0.0,55.1,Cryptojacking,Open Hardware Monitor,08:14:01.000,0.1,54.0,52.0,59.0,51.0,10.8
NBMiner (GPU),HP Victus 16-d0417nf,1,Recovery,15.3,60.0,5.8,2.4,0.0,0.0,55.2,Cryptojacking,Open Hardware Monitor,08:14:03.000,0.0,51.0,53.0,54.0,51.0,11.7
NBMiner (GPU),HP Victus 16-d0417nf,1,Recovery,14.8,64.0,5.2,2.4,0.0,0.0,55.1,Cryptojacking,Open Hardware Monitor,08:14:05.000,0.0,51.0,54.0,50.0,64.0,11.2
NBMiner (GPU),HP Victus 16-d0417nf,1,Recovery,22.5,75.0,10.2,2.4,0.0,0.0,55.3,Cryptojacking,Open Hardware Monitor,08:14:07.000,0.0,70.0,75.0,66.0,64.0,18.4
NBMiner (GPU),HP Victus 16-d0417nf,1,Recovery,15.7,67.0,6.0,2.4,0.0,0.0,55.3,Cryptojacking,Open Hardware Monitor,08:14:09.000,0.0,51.0,51.0,50.0,51.0,11.9
NBMiner (GPU),HP Victus 16-d0417nf,1,Recovery,15.7,63.0,6.3,2.4,0.0,0.0,55.3,Cryptojacking,Open Hardware Monitor,08:14:11.000,0.0,51.0,52.0,50.0,63.0,11.8
NBMiner (GPU),HP Victus 16-d0417nf,1,Recovery,16.4,63.0,5.0,2.4,0.0,0.0,55.3,Cryptojacking,Open Hardware Monitor,08:14:13.000,0.0,51.0,51.0,52.0,50.0,12.6
NBMiner (GPU),HP Victus 16-d0417nf,1,Recovery,16.0,57.0,5.8,2.4,0.0,0.0,55.3,Cryptojacking,Open Hardware Monitor,08:14:15.000,0.0,51.0,53.0,52.0,53.0,12.3
NBMiner (GPU),HP Victus 16-d0417nf,1,Recovery,16.2,65.0,6.2,2.4,0.0,0.0,55.3,Cryptojacking,Open Hardware Monitor,08:14:17.000,0.0,50.0,55.0,52.0,65.0,12.5
NBMiner (GPU),HP Victus 16-d0417nf,1,Recovery,15.2,58.0,5.4,2.4,0.0,0.0,55.3,Cryptojacking,Open Hardware Monitor,08:14:19.000,0.1,50.0,64.0,50.0,54.0,11.4
NBMiner (GPU),HP Victus 16-d0417nf,1,Recovery,16.0,62.0,5.9,2.4,0.0,0.0,55.3,Cryptojacking,Open Hardware Monitor,08:14:21.000,0.0,51.0,52.0,50.0,52.0,12.1
NBMiner (GPU),HP Victus 16-d0417nf,1,Recovery,15.4,57.0,7.9,2.4,0.0,0.0,55.3,Cryptojacking,Open Hardware Monitor,08:14:23.000,0.0,54.0,51.0,54.0,57.0,11.7
NBMiner (GPU),HP Victus 16-d0417nf,1,Recovery,15.2,60.0,5.6,2.4,0.0,0.0,55.4,Cryptojacking,Open Hardware Monitor,08:14:25.000,0.0,52.0,51.0,52.0,51.0,11.3
NBMiner (GPU),HP Victus 16-d0417nf,1,Recovery,15.1,57.0,5.1,2.4,0.0,0.0,55.3,Cryptojacking,Open Hardware Monitor,08:14:27.000,0.0,56.0,53.0,52.0,52.0,11.4
NBMiner (GPU),HP Victus 16-d0417nf,1,Recovery,14.8,55.0,5.1,2.4,0.0,0.0,55.3,Cryptojacking,Open Hardware Monitor,08:14:29.000,0.1,50.0,50.0,50.0,52.0,11.0
NBMiner (GPU),HP Victus 16-d0417nf,1,Recovery,14.6,56.0,5.7,2.4,0.0,0.0,55.3,Cryptojacking,Open Hardware Monitor,08:14:31.000,0.0,52.0,55.0,51.0,51.0,10.7
NBMiner (GPU),HP Victus 16-d0417nf,1,Recovery,15.6,56.0,5.0,2.4,0.0,0.0,55.3,Cryptojacking,Open Hardware Monitor,08:14:33.000,0.0,53.0,53.0,52.0,52.0,11.9
NBMiner (GPU),HP Victus 16-d0417nf,1,Recovery,13.6,56.0,6.2,2.4,0.0,0.0,55.3,Cryptojacking,Open Hardware Monitor,08:14:35.000,0.0,51.0,53.0,52.0,50.0,9.9
NBMiner (GPU),HP Victus 16-d0417nf,1,Recovery,15.2,56.0,6.8,2.4,0.0,0.0,55.3,Cryptojacking,Open Hardware Monitor,08:14:37.000,0.1,51.0,50.0,52.0,50.0,11.4
NBMiner (GPU),HP Victus 16-d0417nf,1,Recovery,14.9,55.0,5.4,2.4,55.0,0.0,55.3,Cryptojacking,Open Hardware Monitor,08:14:39.000,0.0,51.0,50.0,50.0,50.0,11.3
NBMiner (GPU),HP Victus 16-d0417nf,1,Recovery,15.1,61.0,5.7,2.4,55.0,0.0,55.3,Cryptojacking,Open Hardware Monitor,08:14:41.000,0.1,58.0,60.0,52.0,55.0,10.9
NBMiner (GPU),HP Victus 16-d0417nf,1,Recovery,14.9,55.0,5.2,2.4,55.0,0.0,55.3,Cryptojacking,Open Hardware Monitor,08:14:43.000,0.1,53.0,53.0,53.0,52.0,11.0
NBMiner (GPU),HP Victus 16-d0417nf,1,Recovery,13.5,67.0,4.7,2.4,55.0,0.0,55.3,Cryptojacking,Open Hardware Monitor,08:14:45.000,0.1,55.0,55.0,52.0,52.0,9.6
NBMiner (GPU),HP Victus 16-d0417nf,1,Recovery,13.9,66.0,4.8,2.4,55.0,0.0,55.3,Cryptojacking,Open Hardware Monitor,08:14:47.000,0.1,49.0,70.0,49.0,51.0,10.0
NBMiner (GPU),HP Victus 16-d0417nf,1,Recovery,13.7,59.0,5.6,2.4,0.0,0.0,55.3,Cryptojacking,Open Hardware Monitor,08:14:49.000,0.0,59.0,52.0,53.0,50.0,10.0
NBMiner (GPU),HP Victus 16-d0417nf,1,Recovery,16.8,56.0,5.8,2.4,0.0,0.0,55.3,Cryptojacking,Open Hardware Monitor,08:14:51.000,0.0,50.0,52.0,56.0,50.0,12.8
NBMiner (GPU),HP Victus 16-d0417nf,1,Recovery,15.9,56.0,5.6,2.4,0.0,0.0,55.4,Cryptojacking,Open Hardware Monitor,08:14:53.000,0.0,49.0,55.0,56.0,51.0,12.0
NBMiner (GPU),HP Victus 16-d0417nf,1,Recovery,16.4,55.0,5.2,2.4,0.0,0.0,55.3,Cryptojacking,Open Hardware Monitor,08:14:55.000,0.1,50.0,50.0,50.0,50.0,12.5
NBMiner (GPU),HP Victus 16-d0417nf,1,Recovery,8.4,56.0,0.9,2.4,0.0,0.0,55.3,Cryptojacking,Open Hardware Monitor,08:14:57.000,0.1,48.0,50.0,56.0,50.0,4.5
NBMiner (GPU),HP Victus 16-d0417nf,1,Recovery,14.0,56.0,5.4,2.4,0.0,0.0,55.3,Cryptojacking,Open Hardware Monitor,08:14:59.000,0.1,51.0,55.0,56.0,50.0,10.3
NBMiner (GPU),HP Victus 16-d0417nf,1,Recovery,15.8,54.0,5.2,2.4,0.0,0.0,55.3,Cryptojacking,Open Hardware Monitor,08:15:01.000,0.0,49.0,50.0,50.0,49.0,11.7
NBMiner (GPU),HP Victus 16-d0417nf,1,Recovery,8.9,55.0,4.5,2.4,0.0,0.0,55.3,Cryptojacking,Open Hardware Monitor,08:15:03.000,0.0,50.0,51.0,49.0,49.0,5.7
NBMiner (GPU),HP Victus 16-d0417nf,1,Recovery,9.9,55.0,5.3,2.4,0.0,0.0,55.3,Cryptojacking,Open Hardware Monitor,08:15:05.000,0.1,53.0,49.0,52.0,48.0,6.0
NBMiner (GPU),HP Victus 16-d0417nf,1,Recovery,8.2,55.0,5.1,2.4,0.0,0.0,55.3,Cryptojacking,Open Hardware Monitor,08:15:07.000,0.1,49.0,49.0,49.0,48.0,4.2
NBMiner (GPU),HP Victus 16-d0417nf,1,Recovery,8.4,55.0,5.0,2.4,0.0,0.0,55.2,Cryptojacking,Open Hardware Monitor,08:15:09.000,0.1,51.0,49.0,53.0,48.0,4.6
NBMiner (GPU),HP Victus 16-d0417nf,1,Recovery,16.8,60.0,5.2,2.4,0.0,0.0,55.2,Cryptojacking,Open Hardware Monitor,08:15:11.000,0.0,52.0,51.0,60.0,49.0,12.7
NBMiner (GPU),HP Victus 16-d0417nf,1,Recovery,14.9,54.0,6.2,2.4,0.0,0.0,55.3,Cryptojacking,Open Hardware Monitor,08:15:13.000,0.1,53.0,50.0,52.0,51.0,10.9
NBMiner (GPU),HP Victus 16-d0417nf,1,Recovery,15.2,62.0,6.0,2.4,0.0,0.0,55.3,Cryptojacking,Open Hardware Monitor,08:15:15.000,0.0,49.0,51.0,49.0,52.0,11.6
NBMiner (GPU),HP Victus 16-d0417nf,1,Recovery,16.8,59.0,5.2,2.4,0.0,0.0,55.2,Cryptojacking,Open Hardware Monitor,08:15:17.000,0.0,52.0,50.0,59.0,49.0,13.0
NBMiner (GPU),HP Victus 16-d0417nf,1,Recovery,15.3,66.0,5.2,2.4,0.0,0.0,55.2,Cryptojacking,Open Hardware Monitor,08:15:19.000,0.0,49.0,50.0,48.0,50.0,11.5
NBMiner (GPU),HP Victus 16-d0417nf,1,Recovery,15.7,57.0,5.7,2.4,0.0,0.0,55.2,Cryptojacking,Open Hardware Monitor,08:15:21.000,0.1,49.0,51.0,50.0,49.0,11.6
NBMiner (GPU),HP Victus 16-d0417nf,1,Recovery,15.3,59.0,5.6,2.4,0.0,0.0,55.2,Cryptojacking,Open Hardware Monitor,08:15:23.000,0.0,52.0,51.0,50.0,49.0,11.6
NBMiner (GPU),HP Victus 16-d0417nf,1,Recovery,13.5,59.0,5.7,2.4,0.0,0.0,55.2,Cryptojacking,Open Hardware Monitor,08:15:25.000,0.0,49.0,51.0,52.0,49.0,9.7
NBMiner (GPU),HP Victus 16-d0417nf,1,Recovery,13.9,63.0,6.0,2.4,0.0,0.0,55.2,Cryptojacking,Open Hardware Monitor,08:15:27.000,0.0,48.0,48.0,49.0,52.0,10.3
NBMiner (GPU),HP Victus 16-d0417nf,1,Recovery,15.2,61.0,5.2,2.4,0.0,0.0,55.2,Cryptojacking,Open Hardware Monitor,08:15:29.000,0.1,48.0,50.0,51.0,48.0,11.4
NBMiner (GPU),HP Victus 16-d0417nf,1,Recovery,15.1,56.0,5.3,2.4,0.0,0.0,55.2,Cryptojacking,Open Hardware Monitor,08:15:31.000,0.1,49.0,49.0,50.0,49.0,11.3
NBMiner (GPU),HP Victus 16-d0417nf,1,Recovery,15.7,58.0,5.6,2.4,0.0,0.0,55.2,Cryptojacking,Open Hardware Monitor,08:15:33.000,0.0,49.0,51.0,58.0,50.0,11.9
NBMiner (GPU),HP Victus 16-d0417nf,1,Recovery,14.3,64.0,5.9,2.4,0.0,0.0,55.2,Cryptojacking,Open Hardware Monitor,08:15:35.000,0.1,49.0,49.0,50.0,50.0,10.7
NBMiner (GPU),HP Victus 16-d0417nf,1,Recovery,15.4,55.0,5.0,2.4,0.0,0.0,55.2,Cryptojacking,Open Hardware Monitor,08:15:37.000,0.0,48.0,55.0,49.0,50.0,11.7
NBMiner (GPU),HP Victus 16-d0417nf,1,Recovery,13.9,59.0,6.2,2.4,0.0,0.0,55.2,Cryptojacking,Open Hardware Monitor,08:15:39.000,0.1,49.0,49.0,52.0,48.0,10.2
NBMiner (GPU),HP Victus 16-d0417nf,1,Recovery,16.5,54.0,5.0,2.4,0.0,0.0,55.2,Cryptojacking,Open Hardware Monitor,08:15:41.000,0.1,61.0,48.0,54.0,49.0,12.7
NBMiner (GPU),HP Victus 16-d0417nf,1,Recovery,14.4,57.0,5.5,2.4,0.0,0.0,55.2,Cryptojacking,Open Hardware Monitor,08:15:43.000,0.0,49.0,50.0,48.0,56.0,10.7
NBMiner (GPU),HP Victus 16-d0417nf,1,Recovery,15.1,59.0,6.0,2.4,0.0,0.0,55.2,Cryptojacking,Open Hardware Monitor,08:15:45.000,0.1,49.0,49.0,50.0,48.0,11.4
NBMiner (GPU),HP Victus 16-d0417nf,1,Recovery,14.4,58.0,5.7,2.4,0.0,0.0,55.2,Cryptojacking,Open Hardware Monitor,08:15:47.000,0.0,49.0,50.0,51.0,58.0,10.8
NBMiner (GPU),HP Victus 16-d0417nf,1,Recovery,14.7,55.0,6.0,2.4,0.0,0.0,55.2,Cryptojacking,Open Hardware Monitor,08:15:49.000,0.0,49.0,49.0,51.0,53.0,11.1
NBMiner (GPU),HP Victus 16-d0417nf,1,Recovery,15.7,55.0,5.7,2.4,0.0,0.0,55.2,Cryptojacking,Open Hardware Monitor,08:15:51.000,0.0,50.0,49.0,60.0,49.0,11.7
NBMiner (GPU),HP Victus 16-d0417nf,1,Recovery,15.5,62.0,6.4,2.4,0.0,0.0,55.2,Cryptojacking,Open Hardware Monitor,08:15:53.000,0.1,48.0,49.0,47.0,49.0,11.8
NBMiner (GPU),HP Victus 16-d0417nf,1,Recovery,14.6,58.0,5.5,2.4,0.0,0.0,55.2,Cryptojacking,Open Hardware Monitor,08:15:55.000,0.0,48.0,50.0,49.0,50.0,10.9
NBMiner (GPU),HP Victus 16-d0417nf,1,Recovery,14.8,56.0,5.7,2.4,0.0,0.0,55.2,Cryptojacking,Open Hardware Monitor,08:15:57.000,0.0,48.0,52.0,56.0,52.0,11.1
NBMiner (GPU),HP Victus 16-d0417nf,1,Recovery,25.4,67.0,8.1,2.4,0.0,0.0,57.1,Cryptojacking,Open Hardware Monitor,08:15:59.000,0.1,69.0,68.0,65.0,67.0,21.2
NBMiner (GPU),HP Victus 16-d0417nf,1,Recovery,31.2,66.0,13.8,2.4,0.0,0.0,57.0,Cryptojacking,Open Hardware Monitor,08:16:01.000,0.2,54.0,53.0,55.0,62.0,26.1
NBMiner (GPU),HP Victus 16-d0417nf,1,Recovery,18.9,56.0,7.7,2.4,0.0,0.0,57.1,Cryptojacking,Open Hardware Monitor,08:16:03.000,0.1,50.0,51.0,50.0,50.0,14.3
