Attack,Host,Run,Mode,CPU Temperature (°C),CPU Usage (%),Memory Usage (%),Attack Type,Measurement,Timestamp,Relative Time (s),Memory Usage (Mo),Network (Ko/s)
Slowloris (HTTP),Raspberry Pi 4B 2GB,2,Idle,56.0,0.0,22.1,Denial of Service,System,00:00:00.000,0.0,632.71,0.0
Slowloris (HTTP),Raspberry Pi 4B 2GB,2,Idle,55.5,0.0,22.1,Denial of Service,System,00:00:01.010,1.01,632.7,0.0
Slowloris (HTTP),Raspberry Pi 4B 2GB,2,Idle,55.5,0.0,22.1,Denial of Service,System,00:00:02.010,2.01,632.7,0.0
Slowloris (HTTP),Raspberry Pi 4B 2GB,2,Idle,55.0,0.0,22.1,Denial of Service,System,00:00:03.010,3.01,632.7,0.0
Slowloris (HTTP),Raspberry Pi 4B 2GB,2,Idle,56.4,0.5,22.1,Denial of Service,System,00:00:04.020,4.02,632.7,0.3046875
Slowloris (HTTP),Raspberry Pi 4B 2GB,2,Idle,56.0,0.0,22.1,Denial of Service,System,00:00:05.020,5.02,632.7,0.318359375
Slowloris (HTTP),Raspberry Pi 4B 2GB,2,Idle,56.0,0.0,22.1,Denial of Service,System,00:00:06.030,6.03,632.7,0.0
Slowloris (HTTP),Raspberry Pi 4B 2GB,2,Idle,54.5,0.5,22.1,Denial of Service,System,00:00:07.040,7.04,632.7,11.021484375
Slowloris (HTTP),Raspberry Pi 4B 2GB,2,Idle,55.0,0.0,22.1,Denial of Service,System,00:00:08.050,8.05,632.7,0.23046875
Slowloris (HTTP),Raspberry Pi 4B 2GB,2,Idle,56.0,0.0,22.1,Denial of Service,System,00:00:09.060,9.06,632.7,0.791015625
Slowloris (HTTP),Raspberry Pi 4B 2GB,2,Idle,55.5,0.0,22.1,Denial of Service,System,00:00:10.070,10.07,632.7,1.798828125
Slowloris (HTTP),Raspberry Pi 4B 2GB,2,Idle,54.5,0.5,22.1,Denial of Service,System,00:00:11.080,11.08,632.7,0.115234375
Slowloris (HTTP),Raspberry Pi 4B 2GB,2,Idle,55.0,0.0,22.1,Denial of Service,System,00:00:12.090,12.09,632.7,1.4921875
Slowloris (HTTP),Raspberry Pi 4B 2GB,2,Idle,55.0,0.0,22.1,Denial of Service,System,00:00:13.100,13.1,632.64,0.0
Slowloris (HTTP),Raspberry Pi 4B 2GB,2,Idle,55.5,0.0,21.9,Denial of Service,System,00:00:14.110,14.11,631.94,0.162109375
Slowloris (HTTP),Raspberry Pi 4B 2GB,2,Idle,55.5,0.0,21.9,Denial of Service,System,00:00:15.120,15.12,631.94,0.087890625
Slowloris (HTTP),Raspberry Pi 4B 2GB,2,Idle,55.0,0.5,21.9,Denial of Service,System,00:00:16.130,16.13,631.93,0.0
Slowloris (HTTP),Raspberry Pi 4B 2GB,2,Idle,55.5,0.0,21.9,Denial of Service,System,00:00:17.140,17.14,631.93,0.23046875
Slowloris (HTTP),Raspberry Pi 4B 2GB,2,Idle,55.0,0.0,21.9,Denial of Service,System,00:00:18.150,18.15,631.93,0.0
Slowloris (HTTP),Raspberry Pi 4B 2GB,2,Idle,55.5,0.5,21.9,Denial of Service,System,00:00:19.150,19.15,631.93,0.0
Slowloris (HTTP),Raspberry Pi 4B 2GB,2,Idle,55.5,0.0,21.9,Denial of Service,System,00:00:20.160,20.16,631.93,0.087890625
Slowloris (HTTP),Raspberry Pi 4B 2GB,2,Idle,54.5,0.0,21.9,Denial of Service,System,00:00:21.170,21.17,631.93,0.1689453125
Slowloris (HTTP),Raspberry Pi 4B 2GB,2,Idle,55.5,0.0,21.9,Denial of Service,System,00:00:22.180,22.18,631.93,0.0
Slowloris (HTTP),Raspberry Pi 4B 2GB,2,Idle,55.5,0.5,21.9,Denial of Service,System,00:00:23.190,23.19,632.18,0.267578125
Slowloris (HTTP),Raspberry Pi 4B 2GB,2,Idle,54.5,0.0,21.9,Denial of Service,System,00:00:24.200,24.2,632.18,1.64453125
Slowloris (HTTP),Raspberry Pi 4B 2GB,2,Idle,55.5,0.5,21.9,Denial of Service,System,00:00:25.210,25.21,632.18,0.3896484375
Slowloris (HTTP),Raspberry Pi 4B 2GB,2,Idle,55.0,0.0,21.9,Denial of Service,System,00:00:26.220,26.22,632.18,0.0
Slowloris (HTTP),Raspberry Pi 4B 2GB,2,Idle,55.5,0.0,21.9,Denial of Service,System,00:00:27.230,27.23,632.33,0.23046875
Slowloris (HTTP),Raspberry Pi 4B 2GB,2,Idle,54.5,0.0,21.9,Denial of Service,System,00:00:28.240,28.24,632.39,0.0
Slowloris (HTTP),Raspberry Pi 4B 2GB,2,Idle,56.4,0.0,21.9,Denial of Service,System,00:00:29.250,29.25,632.39,0.0
Slowloris (HTTP),Raspberry Pi 4B 2GB,2,Idle,55.0,0.0,21.9,Denial of Service,System,00:00:30.260,30.26,632.39,0.087890625
Slowloris (HTTP),Raspberry Pi 4B 2GB,2,Idle,55.0,0.0,21.9,Denial of Service,System,00:00:31.270,31.27,632.39,0.0
Slowloris (HTTP),Raspberry Pi 4B 2GB,2,Idle,55.0,0.0,21.9,Denial of Service,System,00:00:32.270,32.27,632.39,0.037109375
Slowloris (HTTP),Raspberry Pi 4B 2GB,2,Idle,55.5,0.0,21.9,Denial of Service,System,00:00:33.280,33.28,632.39,0.0703125
Slowloris (HTTP),Raspberry Pi 4B 2GB,2,Idle,54.0,0.0,21.9,Denial of Service,System,00:00:34.290,34.29,632.39,0.0
Slowloris (HTTP),Raspberry Pi 4B 2GB,2,Idle,55.5,0.0,21.9,Denial of Service,System,00:00:35.300,35.3,632.64,0.087890625
Slowloris (HTTP),Raspberry Pi 4B 2GB,2,Idle,54.5,0.5,21.9,Denial of Service,System,00:00:36.310,36.31,632.64,0.30078125
Slowloris (HTTP),Raspberry Pi 4B 2GB,2,Idle,54.5,0.0,21.9,Denial of Service,System,00:00:37.320,37.32,632.64,1.4140625
Slowloris (HTTP),Raspberry Pi 4B 2GB,2,Idle,55.5,0.5,21.9,Denial of Service,System,00:00:38.330,38.33,632.64,0.0
Slowloris (HTTP),Raspberry Pi 4B 2GB,2,Idle,55.0,0.0,21.9,Denial of Service,System,00:00:39.340,39.34,632.64,0.0
Slowloris (HTTP),Raspberry Pi 4B 2GB,2,Idle,55.0,0.5,21.9,Denial of Service,System,00:00:40.350,40.35,632.64,0.6484375
Slowloris (HTTP),Raspberry Pi 4B 2GB,2,Idle,55.0,0.0,21.9,Denial of Service,System,00:00:41.360,41.36,632.64,0.267578125
Slowloris (HTTP),Raspberry Pi 4B 2GB,2,Idle,55.0,0.0,21.9,Denial of Service,System,00:00:42.370,42.37,632.64,0.267578125
Slowloris (HTTP),Raspberry Pi 4B 2GB,2,Idle,54.5,0.0,21.9,Denial of Service,System,00:00:43.380,43.38,632.76,0.0
Slowloris (HTTP),Raspberry Pi 4B 2GB,2,Idle,54.5,11.2,22.2,Denial of Service,System,00:00:44.390,44.39,632.91,0.0
Slowloris (HTTP),Raspberry Pi 4B 2GB,2,Idle,54.5,3.0,22.2,Denial of Service,System,00:00:45.400,45.4,632.91,0.193359375
Slowloris (HTTP),Raspberry Pi 4B 2GB,2,Idle,54.5,3.5,22.2,Denial of Service,System,00:00:46.410,46.41,632.91,0.125
Slowloris (HTTP),Raspberry Pi 4B 2GB,2,Idle,55.0,0.5,22.2,Denial of Service,System,00:00:47.420,47.42,633.97,0.0
Slowloris (HTTP),Raspberry Pi 4B 2GB,2,Idle,55.0,0.0,22.2,Denial of Service,System,00:00:48.430,48.43,634.48,0.0
Slowloris (HTTP),Raspberry Pi 4B 2GB,2,Idle,55.0,4.0,22.2,Denial of Service,System,00:00:49.440,49.44,634.47,0.419921875
Slowloris (HTTP),Raspberry Pi 4B 2GB,2,Idle,54.0,0.0,22.2,Denial of Service,System,00:00:50.450,50.45,634.47,1.4140625
Slowloris (HTTP),Raspberry Pi 4B 2GB,2,Idle,56.4,0.0,22.3,Denial of Service,System,00:00:51.460,51.46,635.46,0.1689453125
Slowloris (HTTP),Raspberry Pi 4B 2GB,2,Idle,56.0,0.0,22.3,Denial of Service,System,00:00:52.460,52.46,634.85,0.0
Slowloris (HTTP),Raspberry Pi 4B 2GB,2,Idle,57.4,50.3,22.7,Denial of Service,System,00:00:53.470,53.47,644.18,0.0
Slowloris (HTTP),Raspberry Pi 4B 2GB,2,Idle,56.4,1.5,22.7,Denial of Service,System,00:00:54.480,54.48,644.32,0.318359375
Slowloris (HTTP),Raspberry Pi 4B 2GB,2,Idle,56.4,19.9,22.7,Denial of Service,System,00:00:55.480,55.48,642.18,0.0
Slowloris (HTTP),Raspberry Pi 4B 2GB,2,Idle,56.4,24.6,22.9,Denial of Service,System,00:00:56.480,56.48,642.59,2.509765625
Slowloris (HTTP),Raspberry Pi 4B 2GB,2,Idle,56.4,0.5,22.9,Denial of Service,System,00:00:57.490,57.49,644.33,26.6044921875
Slowloris (HTTP),Raspberry Pi 4B 2GB,2,Idle,56.0,1.0,22.9,Denial of Service,System,00:00:58.490,58.49,644.19,0.0
Slowloris (HTTP),Raspberry Pi 4B 2GB,2,Idle,56.4,0.5,22.7,Denial of Service,System,00:00:59.500,59.5,642.2,0.087890625
Slowloris (HTTP),Raspberry Pi 4B 2GB,2,Idle,55.5,0.5,22.6,Denial of Service,System,00:01:00.500,60.5,641.54,0.181640625
Slowloris (HTTP),Raspberry Pi 4B 2GB,2,Idle,56.4,1.5,22.3,Denial of Service,System,00:01:01.510,61.51,639.83,0.0
Slowloris (HTTP),Raspberry Pi 4B 2GB,2,Idle,55.5,2.0,22.3,Denial of Service,System,00:01:02.520,62.52,641.53,1.4140625
Slowloris (HTTP),Raspberry Pi 4B 2GB,2,Idle,56.0,34.0,22.7,Denial of Service,System,00:01:03.530,63.53,644.75,0.0
Slowloris (HTTP),Raspberry Pi 4B 2GB,2,Idle,56.9,20.8,22.8,Denial of Service,System,00:01:04.540,64.54,645.66,0.087890625
Slowloris (HTTP),Raspberry Pi 4B 2GB,2,Idle,56.9,0.0,22.8,Denial of Service,System,00:01:05.540,65.54,645.66,0.0
Slowloris (HTTP),Raspberry Pi 4B 2GB,2,Idle,56.4,0.5,22.5,Denial of Service,System,00:01:06.550,66.55,644.21,0.0
Slowloris (HTTP),Raspberry Pi 4B 2GB,2,Idle,56.9,0.0,22.5,Denial of Service,System,00:01:07.550,67.55,642.47,0.162109375
Slowloris (HTTP),Raspberry Pi 4B 2GB,2,Idle,56.4,0.5,22.5,Denial of Service,System,00:01:08.550,68.55,642.47,0.0
Slowloris (HTTP),Raspberry Pi 4B 2GB,2,Idle,55.5,1.0,22.2,Denial of Service,System,00:01:09.560,69.56,641.29,0.1728515625
Slowloris (HTTP),Raspberry Pi 4B 2GB,2,Idle,56.0,0.0,22.2,Denial of Service,System,00:01:10.570,70.57,641.29,0.0
Slowloris (HTTP),Raspberry Pi 4B 2GB,2,Idle,55.0,0.0,22.2,Denial of Service,System,00:01:11.580,71.58,641.28,0.0
Slowloris (HTTP),Raspberry Pi 4B 2GB,2,Idle,55.5,0.0,22.2,Denial of Service,System,00:01:12.590,72.59,641.28,0.0
Slowloris (HTTP),Raspberry Pi 4B 2GB,2,Idle,55.5,1.5,22.2,Denial of Service,System,00:01:13.600,73.6,641.27,0.0
Slowloris (HTTP),Raspberry Pi 4B 2GB,2,Idle,55.0,0.0,22.2,Denial of Service,System,00:01:14.610,74.61,641.27,0.158203125
Slowloris (HTTP),Raspberry Pi 4B 2GB,2,Idle,55.0,0.5,22.2,Denial of Service,System,00:01:15.620,75.62,640.89,1.4140625
Slowloris (HTTP),Raspberry Pi 4B 2GB,2,Idle,56.0,0.0,22.2,Denial of Service,System,00:01:16.630,76.63,639.85,0.0
Slowloris (HTTP),Raspberry Pi 4B 2GB,2,Idle,56.0,0.0,22.1,Denial of Service,System,00:01:17.640,77.64,638.17,0.0703125
Slowloris (HTTP),Raspberry Pi 4B 2GB,2,Idle,55.5,0.0,22.1,Denial of Service,System,00:01:18.650,78.65,637.48,0.037109375
Slowloris (HTTP),Raspberry Pi 4B 2GB,2,Idle,55.5,0.0,22.1,Denial of Service,System,00:01:19.660,79.66,636.88,0.140625
Slowloris (HTTP),Raspberry Pi 4B 2GB,2,Idle,55.0,0.0,22.1,Denial of Service,System,00:01:20.660,80.66,636.51,0.0
Slowloris (HTTP),Raspberry Pi 4B 2GB,2,Idle,54.0,0.5,22.1,Denial of Service,System,00:01:21.670,81.67,636.51,0.1025390625
Slowloris (HTTP),Raspberry Pi 4B 2GB,2,Idle,55.5,0.0,22.1,Denial of Service,System,00:01:22.680,82.68,636.51,0.0
Slowloris (HTTP),Raspberry Pi 4B 2GB,2,Idle,55.5,0.0,22.1,Denial of Service,System,00:01:23.690,83.69,636.38,0.0
Slowloris (HTTP),Raspberry Pi 4B 2GB,2,Idle,55.0,0.5,22.1,Denial of Service,System,00:01:24.700,84.7,636.38,0.087890625
Slowloris (HTTP),Raspberry Pi 4B 2GB,2,Idle,56.0,0.0,22.1,Denial of Service,System,00:01:25.710,85.71,636.31,0.0
Slowloris (HTTP),Raspberry Pi 4B 2GB,2,Idle,56.0,0.0,22.0,Denial of Service,System,00:01:26.720,86.72,632.77,0.0
Slowloris (HTTP),Raspberry Pi 4B 2GB,2,Idle,55.0,0.0,22.0,Denial of Service,System,00:01:27.730,87.73,633.4,0.0
Slowloris (HTTP),Raspberry Pi 4B 2GB,2,Idle,56.0,0.0,22.0,Denial of Service,System,00:01:28.740,88.74,633.4,1.4140625
Slowloris (HTTP),Raspberry Pi 4B 2GB,2,Idle,54.5,0.5,22.0,Denial of Service,System,00:01:29.750,89.75,633.4,0.087890625
Slowloris (HTTP),Raspberry Pi 4B 2GB,2,Idle,55.0,0.0,22.0,Denial of Service,System,00:01:30.760,90.76,633.4,0.0
Slowloris (HTTP),Raspberry Pi 4B 2GB,2,Idle,55.5,0.0,22.0,Denial of Service,System,00:01:31.770,91.77,633.4,0.06640625
Slowloris (HTTP),Raspberry Pi 4B 2GB,2,Idle,55.0,2.5,22.0,Denial of Service,System,00:01:32.780,92.78,633.71,0.0
Slowloris (HTTP),Raspberry Pi 4B 2GB,2,Idle,55.5,0.0,22.0,Denial of Service,System,00:01:33.790,93.79,633.86,0.0
Slowloris (HTTP),Raspberry Pi 4B 2GB,2,Idle,55.0,0.0,22.0,Denial of Service,System,00:01:34.800,94.8,633.86,0.087890625
Slowloris (HTTP),Raspberry Pi 4B 2GB,2,Idle,55.0,0.0,22.0,Denial of Service,System,00:01:35.800,95.8,633.86,0.0
Slowloris (HTTP),Raspberry Pi 4B 2GB,2,Idle,55.0,0.0,22.0,Denial of Service,System,00:01:36.820,96.82,633.86,0.150390625
Slowloris (HTTP),Raspberry Pi 4B 2GB,2,Idle,55.0,0.0,22.0,Denial of Service,System,00:01:37.830,97.83,633.86,0.0
Slowloris (HTTP),Raspberry Pi 4B 2GB,2,Idle,55.0,0.5,22.0,Denial of Service,System,00:01:38.840,98.84,633.85,0.0
Slowloris (HTTP),Raspberry Pi 4B 2GB,2,Idle,54.5,0.0,22.0,Denial of Service,System,00:01:39.850,99.85,633.85,0.087890625
Slowloris (HTTP),Raspberry Pi 4B 2GB,2,Idle,56.0,0.5,22.0,Denial of Service,System,00:01:40.850,100.85,633.85,1.4140625
Slowloris (HTTP),Raspberry Pi 4B 2GB,2,Idle,55.0,0.0,22.0,Denial of Service,System,00:01:41.860,101.86,633.85,0.0
Slowloris (HTTP),Raspberry Pi 4B 2GB,2,Idle,54.5,0.0,22.0,Denial of Service,System,00:01:42.870,102.87,633.85,0.064453125
Slowloris (HTTP),Raspberry Pi 4B 2GB,2,Idle,54.5,0.0,22.0,Denial of Service,System,00:01:43.880,103.88,633.84,0.05078125
Slowloris (HTTP),Raspberry Pi 4B 2GB,2,Idle,56.0,0.0,22.0,Denial of Service,System,00:01:44.890,104.89,633.14,0.087890625
Slowloris (HTTP),Raspberry Pi 4B 2GB,2,Idle,56.0,0.0,22.0,Denial of Service,System,00:01:45.900,105.9,632.89,0.0
Slowloris (HTTP),Raspberry Pi 4B 2GB,2,Idle,55.0,0.0,22.0,Denial of Service,System,00:01:46.910,106.91,632.89,0.0
Slowloris (HTTP),Raspberry Pi 4B 2GB,2,Idle,55.5,0.5,22.0,Denial of Service,System,00:01:47.920,107.92,632.89,0.96875
Slowloris (HTTP),Raspberry Pi 4B 2GB,2,Idle,55.5,0.0,22.0,Denial of Service,System,00:01:48.930,108.93,632.89,1.623046875
Slowloris (HTTP),Raspberry Pi 4B 2GB,2,Idle,55.5,0.5,22.0,Denial of Service,System,00:01:49.940,109.94,632.89,0.25
Slowloris (HTTP),Raspberry Pi 4B 2GB,2,Idle,54.0,0.0,22.0,Denial of Service,System,00:01:50.950,110.95,632.89,0.0
Slowloris (HTTP),Raspberry Pi 4B 2GB,2,Idle,55.5,0.5,22.0,Denial of Service,System,00:01:51.960,111.96,632.88,1.3720703125
Slowloris (HTTP),Raspberry Pi 4B 2GB,2,Idle,55.0,0.0,22.0,Denial of Service,System,00:01:52.970,112.97,632.88,0.0
Slowloris (HTTP),Raspberry Pi 4B 2GB,2,Idle,55.5,0.0,22.0,Denial of Service,System,00:01:53.980,113.98,632.88,1.4140625
Slowloris (HTTP),Raspberry Pi 4B 2GB,2,Idle,56.0,0.0,22.0,Denial of Service,System,00:01:54.980,114.98,632.88,0.087890625
Slowloris (HTTP),Raspberry Pi 4B 2GB,2,Idle,55.0,0.0,22.0,Denial of Service,System,00:01:55.990,115.99,632.88,0.0
Slowloris (HTTP),Raspberry Pi 4B 2GB,2,Idle,55.0,0.0,22.0,Denial of Service,System,00:01:57.000,117.0,633.01,0.0
Slowloris (HTTP),Raspberry Pi 4B 2GB,2,Idle,54.5,0.0,22.0,Denial of Service,System,00:01:58.010,118.01,633.0,0.0
Slowloris (HTTP),Raspberry Pi 4B 2GB,2,Idle,55.0,0.0,22.0,Denial of Service,System,00:01:59.020,119.02,633.0,0.0
Slowloris (HTTP),Raspberry Pi 4B 2GB,2,Attack,55.0,0.0,22.0,Denial of Service,System,00:02:00.030,120.03,633.0,0.158203125
Slowloris (HTTP),Raspberry Pi 4B 2GB,2,Attack,54.0,0.0,22.0,Denial of Service,System,00:02:01.040,121.04,633.0,0.115234375
Slowloris (HTTP),Raspberry Pi 4B 2GB,2,Attack,55.5,3.5,22.0,Denial of Service,System,00:02:02.050,122.05,633.0,27.0732421875
Slowloris (HTTP),Raspberry Pi 4B 2GB,2,Attack,55.5,2.5,22.0,Denial of Service,System,00:02:03.060,123.06,633.25,39.966796875
Slowloris (HTTP),Raspberry Pi 4B 2GB,2,Attack,54.5,5.0,22.1,Denial of Service,System,00:02:04.070,124.07,636.48,34.4453125
Slowloris (HTTP),Raspberry Pi 4B 2GB,2,Attack,54.5,1.0,22.1,Denial of Service,System,00:02:05.080,125.08,637.28,34.7626953125
Slowloris (HTTP),Raspberry Pi 4B 2GB,2,Attack,54.5,2.0,22.1,Denial of Service,System,00:02:06.090,126.09,637.52,51.091796875
Slowloris (HTTP),Raspberry Pi 4B 2GB,2,Attack,55.5,0.5,22.1,Denial of Service,System,00:02:07.100,127.1,637.52,1.4140625
Slowloris (HTTP),Raspberry Pi 4B 2GB,2,Attack,55.0,0.0,22.1,Denial of Service,System,00:02:08.110,128.11,637.52,0.0
Slowloris (HTTP),Raspberry Pi 4B 2GB,2,Attack,54.5,0.0,22.1,Denial of Service,System,00:02:09.120,129.12,637.98,0.0
Slowloris (HTTP),Raspberry Pi 4B 2GB,2,Attack,55.5,0.5,22.1,Denial of Service,System,00:02:10.120,130.12,637.98,1.2265625
Slowloris (HTTP),Raspberry Pi 4B 2GB,2,Attack,54.0,0.0,22.1,Denial of Service,System,00:02:11.130,131.13,637.98,1.36328125
Slowloris (HTTP),Raspberry Pi 4B 2GB,2,Attack,55.5,0.0,22.1,Denial of Service,System,00:02:12.140,132.14,637.98,0.9677734375
Slowloris (HTTP),Raspberry Pi 4B 2GB,2,Attack,55.0,0.0,22.1,Denial of Service,System,00:02:13.150,133.15,637.98,0.0
Slowloris (HTTP),Raspberry Pi 4B 2GB,2,Attack,55.0,0.0,22.1,Denial of Service,System,00:02:14.160,134.16,638.32,0.162109375
Slowloris (HTTP),Raspberry Pi 4B 2GB,2,Attack,55.5,0.0,22.1,Denial of Service,System,00:02:15.170,135.17,637.63,0.087890625
Slowloris (HTTP),Raspberry Pi 4B 2GB,2,Attack,55.0,0.0,22.1,Denial of Service,System,00:02:16.180,136.18,637.63,0.626953125
Slowloris (HTTP),Raspberry Pi 4B 2GB,2,Attack,54.5,0.0,22.1,Denial of Service,System,00:02:17.190,137.19,637.63,0.267578125
Slowloris (HTTP),Raspberry Pi 4B 2GB,2,Attack,54.0,0.0,22.1,Denial of Service,System,00:02:18.200,138.2,637.63,0.23046875
Slowloris (HTTP),Raspberry Pi 4B 2GB,2,Attack,54.5,0.5,22.1,Denial of Service,System,00:02:19.210,139.21,637.63,1.4140625
Slowloris (HTTP),Raspberry Pi 4B 2GB,2,Attack,54.5,0.0,22.1,Denial of Service,System,00:02:20.220,140.22,637.63,0.087890625
Slowloris (HTTP),Raspberry Pi 4B 2GB,2,Attack,56.0,2.0,22.1,Denial of Service,System,00:02:21.230,141.23,637.63,31.0302734375
Slowloris (HTTP),Raspberry Pi 4B 2GB,2,Attack,56.0,2.0,22.1,Denial of Service,System,00:02:22.240,142.24,637.85,22.763671875
Slowloris (HTTP),Raspberry Pi 4B 2GB,2,Attack,55.0,1.5,22.1,Denial of Service,System,00:02:23.250,143.25,638.43,37.8046875
Slowloris (HTTP),Raspberry Pi 4B 2GB,2,Attack,55.5,3.0,22.2,Denial of Service,System,00:02:24.250,144.25,640.38,30.76171875
Slowloris (HTTP),Raspberry Pi 4B 2GB,2,Attack,55.5,0.0,22.2,Denial of Service,System,00:02:25.270,145.27,640.89,0.087890625
Slowloris (HTTP),Raspberry Pi 4B 2GB,2,Attack,55.5,0.0,22.2,Denial of Service,System,00:02:26.280,146.28,640.91,0.0
Slowloris (HTTP),Raspberry Pi 4B 2GB,2,Attack,55.5,0.0,22.2,Denial of Service,System,00:02:27.290,147.29,640.91,0.0
Slowloris (HTTP),Raspberry Pi 4B 2GB,2,Attack,54.5,0.0,22.2,Denial of Service,System,00:02:28.290,148.29,640.91,0.0
Slowloris (HTTP),Raspberry Pi 4B 2GB,2,Attack,54.5,0.0,22.2,Denial of Service,System,00:02:29.300,149.3,640.91,0.0
Slowloris (HTTP),Raspberry Pi 4B 2GB,2,Attack,55.0,0.0,22.2,Denial of Service,System,00:02:30.310,150.31,640.9,0.318359375
Slowloris (HTTP),Raspberry Pi 4B 2GB,2,Attack,55.0,0.0,22.2,Denial of Service,System,00:02:31.320,151.32,640.9,0.0
Slowloris (HTTP),Raspberry Pi 4B 2GB,2,Attack,54.5,0.0,22.2,Denial of Service,System,00:02:32.330,152.33,640.9,1.4140625
Slowloris (HTTP),Raspberry Pi 4B 2GB,2,Attack,55.5,1.0,22.1,Denial of Service,System,00:02:33.340,153.34,639.39,0.0
Slowloris (HTTP),Raspberry Pi 4B 2GB,2,Attack,55.0,0.0,22.1,Denial of Service,System,00:02:34.350,154.35,639.48,0.0
Slowloris (HTTP),Raspberry Pi 4B 2GB,2,Attack,54.5,0.0,22.1,Denial of Service,System,00:02:35.360,155.36,639.48,0.087890625
Slowloris (HTTP),Raspberry Pi 4B 2GB,2,Attack,54.5,0.0,22.1,Denial of Service,System,00:02:36.370,156.37,639.64,30.7041015625
Slowloris (HTTP),Raspberry Pi 4B 2GB,2,Attack,55.5,0.0,22.1,Denial of Service,System,00:02:37.380,157.38,639.71,0.0
Slowloris (HTTP),Raspberry Pi 4B 2GB,2,Attack,56.0,0.5,22.1,Denial of Service,System,00:02:38.390,158.39,639.71,0.0
Slowloris (HTTP),Raspberry Pi 4B 2GB,2,Attack,54.5,0.0,22.1,Denial of Service,System,00:02:39.400,159.4,639.71,0.0
Slowloris (HTTP),Raspberry Pi 4B 2GB,2,Attack,54.0,0.0,22.1,Denial of Service,System,00:02:40.400,160.4,639.71,0.6484375
Slowloris (HTTP),Raspberry Pi 4B 2GB,2,Attack,54.5,0.0,22.1,Denial of Service,System,00:02:41.410,161.41,639.71,0.0
Slowloris (HTTP),Raspberry Pi 4B 2GB,2,Attack,54.0,0.0,22.1,Denial of Service,System,00:02:42.420,162.42,639.71,12.265625
Slowloris (HTTP),Raspberry Pi 4B 2GB,2,Attack,55.0,0.5,22.1,Denial of Service,System,00:02:43.430,163.43,639.69,33.947265625
Slowloris (HTTP),Raspberry Pi 4B 2GB,2,Attack,55.0,0.5,22.1,Denial of Service,System,00:02:44.440,164.44,639.69,16.8828125
Slowloris (HTTP),Raspberry Pi 4B 2GB,2,Attack,54.5,1.0,22.0,Denial of Service,System,00:02:45.450,165.45,634.79,30.76171875
Slowloris (HTTP),Raspberry Pi 4B 2GB,2,Attack,55.0,0.0,22.0,Denial of Service,System,00:02:46.460,166.46,633.02,0.0703125
Slowloris (HTTP),Raspberry Pi 4B 2GB,2,Attack,55.0,0.0,22.0,Denial of Service,System,00:02:47.470,167.47,633.47,0.078125
Slowloris (HTTP),Raspberry Pi 4B 2GB,2,Attack,54.0,0.0,22.0,Denial of Service,System,00:02:48.480,168.48,633.46,0.0
Slowloris (HTTP),Raspberry Pi 4B 2GB,2,Attack,55.0,1.0,22.0,Denial of Service,System,00:02:49.490,169.49,633.46,0.087890625
Slowloris (HTTP),Raspberry Pi 4B 2GB,2,Attack,55.5,0.0,22.0,Denial of Service,System,00:02:50.500,170.5,633.46,0.0
Slowloris (HTTP),Raspberry Pi 4B 2GB,2,Attack,54.5,1.0,22.0,Denial of Service,System,00:02:51.510,171.51,633.7,41.90234375
Slowloris (HTTP),Raspberry Pi 4B 2GB,2,Attack,54.5,1.0,22.0,Denial of Service,System,00:02:52.520,172.52,633.7,31.025390625
Slowloris (HTTP),Raspberry Pi 4B 2GB,2,Attack,55.5,0.0,22.0,Denial of Service,System,00:02:53.530,173.53,636.38,19.9736328125
Slowloris (HTTP),Raspberry Pi 4B 2GB,2,Attack,55.5,0.0,22.1,Denial of Service,System,00:02:54.540,174.54,636.62,0.087890625
Slowloris (HTTP),Raspberry Pi 4B 2GB,2,Attack,54.5,0.0,22.1,Denial of Service,System,00:02:55.550,175.55,636.62,0.0
Slowloris (HTTP),Raspberry Pi 4B 2GB,2,Attack,55.5,0.5,22.1,Denial of Service,System,00:02:56.560,176.56,636.62,0.0
Slowloris (HTTP),Raspberry Pi 4B 2GB,2,Attack,56.0,0.0,22.1,Denial of Service,System,00:02:57.560,177.56,636.62,1.64453125
Slowloris (HTTP),Raspberry Pi 4B 2GB,2,Attack,55.5,0.0,22.1,Denial of Service,System,00:02:58.570,178.57,636.62,0.0
Slowloris (HTTP),Raspberry Pi 4B 2GB,2,Attack,54.5,0.0,22.1,Denial of Service,System,00:02:59.580,179.58,636.62,0.154296875
Slowloris (HTTP),Raspberry Pi 4B 2GB,2,Attack,55.0,0.0,22.1,Denial of Service,System,00:03:00.590,180.59,636.61,10.9267578125
Slowloris (HTTP),Raspberry Pi 4B 2GB,2,Attack,55.0,0.0,22.1,Denial of Service,System,00:03:01.600,181.6,636.61,0.0
Slowloris (HTTP),Raspberry Pi 4B 2GB,2,Attack,55.0,0.0,22.1,Denial of Service,System,00:03:02.610,182.61,636.61,0.0
Slowloris (HTTP),Raspberry Pi 4B 2GB,2,Attack,55.0,0.0,22.1,Denial of Service,System,00:03:03.620,183.62,636.61,1.23046875
Slowloris (HTTP),Raspberry Pi 4B 2GB,2,Attack,55.0,0.0,22.1,Denial of Service,System,00:03:04.630,184.63,636.61,0.087890625
Slowloris (HTTP),Raspberry Pi 4B 2GB,2,Attack,55.0,0.5,22.0,Denial of Service,System,00:03:05.640,185.64,635.8,0.078125
Slowloris (HTTP),Raspberry Pi 4B 2GB,2,Attack,55.0,0.0,22.0,Denial of Service,System,00:03:06.650,186.65,635.8,0.0
Slowloris (HTTP),Raspberry Pi 4B 2GB,2,Attack,55.0,0.0,22.0,Denial of Service,System,00:03:07.660,187.66,635.79,0.162109375
Slowloris (HTTP),Raspberry Pi 4B 2GB,2,Attack,55.0,2.0,22.0,Denial of Service,System,00:03:08.670,188.67,635.79,29.8115234375
Slowloris (HTTP),Raspberry Pi 4B 2GB,2,Attack,54.0,0.5,22.0,Denial of Service,System,00:03:09.680,189.68,635.79,40.0458984375
Slowloris (HTTP),Raspberry Pi 4B 2GB,2,Attack,55.0,1.0,22.0,Denial of Service,System,00:03:10.690,190.69,636.03,25.265625
Slowloris (HTTP),Raspberry Pi 4B 2GB,2,Attack,54.5,3.0,22.0,Denial of Service,System,00:03:11.690,191.69,636.02,22.1484375
Slowloris (HTTP),Raspberry Pi 4B 2GB,2,Attack,54.0,1.5,22.1,Denial of Service,System,00:03:12.700,192.7,637.14,36.875
Slowloris (HTTP),Raspberry Pi 4B 2GB,2,Attack,55.0,1.0,22.1,Denial of Service,System,00:03:13.710,193.71,638.79,31.5078125
Slowloris (HTTP),Raspberry Pi 4B 2GB,2,Attack,55.5,0.5,22.1,Denial of Service,System,00:03:14.720,194.72,636.7,0.087890625
Slowloris (HTTP),Raspberry Pi 4B 2GB,2,Attack,55.0,1.0,22.1,Denial of Service,System,00:03:15.730,195.73,636.95,0.0
Slowloris (HTTP),Raspberry Pi 4B 2GB,2,Attack,55.5,0.0,22.1,Denial of Service,System,00:03:16.740,196.74,636.95,0.0
Slowloris (HTTP),Raspberry Pi 4B 2GB,2,Attack,55.0,1.5,22.1,Denial of Service,System,00:03:17.750,197.75,636.94,0.0
Slowloris (HTTP),Raspberry Pi 4B 2GB,2,Attack,55.0,0.0,22.1,Denial of Service,System,00:03:18.760,198.76,636.94,0.0
Slowloris (HTTP),Raspberry Pi 4B 2GB,2,Attack,55.5,0.0,22.1,Denial of Service,System,00:03:19.770,199.77,636.94,0.087890625
Slowloris (HTTP),Raspberry Pi 4B 2GB,2,Attack,55.0,0.0,22.1,Denial of Service,System,00:03:20.780,200.78,636.94,0.0
Slowloris (HTTP),Raspberry Pi 4B 2GB,2,Attack,55.0,0.0,22.1,Denial of Service,System,00:03:21.790,201.79,636.94,0.1025390625
Slowloris (HTTP),Raspberry Pi 4B 2GB,2,Attack,55.5,0.0,22.1,Denial of Service,System,00:03:22.800,202.8,636.94,0.0
Slowloris (HTTP),Raspberry Pi 4B 2GB,2,Attack,55.0,0.0,22.1,Denial of Service,System,00:03:23.810,203.81,636.93,1.451171875
Slowloris (HTTP),Raspberry Pi 4B 2GB,2,Attack,56.0,0.0,22.1,Denial of Service,System,00:03:24.810,204.81,636.93,0.701171875
Slowloris (HTTP),Raspberry Pi 4B 2GB,2,Attack,55.5,2.0,22.1,Denial of Service,System,00:03:25.820,205.82,636.93,31.537109375
Slowloris (HTTP),Raspberry Pi 4B 2GB,2,Attack,55.5,0.5,22.1,Denial of Service,System,00:03:26.830,206.83,636.93,0.0703125
Slowloris (HTTP),Raspberry Pi 4B 2GB,2,Attack,54.5,0.0,22.1,Denial of Service,System,00:03:27.840,207.84,636.93,0.0
Slowloris (HTTP),Raspberry Pi 4B 2GB,2,Attack,55.5,0.0,22.1,Denial of Service,System,00:03:28.850,208.85,636.93,0.0
Slowloris (HTTP),Raspberry Pi 4B 2GB,2,Attack,54.0,0.5,22.1,Denial of Service,System,00:03:29.860,209.86,636.93,0.158203125
Slowloris (HTTP),Raspberry Pi 4B 2GB,2,Attack,56.0,0.5,22.1,Denial of Service,System,00:03:30.870,210.87,636.93,0.0
Slowloris (HTTP),Raspberry Pi 4B 2GB,2,Attack,55.5,1.0,22.1,Denial of Service,System,00:03:31.880,211.88,636.92,15.95703125
Slowloris (HTTP),Raspberry Pi 4B 2GB,2,Attack,54.5,0.5,22.1,Denial of Service,System,00:03:32.890,212.89,637.16,36.3515625
Slowloris (HTTP),Raspberry Pi 4B 2GB,2,Attack,55.5,1.5,22.1,Denial of Service,System,00:03:33.900,213.9,637.39,36.337890625
Slowloris (HTTP),Raspberry Pi 4B 2GB,2,Attack,55.0,1.0,21.9,Denial of Service,System,00:03:34.910,214.91,632.06,3.779296875
Slowloris (HTTP),Raspberry Pi 4B 2GB,2,Attack,55.0,0.5,21.9,Denial of Service,System,00:03:35.920,215.92,632.29,1.4140625
Slowloris (HTTP),Raspberry Pi 4B 2GB,2,Attack,55.0,0.0,21.9,Denial of Service,System,00:03:36.930,216.93,632.29,0.0
Slowloris (HTTP),Raspberry Pi 4B 2GB,2,Attack,56.0,0.0,21.9,Denial of Service,System,00:03:37.940,217.94,632.29,0.0
Slowloris (HTTP),Raspberry Pi 4B 2GB,2,Attack,55.5,0.0,21.9,Denial of Service,System,00:03:38.940,218.94,632.29,0.0
Slowloris (HTTP),Raspberry Pi 4B 2GB,2,Attack,55.0,0.0,21.9,Denial of Service,System,00:03:39.950,219.95,632.29,0.087890625
Slowloris (HTTP),Raspberry Pi 4B 2GB,2,Attack,54.5,2.5,21.9,Denial of Service,System,00:03:40.960,220.96,632.29,34.1865234375
Slowloris (HTTP),Raspberry Pi 4B 2GB,2,Attack,55.0,3.5,22.0,Denial of Service,System,00:03:41.970,221.97,633.03,38.5126953125
Slowloris (HTTP),Raspberry Pi 4B 2GB,2,Attack,56.4,6.1,21.7,Denial of Service,System,00:03:42.980,222.98,623.84,19.6767578125
Slowloris (HTTP),Raspberry Pi 4B 2GB,2,Attack,56.0,0.0,21.7,Denial of Service,System,00:03:43.990,223.99,623.95,0.06640625
Slowloris (HTTP),Raspberry Pi 4B 2GB,2,Attack,55.5,0.5,21.7,Denial of Service,System,00:03:44.990,224.99,623.95,0.087890625
Slowloris (HTTP),Raspberry Pi 4B 2GB,2,Attack,56.0,0.0,21.7,Denial of Service,System,00:03:46.000,226.0,623.95,0.0
Slowloris (HTTP),Raspberry Pi 4B 2GB,2,Attack,55.5,0.0,21.7,Denial of Service,System,00:03:47.000,227.0,623.95,0.0
Slowloris (HTTP),Raspberry Pi 4B 2GB,2,Attack,55.0,0.0,21.7,Denial of Service,System,00:03:48.000,228.0,623.95,0.0
Slowloris (HTTP),Raspberry Pi 4B 2GB,2,Attack,55.5,1.0,21.7,Denial of Service,System,00:03:49.010,229.01,623.95,2.556640625
Slowloris (HTTP),Raspberry Pi 4B 2GB,2,Attack,55.0,0.0,21.7,Denial of Service,System,00:03:50.020,230.02,623.95,1.62109375
Slowloris (HTTP),Raspberry Pi 4B 2GB,2,Attack,54.5,0.0,21.7,Denial of Service,System,00:03:51.030,231.03,623.95,0.154296875
Slowloris (HTTP),Raspberry Pi 4B 2GB,2,Attack,55.0,0.5,21.7,Denial of Service,System,00:03:52.040,232.04,623.95,1.9482421875
Slowloris (HTTP),Raspberry Pi 4B 2GB,2,Attack,55.5,0.0,21.7,Denial of Service,System,00:03:53.050,233.05,623.95,0.0
Slowloris (HTTP),Raspberry Pi 4B 2GB,2,Attack,55.5,0.0,21.7,Denial of Service,System,00:03:54.060,234.06,622.87,0.0
Slowloris (HTTP),Raspberry Pi 4B 2GB,2,Attack,55.5,0.0,21.7,Denial of Service,System,00:03:55.070,235.07,622.87,0.087890625
Slowloris (HTTP),Raspberry Pi 4B 2GB,2,Attack,55.5,0.0,21.7,Denial of Service,System,00:03:56.080,236.08,622.87,0.0
Slowloris (HTTP),Raspberry Pi 4B 2GB,2,Attack,55.5,0.0,21.7,Denial of Service,System,00:03:57.090,237.09,622.87,0.0
Slowloris (HTTP),Raspberry Pi 4B 2GB,2,Attack,55.0,0.0,21.7,Denial of Service,System,00:03:58.100,238.1,622.87,41.0791015625
Slowloris (HTTP),Raspberry Pi 4B 2GB,2,Attack,55.5,0.5,21.7,Denial of Service,System,00:03:59.110,239.11,623.35,36.7646484375
Slowloris (HTTP),Raspberry Pi 4B 2GB,2,Recovery,56.0,0.0,21.7,Denial of Service,System,00:04:00.120,240.12,623.35,15.88671875
Slowloris (HTTP),Raspberry Pi 4B 2GB,2,Recovery,55.0,1.0,21.7,Denial of Service,System,00:04:01.130,241.13,623.34,13.71875
Slowloris (HTTP),Raspberry Pi 4B 2GB,2,Recovery,55.5,10.2,21.7,Denial of Service,System,00:04:02.140,242.14,623.25,186.68359375
Slowloris (HTTP),Raspberry Pi 4B 2GB,2,Recovery,56.4,0.0,21.7,Denial of Service,System,00:04:03.140,243.14,622.19,9.107421875
Slowloris (HTTP),Raspberry Pi 4B 2GB,2,Recovery,56.4,0.0,21.6,Denial of Service,System,00:04:04.140,244.14,618.67,0.0
Slowloris (HTTP),Raspberry Pi 4B 2GB,2,Recovery,56.4,0.5,21.5,Denial of Service,System,00:04:05.150,245.15,617.42,0.087890625
Slowloris (HTTP),Raspberry Pi 4B 2GB,2,Recovery,55.0,0.0,21.6,Denial of Service,System,00:04:06.150,246.15,617.57,0.0
Slowloris (HTTP),Raspberry Pi 4B 2GB,2,Recovery,56.0,0.0,21.6,Denial of Service,System,00:04:07.160,247.16,617.54,0.0
Slowloris (HTTP),Raspberry Pi 4B 2GB,2,Recovery,55.5,0.0,21.5,Denial of Service,System,00:04:08.170,248.17,617.29,0.0
Slowloris (HTTP),Raspberry Pi 4B 2GB,2,Recovery,55.5,0.0,21.5,Denial of Service,System,00:04:09.180,249.18,617.43,0.0
Slowloris (HTTP),Raspberry Pi 4B 2GB,2,Recovery,55.5,0.0,21.6,Denial of Service,System,00:04:10.190,250.19,617.5,0.087890625
Slowloris (HTTP),Raspberry Pi 4B 2GB,2,Recovery,55.0,0.0,21.6,Denial of Service,System,00:04:11.190,251.19,617.5,2.572265625
Slowloris (HTTP),Raspberry Pi 4B 2GB,2,Recovery,55.5,0.0,21.6,Denial of Service,System,00:04:12.200,252.2,617.5,0.0
Slowloris (HTTP),Raspberry Pi 4B 2GB,2,Recovery,54.5,0.5,21.6,Denial of Service,System,00:04:13.210,253.21,617.5,0.0
Slowloris (HTTP),Raspberry Pi 4B 2GB,2,Recovery,55.0,0.0,21.6,Denial of Service,System,00:04:14.220,254.22,617.5,1.966796875
Slowloris (HTTP),Raspberry Pi 4B 2GB,2,Recovery,54.5,0.0,21.5,Denial of Service,System,00:04:15.230,255.23,617.24,0.248046875
Slowloris (HTTP),Raspberry Pi 4B 2GB,2,Recovery,56.0,0.0,21.5,Denial of Service,System,00:04:16.240,256.24,616.99,0.0
Slowloris (HTTP),Raspberry Pi 4B 2GB,2,Recovery,54.5,0.0,21.5,Denial of Service,System,00:04:17.250,257.25,616.99,0.0
Slowloris (HTTP),Raspberry Pi 4B 2GB,2,Recovery,55.5,0.0,21.5,Denial of Service,System,00:04:18.260,258.26,616.99,0.267578125
Slowloris (HTTP),Raspberry Pi 4B 2GB,2,Recovery,56.4,0.0,21.5,Denial of Service,System,00:04:19.270,259.27,616.99,0.23046875
Slowloris (HTTP),Raspberry Pi 4B 2GB,2,Recovery,54.5,0.0,21.5,Denial of Service,System,00:04:20.280,260.28,616.99,0.087890625
Slowloris (HTTP),Raspberry Pi 4B 2GB,2,Recovery,56.0,0.5,21.5,Denial of Service,System,00:04:21.290,261.29,616.98,0.1025390625
Slowloris (HTTP),Raspberry Pi 4B 2GB,2,Recovery,54.5,0.5,21.5,Denial of Service,System,00:04:22.300,262.3,617.23,0.23046875
Slowloris (HTTP),Raspberry Pi 4B 2GB,2,Recovery,55.0,0.0,21.5,Denial of Service,System,00:04:23.310,263.31,617.23,0.0
Slowloris (HTTP),Raspberry Pi 4B 2GB,2,Recovery,55.0,0.0,21.5,Denial of Service,System,00:04:24.310,264.31,617.23,0.0
Slowloris (HTTP),Raspberry Pi 4B 2GB,2,Recovery,55.5,0.0,21.5,Denial of Service,System,00:04:25.320,265.32,617.23,0.087890625
Slowloris (HTTP),Raspberry Pi 4B 2GB,2,Recovery,56.0,0.0,21.5,Denial of Service,System,00:04:26.330,266.33,617.23,0.146484375
Slowloris (HTTP),Raspberry Pi 4B 2GB,2,Recovery,55.5,0.0,21.5,Denial of Service,System,00:04:27.340,267.34,617.23,1.451171875
Slowloris (HTTP),Raspberry Pi 4B 2GB,2,Recovery,55.0,0.0,21.5,Denial of Service,System,00:04:28.350,268.35,617.23,0.06640625
Slowloris (HTTP),Raspberry Pi 4B 2GB,2,Recovery,55.0,0.0,21.5,Denial of Service,System,00:04:29.360,269.36,617.23,0.0
Slowloris (HTTP),Raspberry Pi 4B 2GB,2,Recovery,55.5,0.0,21.5,Denial of Service,System,00:04:30.370,270.37,617.23,0.087890625
Slowloris (HTTP),Raspberry Pi 4B 2GB,2,Recovery,55.0,0.0,21.5,Denial of Service,System,00:04:31.380,271.38,617.23,0.0
Slowloris (HTTP),Raspberry Pi 4B 2GB,2,Recovery,54.5,0.0,21.5,Denial of Service,System,00:04:32.390,272.39,617.23,0.0
Slowloris (HTTP),Raspberry Pi 4B 2GB,2,Recovery,55.5,14.9,21.6,Denial of Service,System,00:04:33.400,273.4,615.88,0.0
Slowloris (HTTP),Raspberry Pi 4B 2GB,2,Recovery,55.5,0.0,21.6,Denial of Service,System,00:04:34.410,274.41,617.12,0.087890625
Slowloris (HTTP),Raspberry Pi 4B 2GB,2,Recovery,56.0,0.0,21.6,Denial of Service,System,00:04:35.420,275.42,617.14,0.0
Slowloris (HTTP),Raspberry Pi 4B 2GB,2,Recovery,56.4,0.0,21.6,Denial of Service,System,00:04:36.420,276.42,615.68,0.0
Slowloris (HTTP),Raspberry Pi 4B 2GB,2,Recovery,55.5,0.0,21.6,Denial of Service,System,00:04:37.420,277.42,615.45,0.0
Slowloris (HTTP),Raspberry Pi 4B 2GB,2,Recovery,56.0,0.0,21.5,Denial of Service,System,00:04:38.430,278.43,614.79,0.0
Slowloris (HTTP),Raspberry Pi 4B 2GB,2,Recovery,55.0,0.0,21.5,Denial of Service,System,00:04:39.440,279.44,614.78,1.501953125
Slowloris (HTTP),Raspberry Pi 4B 2GB,2,Recovery,55.0,0.0,21.5,Denial of Service,System,00:04:40.450,280.45,614.78,0.0
Slowloris (HTTP),Raspberry Pi 4B 2GB,2,Recovery,55.0,0.5,21.5,Denial of Service,System,00:04:41.450,281.45,614.78,0.0
Slowloris (HTTP),Raspberry Pi 4B 2GB,2,Recovery,55.5,0.0,21.5,Denial of Service,System,00:04:42.460,282.46,614.78,0.0
Slowloris (HTTP),Raspberry Pi 4B 2GB,2,Recovery,55.5,0.0,21.5,Denial of Service,System,00:04:43.470,283.47,614.77,0.0
Slowloris (HTTP),Raspberry Pi 4B 2GB,2,Recovery,54.5,0.0,21.5,Denial of Service,System,00:04:44.480,284.48,614.77,0.087890625
Slowloris (HTTP),Raspberry Pi 4B 2GB,2,Recovery,55.5,0.0,21.5,Denial of Service,System,00:04:45.490,285.49,614.77,0.0
Slowloris (HTTP),Raspberry Pi 4B 2GB,2,Recovery,55.5,0.0,21.5,Denial of Service,System,00:04:46.500,286.5,614.77,0.0
Slowloris (HTTP),Raspberry Pi 4B 2GB,2,Recovery,55.5,0.0,21.5,Denial of Service,System,00:04:47.510,287.51,614.77,0.0
Slowloris (HTTP),Raspberry Pi 4B 2GB,2,Recovery,55.5,0.0,21.5,Denial of Service,System,00:04:48.520,288.52,614.77,0.0
Slowloris (HTTP),Raspberry Pi 4B 2GB,2,Recovery,55.5,2.0,21.5,Denial of Service,System,00:04:49.530,289.53,614.77,0.087890625
Slowloris (HTTP),Raspberry Pi 4B 2GB,2,Recovery,55.0,0.5,21.5,Denial of Service,System,00:04:50.540,290.54,614.77,0.0
Slowloris (HTTP),Raspberry Pi 4B 2GB,2,Recovery,55.0,0.0,21.5,Denial of Service,System,00:04:51.550,291.55,614.77,0.1025390625
Slowloris (HTTP),Raspberry Pi 4B 2GB,2,Recovery,55.0,0.0,21.5,Denial of Service,System,00:04:52.560,292.56,614.77,1.4140625
Slowloris (HTTP),Raspberry Pi 4B 2GB,2,Recovery,56.0,0.0,21.5,Denial of Service,System,00:04:53.570,293.57,614.77,0.0
Slowloris (HTTP),Raspberry Pi 4B 2GB,2,Recovery,54.5,0.0,21.5,Denial of Service,System,00:04:54.580,294.58,614.76,0.087890625
Slowloris (HTTP),Raspberry Pi 4B 2GB,2,Recovery,55.0,0.0,21.5,Denial of Service,System,00:04:55.590,295.59,614.76,0.0703125
Slowloris (HTTP),Raspberry Pi 4B 2GB,2,Recovery,55.0,0.5,21.5,Denial of Service,System,00:04:56.590,296.59,614.76,0.0
Slowloris (HTTP),Raspberry Pi 4B 2GB,2,Recovery,54.5,0.0,21.5,Denial of Service,System,00:04:57.600,297.6,614.76,0.0703125
Slowloris (HTTP),Raspberry Pi 4B 2GB,2,Recovery,55.0,0.5,21.5,Denial of Service,System,00:04:58.610,298.61,614.9,0.0
Slowloris (HTTP),Raspberry Pi 4B 2GB,2,Recovery,54.0,0.5,21.5,Denial of Service,System,00:04:59.620,299.62,615.0,0.087890625
Slowloris (HTTP),Raspberry Pi 4B 2GB,2,Recovery,56.0,0.0,21.5,Denial of Service,System,00:05:00.630,300.63,615.0,0.0
Slowloris (HTTP),Raspberry Pi 4B 2GB,2,Recovery,54.0,0.0,21.5,Denial of Service,System,00:05:01.640,301.64,615.0,0.267578125
Slowloris (HTTP),Raspberry Pi 4B 2GB,2,Recovery,55.5,0.5,21.5,Denial of Service,System,00:05:02.650,302.65,615.0,0.23046875
Slowloris (HTTP),Raspberry Pi 4B 2GB,2,Recovery,54.5,0.0,21.5,Denial of Service,System,00:05:03.660,303.66,615.0,0.0
Slowloris (HTTP),Raspberry Pi 4B 2GB,2,Recovery,55.0,0.0,21.5,Denial of Service,System,00:05:04.670,304.67,615.0,0.087890625
Slowloris (HTTP),Raspberry Pi 4B 2GB,2,Recovery,54.0,1.0,21.5,Denial of Service,System,00:05:05.680,305.68,615.0,1.9765625
Slowloris (HTTP),Raspberry Pi 4B 2GB,2,Recovery,54.5,0.0,21.5,Denial of Service,System,00:05:06.690,306.69,615.0,0.0
Slowloris (HTTP),Raspberry Pi 4B 2GB,2,Recovery,54.5,0.0,21.5,Denial of Service,System,00:05:07.700,307.7,615.14,0.162109375
Slowloris (HTTP),Raspberry Pi 4B 2GB,2,Recovery,56.0,0.0,21.5,Denial of Service,System,00:05:08.710,308.71,615.25,0.0
Slowloris (HTTP),Raspberry Pi 4B 2GB,2,Recovery,56.0,0.5,21.5,Denial of Service,System,00:05:09.720,309.72,615.25,0.087890625
Slowloris (HTTP),Raspberry Pi 4B 2GB,2,Recovery,53.5,0.0,21.5,Denial of Service,System,00:05:10.720,310.72,615.25,0.0
Slowloris (HTTP),Raspberry Pi 4B 2GB,2,Recovery,55.0,0.0,21.5,Denial of Service,System,00:05:11.730,311.73,615.25,0.06640625
Slowloris (HTTP),Raspberry Pi 4B 2GB,2,Recovery,55.0,0.0,21.5,Denial of Service,System,00:05:12.740,312.74,615.24,0.0
Slowloris (HTTP),Raspberry Pi 4B 2GB,2,Recovery,55.0,0.0,21.5,Denial of Service,System,00:05:13.750,313.75,615.24,0.0
Slowloris (HTTP),Raspberry Pi 4B 2GB,2,Recovery,54.5,0.5,21.5,Denial of Service,System,00:05:14.760,314.76,615.24,0.318359375
Slowloris (HTTP),Raspberry Pi 4B 2GB,2,Recovery,55.5,0.0,21.5,Denial of Service,System,00:05:15.770,315.77,615.24,0.0
Slowloris (HTTP),Raspberry Pi 4B 2GB,2,Recovery,55.0,0.0,21.5,Denial of Service,System,00:05:16.780,316.78,615.24,0.0
Slowloris (HTTP),Raspberry Pi 4B 2GB,2,Recovery,54.5,0.5,21.5,Denial of Service,System,00:05:17.790,317.79,615.24,1.4140625
Slowloris (HTTP),Raspberry Pi 4B 2GB,2,Recovery,56.0,0.0,21.5,Denial of Service,System,00:05:18.800,318.8,615.24,0.0
Slowloris (HTTP),Raspberry Pi 4B 2GB,2,Recovery,55.0,0.0,21.5,Denial of Service,System,00:05:19.810,319.81,615.24,0.087890625
Slowloris (HTTP),Raspberry Pi 4B 2GB,2,Recovery,54.0,0.0,21.5,Denial of Service,System,00:05:20.820,320.82,615.24,0.0
Slowloris (HTTP),Raspberry Pi 4B 2GB,2,Recovery,54.5,0.0,21.5,Denial of Service,System,00:05:21.830,321.83,615.24,0.1025390625
Slowloris (HTTP),Raspberry Pi 4B 2GB,2,Recovery,54.0,0.0,21.5,Denial of Service,System,00:05:22.840,322.84,615.24,0.0
Slowloris (HTTP),Raspberry Pi 4B 2GB,2,Recovery,54.0,0.0,21.5,Denial of Service,System,00:05:23.840,323.84,615.24,0.0
Slowloris (HTTP),Raspberry Pi 4B 2GB,2,Recovery,55.0,0.0,21.5,Denial of Service,System,00:05:24.850,324.85,615.24,0.087890625
Slowloris (HTTP),Raspberry Pi 4B 2GB,2,Recovery,55.0,0.0,21.5,Denial of Service,System,00:05:25.860,325.86,615.24,0.0
Slowloris (HTTP),Raspberry Pi 4B 2GB,2,Recovery,54.5,0.5,21.5,Denial of Service,System,00:05:26.870,326.87,615.24,0.0
Slowloris (HTTP),Raspberry Pi 4B 2GB,2,Recovery,55.0,0.0,21.5,Denial of Service,System,00:05:27.880,327.88,615.48,0.0
Slowloris (HTTP),Raspberry Pi 4B 2GB,2,Recovery,54.5,0.0,21.5,Denial of Service,System,00:05:28.890,328.89,615.48,0.037109375
Slowloris (HTTP),Raspberry Pi 4B 2GB,2,Recovery,55.0,0.0,21.5,Denial of Service,System,00:05:29.900,329.9,615.48,0.140625
Slowloris (HTTP),Raspberry Pi 4B 2GB,2,Recovery,54.5,0.5,21.5,Denial of Service,System,00:05:30.910,330.91,615.48,1.4140625
Slowloris (HTTP),Raspberry Pi 4B 2GB,2,Recovery,55.0,0.0,21.5,Denial of Service,System,00:05:31.920,331.92,615.48,0.0
Slowloris (HTTP),Raspberry Pi 4B 2GB,2,Recovery,54.0,0.0,21.5,Denial of Service,System,00:05:32.930,332.93,615.48,0.0
Slowloris (HTTP),Raspberry Pi 4B 2GB,2,Recovery,54.0,0.0,21.5,Denial of Service,System,00:05:33.940,333.94,615.48,0.0
Slowloris (HTTP),Raspberry Pi 4B 2GB,2,Recovery,55.5,2.0,21.5,Denial of Service,System,00:05:34.950,334.95,615.48,13.6650390625
Slowloris (HTTP),Raspberry Pi 4B 2GB,2,Recovery,55.0,0.0,21.5,Denial of Service,System,00:05:35.960,335.96,615.48,0.0
Slowloris (HTTP),Raspberry Pi 4B 2GB,2,Recovery,54.0,0.0,21.5,Denial of Service,System,00:05:36.960,336.96,615.47,0.0
Slowloris (HTTP),Raspberry Pi 4B 2GB,2,Recovery,54.5,0.0,21.5,Denial of Service,System,00:05:37.970,337.97,615.47,0.0
Slowloris (HTTP),Raspberry Pi 4B 2GB,2,Recovery,54.5,0.5,21.5,Denial of Service,System,00:05:38.980,338.98,615.47,0.0703125
Slowloris (HTTP),Raspberry Pi 4B 2GB,2,Recovery,55.5,0.0,21.5,Denial of Service,System,00:05:39.990,339.99,615.47,0.166015625
Slowloris (HTTP),Raspberry Pi 4B 2GB,2,Recovery,55.5,0.0,21.5,Denial of Service,System,00:05:41.000,341.0,615.47,0.0
Slowloris (HTTP),Raspberry Pi 4B 2GB,2,Recovery,55.0,0.0,21.5,Denial of Service,System,00:05:42.010,342.01,615.47,0.0703125
Slowloris (HTTP),Raspberry Pi 4B 2GB,2,Recovery,54.5,0.0,21.5,Denial of Service,System,00:05:43.020,343.02,615.47,0.0
Slowloris (HTTP),Raspberry Pi 4B 2GB,2,Recovery,53.5,0.0,21.5,Denial of Service,System,00:05:44.030,344.03,615.71,1.4140625
Slowloris (HTTP),Raspberry Pi 4B 2GB,2,Recovery,54.5,0.0,21.5,Denial of Service,System,00:05:45.040,345.04,615.71,0.087890625
Slowloris (HTTP),Raspberry Pi 4B 2GB,2,Recovery,54.5,0.0,21.5,Denial of Service,System,00:05:46.050,346.05,615.71,0.0
Slowloris (HTTP),Raspberry Pi 4B 2GB,2,Recovery,54.5,0.0,21.5,Denial of Service,System,00:05:47.060,347.06,615.71,0.0
Slowloris (HTTP),Raspberry Pi 4B 2GB,2,Recovery,55.0,0.0,21.5,Denial of Service,System,00:05:48.070,348.07,615.71,0.0
Slowloris (HTTP),Raspberry Pi 4B 2GB,2,Recovery,55.0,1.5,21.5,Denial of Service,System,00:05:49.080,349.08,615.71,0.861328125
Slowloris (HTTP),Raspberry Pi 4B 2GB,2,Recovery,54.0,0.0,21.5,Denial of Service,System,00:05:50.080,350.08,615.71,2.529296875
Slowloris (HTTP),Raspberry Pi 4B 2GB,2,Recovery,55.0,0.5,21.5,Denial of Service,System,00:05:51.090,351.09,615.7,0.0
Slowloris (HTTP),Raspberry Pi 4B 2GB,2,Recovery,55.0,0.0,21.5,Denial of Service,System,00:05:52.100,352.1,615.7,0.1025390625
Slowloris (HTTP),Raspberry Pi 4B 2GB,2,Recovery,55.0,0.0,21.5,Denial of Service,System,00:05:53.110,353.11,615.7,0.0
Slowloris (HTTP),Raspberry Pi 4B 2GB,2,Recovery,54.0,0.0,21.5,Denial of Service,System,00:05:54.120,354.12,615.7,0.0
Slowloris (HTTP),Raspberry Pi 4B 2GB,2,Recovery,55.0,0.0,21.5,Denial of Service,System,00:05:55.130,355.13,615.7,0.087890625
Slowloris (HTTP),Raspberry Pi 4B 2GB,2,Recovery,54.5,0.0,21.5,Denial of Service,System,00:05:56.140,356.14,615.7,1.4140625
Slowloris (HTTP),Raspberry Pi 4B 2GB,2,Recovery,54.5,0.0,21.5,Denial of Service,System,00:05:57.150,357.15,615.7,0.0
Slowloris (HTTP),Raspberry Pi 4B 2GB,2,Recovery,54.5,0.0,21.5,Denial of Service,System,00:05:58.160,358.16,615.69,0.0
Slowloris (HTTP),Raspberry Pi 4B 2GB,2,Recovery,54.5,0.0,21.5,Denial of Service,System,00:05:59.170,359.17,615.69,0.0
Slowloris (HTTP),Raspberry Pi 4B 2GB,2,Recovery,54.5,0.0,21.5,Denial of Service,System,00:06:00.180,360.18,615.69,0.087890625
Slowloris (HTTP),Raspberry Pi 4B 2GB,2,Recovery,54.5,0.0,21.5,Denial of Service,System,00:06:01.190,361.19,615.69,0.0
Slowloris (HTTP),Raspberry Pi 4B 2GB,2,Recovery,54.5,0.0,21.5,Denial of Service,System,00:06:02.200,362.2,615.68,0.0
Slowloris (HTTP),Raspberry Pi 4B 2GB,2,Recovery,54.5,0.0,21.5,Denial of Service,System,00:06:03.210,363.21,615.83,0.0
