Attack Type,Attack,Host,Run,Mode,CPU Power (W),CPU Temperature (°C),CPU Usage (%),GPU Memory Usage (%),GPU Temperature (°C),GPU Usage (%),Memory Usage (%),Power (W),CPU Graphics Power (W),CPU Temperature Core #1 (°C),CPU Temperature Core #2 (°C),CPU Temperature Core #3 (°C),CPU Temperature Core #4 (°C),CPU Temperature (m°C),CPU Power Cores (W),CPU Usage Idle (%),CPU Usage System (%),CPU Usage User (%),CPU Usage Wait %,Current (A),Current (mA),Disk mmcblk0 Block Size (Ko),Disk mmcblk0 Read (Ko/s),Disk mmcblk0 Transfers,Disk mmcblk0 Usage (%),Disk mmcblk0 Write (Ko/s),Disk mmcblk0p1 Block Size (Ko),Disk mmcblk0p1 Read (Ko/s),Disk mmcblk0p1 Transfers,Disk mmcblk0p1 Usage (%),Disk mmcblk0p1 Write (Ko/s),Disk mmcblk0p2 Block Size (Ko),Disk mmcblk0p2 Read (Ko/s),Disk mmcblk0p2 Transfers,Disk mmcblk0p2 Usage (%),Disk mmcblk0p2 Write (Ko/s),Disk mmcblk1 Block Size (Ko),Disk mmcblk1 Read (Ko/s),Disk mmcblk1 Transfers,Disk mmcblk1 Usage (%),Disk mmcblk1 Write (Ko/s),Disk mmcblk1p1 Block Size (Ko),Disk mmcblk1p1 Read (Ko/s),Disk mmcblk1p1 Transfers,Disk mmcblk1p1 Usage (%),Disk mmcblk1p1 Write (Ko/s),Disk mmcblk1p2 Block Size (Ko),Disk mmcblk1p2 Read (Ko/s),Disk mmcblk1p2 Transfers,Disk mmcblk1p2 Usage (%),Disk mmcblk1p2 Write (Ko/s),Disk Read (Mo/s),Disk Write (Mo/s),Encrypted Disk Usage (%),Encrypted Files,Encrypted Files Size (Mo),Encryption Speed (o/s),GPU Power (W),JFS boot/firmware Usage (%),JFS dev Usage (%),JFS run Usage (%),JFS Usage (%),Memory Active (Mo),Memory Buffers (Mo),Memory Cached (Mo),Memory Free (Mo),Memory Inactive (Mo),Memory Usage (Mo),Network (Ko/s),Network eth0 Received (Ko/s),Network eth0 Sent (Ko/s),Network lo Received (Ko/s),Network lo Sent (Ko/s),Network wlan0 Received (Ko/s),Network wlan0 Sent (Ko/s),Network Packet eth0 Received,Network Packet eth0 Sent,Network Packet lo Received,Network Packet lo Sent,Network Packet wlan0 Received,Network Packet wlan0 Sent,Process Execs,Process Forks,Process Switches,Processes Blocked,Processes Runnable,Swap Free (Mo),Swap Usage (Mo),Voltage (V),Voltage Adjusted (V)
Cryptojacking,CoinIMP (CPU) (0%),ASUS Zenbook UX51VZ,1,Idle,3.57,42.0,,,0.42,,,,0.01,41.36,41.29,41.25,41.56,,1.13,,,,,,,,,,,,,,,,,,,,,,,,,,,,,,,,,,,,,,,,,,,,,,,,,,,,,,,,,,,,,,,,,,,,,,,,,,,
Cryptojacking,CoinIMP (CPU) (10%),ASUS Zenbook UX51VZ,1,Attack,8.47,61.22,,,0.25,,,,0.01,60.28,60.21,58.16,59.91,,5.58,,,,,,,,,,,,,,,,,,,,,,,,,,,,,,,,,,,,,,,,,,,,,,,,,,,,,,,,,,,,,,,,,,,,,,,,,,,
Cryptojacking,CoinIMP (CPU) (100%),ASUS Zenbook UX51VZ,1,Attack,17.7,79.57,,,0.48,,,,0.01,77.77,79.45,78.74,77.31,,13.68,,,,,,,,,,,,,,,,,,,,,,,,,,,,,,,,,,,,,,,,,,,,,,,,,,,,,,,,,,,,,,,,,,,,,,,,,,,
Cryptojacking,CoinIMP (CPU) (100%),Apple M1 Pro,1,Attack,,59.0,100.0,,,,,,,,,,,,,,,,,,,,,,,,,,,,,,,,,,,,,,,,,,,,,,,,,,,,,,,,,,,,,,,,,,,,,,,,,,,,,,,,,,,,,,,
Cryptojacking,CoinIMP (CPU) (100%),Apple M1 Pro,1,Idle,,37.0,12.0,,,,,,,,,,,,,,,,,,,,,,,,,,,,,,,,,,,,,,,,,,,,,,,,,,,,,,,,,,,,,,,,,,,,,,,,,,,,,,,,,,,,,,,
Cryptojacking,CoinIMP (CPU) (100%),Apple MacBook Pro i7 2013,1,Attack,,65.26,39.4,,,,54.19,62.99,,,,,,,,,,,,,,,,,,,,,,,,,,,,,,,,,,,,,,,,,,,,,,,,,,,,,,,,,,,,,,,,,,,,,,,,,,,,,,,,,,
Cryptojacking,CoinIMP (CPU) (100%),Apple MacBook Pro i7 2013,1,Idle,,41.4,5.08,,,,44.85,19.02,,,,,,,,,,,,,,,,,,,,,,,,,,,,,,,,,,,,,,,,,,,,,,,,,,,,,,,,,,,,,,,,,,,,,,,,,,,,,,,,,,
Cryptojacking,CoinIMP (CPU) (100%),Apple MacBook Pro i7 2013,1,Idle_browser_open,,42.44,4.18,,,,52.45,18.66,,,,,,,,,,,,,,,,,,,,,,,,,,,,,,,,,,,,,,,,,,,,,,,,,,,,,,,,,,,,,,,,,,,,,,,,,,,,,,,,,,
Cryptojacking,CoinIMP (CPU) (100%),Apple MacBook Pro i7 2013,1,Idle_buffer,,39.54,5.95,,,,45.09,,,,,,,,,,,,,,,,,,,,,,,,,,,,,,,,,,,,,,,,,,,,,,,,,,,,,,,,,,,,,,,,,,,,,,,,,,,,,,,,,,,
Cryptojacking,CoinIMP (CPU) (100%),Apple MacBook Pro i7 2013,1,Recovery,,49.29,3.44,,,,52.86,18.86,,,,,,,,,,,,,,,,,,,,,,,,,,,,,,,,,,,,,,,,,,,,,,,,,,,,,,,,,,,,,,,,,,,,,,,,,,,,,,,,,,
Cryptojacking,CoinIMP (CPU) (100%),Raspberry Pi 3B 1GB,1,Attack,,77.32,98.1,,,,46.42,4.91,,,,,,,,,,,,0.98,,,,,,,,,,,,,,,,,,,,,,,,,,,,,,,,,,,,,,,,,,,,,,,,,,,,,,,,,,,,,,,,,,,,,2.52,0.1
Cryptojacking,CoinIMP (CPU) (100%),Raspberry Pi 3B 1GB,1,Idle,,50.31,25.1,,,,18.28,0.8,,,,,,,,,,,,0.16,,,,,,,,,,,,,,,,,,,,,,,,,,,,,,,,,,,,,,,,,,,,,,,,,,,,,,,,,,,,,,,,,,,,,2.43,0.02
Cryptojacking,CoinIMP (CPU) (100%),Raspberry Pi 3B 1GB,1,Idle_browser_open,,52.19,32.09,,,,42.05,1.9,,,,,,,,,,,,0.38,,,,,,,,,,,,,,,,,,,,,,,,,,,,,,,,,,,,,,,,,,,,,,,,,,,,,,,,,,,,,,,,,,,,,2.45,0.04
Cryptojacking,CoinIMP (CPU) (100%),Raspberry Pi 3B 1GB,1,Recovery,,59.29,25.65,,,,18.12,2.28,,,,,,,,,,,,0.46,,,,,,,,,,,,,,,,,,,,,,,,,,,,,,,,,,,,,,,,,,,,,,,,,,,,,,,,,,,,,,,,,,,,,2.46,0.05
Cryptojacking,CoinIMP (CPU) (20%),ASUS Zenbook UX51VZ,1,Attack,13.61,70.42,,,0.3,,,,0.25,68.37,69.46,67.55,68.56,,10.02,,,,,,,,,,,,,,,,,,,,,,,,,,,,,,,,,,,,,,,,,,,,,,,,,,,,,,,,,,,,,,,,,,,,,,,,,,,
Cryptojacking,CoinIMP (CPU) (30%),ASUS Zenbook UX51VZ,1,Attack,16.3,76.83,,,0.0,,,,0.0,74.81,75.65,73.81,74.59,,12.76,,,,,,,,,,,,,,,,,,,,,,,,,,,,,,,,,,,,,,,,,,,,,,,,,,,,,,,,,,,,,,,,,,,,,,,,,,,
Cryptojacking,CoinIMP (CPU) (40%),ASUS Zenbook UX51VZ,1,Attack,16.67,77.79,,,0.53,,,,0.01,75.48,77.14,74.9,75.09,,13.04,,,,,,,,,,,,,,,,,,,,,,,,,,,,,,,,,,,,,,,,,,,,,,,,,,,,,,,,,,,,,,,,,,,,,,,,,,,
Cryptojacking,CoinIMP (CPU) (50%),ASUS Zenbook UX51VZ,1,Attack,17.97,77.57,,,0.34,,,,0.0,75.35,77.0,74.8,75.13,,14.33,,,,,,,,,,,,,,,,,,,,,,,,,,,,,,,,,,,,,,,,,,,,,,,,,,,,,,,,,,,,,,,,,,,,,,,,,,,
Cryptojacking,GMiner (GPU),HP Victus 16-d0417nf,1,Attack,24.74,69.71,20.13,77.5,57.35,40.53,83.87,,0.04,64.46,65.74,64.3,64.81,,18.63,,,,,,,,,,,,,,,,,,,,,,,,,,,,,,,,,,,,,,,,,,,,,,,,,,,,,,,,,,,,,,,,,,,,,,,,,,,
Cryptojacking,GMiner (GPU),HP Victus 16-d0417nf,1,Idle,15.35,59.22,9.44,2.4,4.26,0.0,46.97,,0.01,53.26,53.87,52.06,52.3,,10.78,,,,,,,,,,,,,,,,,,,,,,,,,,,,,,,,,,,,,,,,,,,,,,,,,,,,,,,,,,,,,,,,,,,,,,,,,,,
Cryptojacking,GMiner (GPU),HP Victus 16-d0417nf,1,Recovery,15.22,60.35,9.41,2.41,3.68,0.05,27.71,,0.02,54.27,55.98,53.98,53.42,,10.53,,,,,,,,,,,,,,,,,,,,,,,,,,,,,,,,,,,,,,,,,,,,,,,,,,,,,,,,,,,,,,,,,,,,,,,,,,,
Cryptojacking,NBMiner (GPU),HP Victus 16-d0417nf,1,Attack,14.55,62.97,2.01,79.85,53.83,80.48,64.5,,0.03,57.74,58.42,57.35,57.01,,8.8,,,,,,,,,,,,,,,,,,,,,,,,,,,,,,,,,,,,,,,,,,,,,,,,,,,,,,,,,,,,,,,,,,,,,,,,,,,
Cryptojacking,NBMiner (GPU),HP Victus 16-d0417nf,1,Idle,15.17,57.26,5.75,2.4,2.27,0.0,56.17,,0.03,50.01,51.71,49.46,50.5,,11.26,,,,,,,,,,,,,,,,,,,,,,,,,,,,,,,,,,,,,,,,,,,,,,,,,,,,,,,,,,,,,,,,,,,,,,,,,,,
Cryptojacking,NBMiner (GPU),HP Victus 16-d0417nf,1,Recovery,16.84,62.2,6.13,3.99,4.81,7.69,55.41,,0.02,54.23,55.65,54.49,54.52,,12.83,,,,,,,,,,,,,,,,,,,,,,,,,,,,,,,,,,,,,,,,,,,,,,,,,,,,,,,,,,,,,,,,,,,,,,,,,,,
Cryptojacking,NiceHash (GPU),HP Victus 16-d0417nf,1,Attack,8.3,62.52,1.7,77.25,63.53,92.49,65.52,,0.09,57.18,58.53,56.79,56.47,,3.54,,,,,,,,,,,,,,,,,,,,,,,,,,,,,,,,,,,,,,,,,,,,,,,,,,,,,,,,,,,,,,,,,,,,,,,,,,,
Cryptojacking,NiceHash (GPU),HP Victus 16-d0417nf,1,Idle,16.95,59.08,6.35,2.4,12.69,0.14,64.22,,0.07,53.46,54.37,51.08,50.2,,12.49,,,,,,,,,,,,,,,,,,,,,,,,,,,,,,,,,,,,,,,,,,,,,,,,,,,,,,,,,,,,,,,,,,,,,,,,,,,
Cryptojacking,NiceHash (GPU),HP Victus 16-d0417nf,1,Recovery,15.73,62.69,6.1,2.4,3.46,0.25,62.28,,0.04,56.66,56.33,53.48,51.9,,11.33,,,,,,,,,,,,,,,,,,,,,,,,,,,,,,,,,,,,,,,,,,,,,,,,,,,,,,,,,,,,,,,,,,,,,,,,,,,
Cryptojacking,OneZeroMiner (GPU),HP Victus 16-d0417nf,1,Attack,12.81,51.6,30.55,74.65,49.04,87.15,69.99,,0.03,47.63,50.21,47.53,48.78,,8.33,,,,,,,,,,,,,,,,,,,,,,,,,,,,,,,,,,,,,,,,,,,,,,,,,,,,,,,,,,,,,,,,,,,,,,,,,,,
Cryptojacking,OneZeroMiner (GPU),HP Victus 16-d0417nf,1,Idle,6.43,46.94,8.46,2.4,33.92,0.0,65.13,,0.1,40.53,41.16,40.2,40.43,,2.48,,,,,,,,,,,,,,,,,,,,,,,,,,,,,,,,,,,,,,,,,,,,,,,,,,,,,,,,,,,,,,,,,,,,,,,,,,,
Cryptojacking,OneZeroMiner (GPU),HP Victus 16-d0417nf,1,Recovery,6.37,46.23,10.44,9.35,35.64,8.39,65.29,,0.06,39.97,40.89,39.77,39.91,,2.91,,,,,,,,,,,,,,,,,,,,,,,,,,,,,,,,,,,,,,,,,,,,,,,,,,,,,,,,,,,,,,,,,,,,,,,,,,,
Cryptojacking,SRBMiner Multi (GPU),HP Victus 16-d0417nf,1,Attack,18.19,72.7,11.71,45.79,62.98,91.91,75.8,,0.04,59.99,61.45,63.07,63.89,,13.31,,,,,,,,,,,,,,,,,,,,,,,,,,,,,,,,,,,,,,,,,,,,,,,,,,,,,,,,,,,,,,,,,,,,,,,,,,,
Cryptojacking,SRBMiner Multi (GPU),HP Victus 16-d0417nf,1,Idle,15.84,51.99,11.24,2.4,2.72,0.0,73.19,,0.0,45.34,46.22,45.19,45.34,,11.71,,,,,,,,,,,,,,,,,,,,,,,,,,,,,,,,,,,,,,,,,,,,,,,,,,,,,,,,,,,,,,,,,,,,,,,,,,,
Cryptojacking,SRBMiner Multi (GPU),HP Victus 16-d0417nf,1,Recovery,16.85,60.64,12.1,4.22,5.27,3.24,77.47,,0.01,54.81,55.04,54.24,53.79,,12.52,,,,,,,,,,,,,,,,,,,,,,,,,,,,,,,,,,,,,,,,,,,,,,,,,,,,,,,,,,,,,,,,,,,,,,,,,,,
Cryptojacking,T-Rex (GPU),ASUS Zenbook UX51VZ,1,Attack,22.25,83.93,89.36,7.93,57.8,47.65,77.03,,2.32,81.36,83.89,82.59,82.06,,15.95,,,,,,,,,,,,,,,,,,,,,,,,,,,,,,,,,,,,,,,,,,,,,,,,,,,,,,,,,,,,,,,,,,,,,,,,,,,
Cryptojacking,T-Rex (GPU),ASUS Zenbook UX51VZ,1,Idle,5.11,58.25,6.06,2.0,0.0,0.0,51.25,,0.06,57.24,57.23,56.47,57.33,,2.45,,,,,,,,,,,,,,,,,,,,,,,,,,,,,,,,,,,,,,,,,,,,,,,,,,,,,,,,,,,,,,,,,,,,,,,,,,,
Cryptojacking,T-Rex (GPU),Windows 11 i7 GeForce RTX 4060 Laptop,1,Attack,,67.5,100.0,,,98.5,75.0,,,,,,,,,,,,,,,,,,,,,,,,,,,,,,,,,,,,,,,,,,,,,,,,,,,42.5,,,,,,,,,,,,,,,,,,,,,,,,,,,,,,,,
Cryptojacking,T-Rex (GPU),Windows 11 i7 GeForce RTX 4060 Laptop,1,Idle,,50.0,10.0,,,1.0,19.0,,,,,,,,,,,,,,,,,,,,,,,,,,,,,,,,,,,,,,,,,,,,,,,,,,,10.0,,,,,,,,,,,,,,,,,,,,,,,,,,,,,,,,
Cryptojacking,WildRig Multi (GPU),HP Victus 16-d0417nf,1,Attack,7.06,48.56,4.51,70.51,46.55,89.78,60.71,,0.06,42.58,43.37,42.6,42.43,,3.25,,,,,,,,,,,,,,,,,,,,,,,,,,,,,,,,,,,,,,,,,,,,,,,,,,,,,,,,,,,,,,,,,,,,,,,,,,,
Cryptojacking,WildRig Multi (GPU),HP Victus 16-d0417nf,1,Idle,5.01,44.78,3.41,2.4,28.56,0.0,57.72,,0.05,38.78,39.26,37.55,38.18,,1.94,,,,,,,,,,,,,,,,,,,,,,,,,,,,,,,,,,,,,,,,,,,,,,,,,,,,,,,,,,,,,,,,,,,,,,,,,,,
Cryptojacking,WildRig Multi (GPU),HP Victus 16-d0417nf,1,Recovery,5.91,48.3,4.0,12.2,33.16,10.16,57.81,,0.06,41.83,42.52,41.5,41.52,,2.51,,,,,,,,,,,,,,,,,,,,,,,,,,,,,,,,,,,,,,,,,,,,,,,,,,,,,,,,,,,,,,,,,,,,,,,,,,,
Cryptojacking,XMRig (CPU),Raspberry Pi 3B 1GB,1,Attack,,84.4,100.0,,,,37.61,,,,,,,,,,,,,,,,,,,,,,,,,,,,,,,,,,,,,,,,,,,,,,,,,,,,,,,,,,,,,,,,,,,,,,,,,,,,,,,,,,,
Cryptojacking,XMRig (CPU),Raspberry Pi 3B 1GB,1,Idle,,50.5,1.12,,,,17.87,,,,,,,,,,,,,,,,,,,,,,,,,,,,,,,,,,,,,,,,,,,,,,,,,,,,,,,,,,,,,,,,,,,,,,,,,,,,,,,,,,,
Cryptojacking,XMRig (CPU),Raspberry Pi 4B 2GB,1,Attack,,81.3,100.0,,,,23.44,,,,,,,,,,,,,,,,,,,,,,,,,,,,,,,,,,,,,,,,,,,,,,,,,,,,,,,,,,,,,,,,,,,,,,,,,,,,,,,,,,,
Cryptojacking,XMRig (CPU),Raspberry Pi 4B 2GB,1,Idle,,43.8,0.5,,,,8.33,,,,,,,,,,,,,,,,,,,,,,,,,,,,,,,,,,,,,,,,,,,,,,,,,,,,,,,,,,,,,,,,,,,,,,,,,,,,,,,,,,,
Cryptojacking,XMRig (CPU),Raspberry Pi 4B 4GB,1,Attack,,,100.0,,,,29.73,,,,,,,,,,,,,,,,,,,,,,,,,,,,,,,,,,,,,,,,,,,,,,,,,,,,,,,,,,,,,,,,,,,,,,,,,,,,,,,,,,,
Cryptojacking,XMRig (CPU),Raspberry Pi 4B 4GB,1,Idle,,,0.1,,,,5.86,,,,,,,,,,,,,,,,,,,,,,,,,,,,,,,,,,,,,,,,,,,,,,,,,,,,,,,,,,,,,,,,,,,,,,,,,,,,,,,,,,,
Cryptojacking,XMRig (CPU),Raspberry Pi 4B 4GB,2,Attack,,,100.0,,,,70.54,,,,,,,,,,,,,,,,,,,,,,,,,,,,,,,,,,,,,,,,,,,,,,,,,,,,,,,,,,,,,,,,,,,,,,,,,,,,,,,,,,,
Cryptojacking,XMRig (CPU),Raspberry Pi 4B 4GB,2,Idle,,,1.1,,,,7.05,,,,,,,,,,,,,,,,,,,,,,,,,,,,,,,,,,,,,,,,,,,,,,,,,,,,,,,,,,,,,,,,,,,,,,,,,,,,,,,,,,,
Cryptojacking,XMRig (CPU),Raspberry Pi 4B 4GB,3,Attack,,83.7,100.0,,,10.0,83.75,,,,,,,,,,,,,,,,,,,,,,,,,,,,,,,,,,,,,,,,,,,,,,,,,,,,,,,,,,,,,,,,,,,,,,,,,,,,,,,,,,,
Cryptojacking,XMRig (CPU),Raspberry Pi 4B 4GB,3,Idle,,55.0,1.0,,,1.0,11.08,,,,,,,,,,,,,,,,,,,,,,,,,,,,,,,,,,,,,,,,,,,,,,,,,,,,,,,,,,,,,,,,,,,,,,,,,,,,,,,,,,,
Cryptojacking,XMRig (CPU),Raspberry Pi 5,1,Attack,,63.63,100.0,,,,86.75,,,,,,,,,,,,,,,,,,,,,,,,,,,,,,,,,,,,,,,,,,,,,,,,,,,,,,,,,,,,,,,,,,,,,,,,,,,,,,,,,,,
Cryptojacking,XMRig (CPU),Raspberry Pi 5,1,Idle,,48.18,1.2,,,,27.95,,,,,,,,,,,,,,,,,,,,,,,,,,,,,,,,,,,,,,,,,,,,,,,,,,,,,,,,,,,,,,,,,,,,,,,,,,,,,,,,,,,
Cryptojacking,lolMiner (GPU),HP Victus 16-d0417nf,1,Attack,20.38,80.57,10.33,86.22,62.81,92.13,66.11,,0.02,74.93,69.98,65.72,63.24,,15.54,,,,,,,,,,,,,,,,,,,,,,,,,,,,,,,,,,,,,,,,,,,,,,,,,,,,,,,,,,,,,,,,,,,,,,,,,,,
Cryptojacking,lolMiner (GPU),HP Victus 16-d0417nf,1,Idle,13.22,54.8,8.54,2.4,5.01,21.67,65.11,,0.06,50.38,49.46,46.18,46.5,,9.08,,,,,,,,,,,,,,,,,,,,,,,,,,,,,,,,,,,,,,,,,,,,,,,,,,,,,,,,,,,,,,,,,,,,,,,,,,,
Cryptojacking,lolMiner (GPU),HP Victus 16-d0417nf,1,Recovery,13.87,59.94,8.96,2.4,3.0,16.8,63.11,,0.05,52.99,55.68,50.42,50.48,,9.63,,,,,,,,,,,,,,,,,,,,,,,,,,,,,,,,,,,,,,,,,,,,,,,,,,,,,,,,,,,,,,,,,,,,,,,,,,,
Cryptojacking,miniZ (GPU),HP Victus 16-d0417nf,1,Attack,24.78,75.92,15.81,51.52,42.92,0.36,68.54,,0.08,64.91,72.02,59.47,60.74,,20.06,,,,,,,,,,,,,,,,,,,,,,,,,,,,,,,,,,,,,,,,,,,,,,,,,,,,,,,,,,,,,,,,,,,,,,,,,,,
Cryptojacking,miniZ (GPU),HP Victus 16-d0417nf,1,Idle,18.85,63.43,12.27,2.4,4.11,0.0,65.46,,0.05,56.06,59.21,51.61,52.1,,14.51,,,,,,,,,,,,,,,,,,,,,,,,,,,,,,,,,,,,,,,,,,,,,,,,,,,,,,,,,,,,,,,,,,,,,,,,,,,
Cryptojacking,miniZ (GPU),HP Victus 16-d0417nf,1,Recovery,25.24,73.75,16.01,37.88,29.15,0.0,68.36,,0.11,65.7,69.5,59.8,57.2,,20.72,,,,,,,,,,,,,,,,,,,,,,,,,,,,,,,,,,,,,,,,,,,,,,,,,,,,,,,,,,,,,,,,,,,,,,,,,,,
Denial of Service,GoldenEye (HTTP),Raspberry Pi 4B 4GB,1,Attack,,45.22,25.16,,,,19.97,3.86,,,,,,45216.12,,74.84,3.35,20.18,1.61,0.77,772.82,5.08,1884.5,23.08,2.3,6.88,0.0,0.0,0.0,0.0,0.0,5.08,1884.5,23.08,2.3,6.88,,,,,,,,,,,,,,,,,,,,,,,28.0,0.0,0.2,8.5,47.67,12.44,84.35,3031.08,604.58,3787.2,,0.0,0.0,0.0,0.0,0.03,-0.12,0.0,0.0,0.0,0.0,0.42,0.62,0.0,2.06,1216.23,0.16,3.38,0.0,0.0,,
Denial of Service,GoldenEye (HTTP),Raspberry Pi 4B 4GB,1,Idle,,42.94,0.36,,,,6.19,2.93,,,,,,42936.96,,99.64,0.22,0.09,0.04,0.59,586.21,2.79,16.22,1.57,0.24,7.95,0.0,0.0,0.0,0.0,0.0,2.79,16.22,1.57,0.24,7.95,,,,,,,,,,,,,,,,,,,,,,,28.0,0.0,0.2,8.5,51.95,13.22,90.32,3552.74,74.54,3787.2,,0.0,0.0,0.0,0.0,0.01,-0.01,0.0,0.0,0.0,0.0,0.1,0.08,0.0,2.18,112.56,0.0,1.01,0.0,0.0,,
Denial of Service,GoldenEye (HTTP),Raspberry Pi 4B 4GB,1,Recovery,,45.63,0.31,,,,4.49,3.28,,,,,,45627.64,,99.69,0.2,0.04,0.05,0.66,655.46,3.89,14.43,1.31,0.25,8.0,0.0,0.0,0.0,0.0,0.0,3.89,14.43,1.31,0.26,8.0,,,,,,,,,,,,,,,,,,,,,,,28.0,0.0,0.2,8.5,14.91,4.36,32.1,3617.02,44.25,3787.2,,0.0,0.0,0.0,0.0,0.09,-0.09,0.0,0.0,0.0,0.0,1.32,0.82,0.0,2.13,146.45,0.0,1.0,0.0,0.0,,
Denial of Service,Goloris (HTTP),HOSAFE HX-2PT1,1,Attack,,,,,,,,1.29,,,,,,,,,,,,0.11,107.22,,,,,,,,,,,,,,,,,,,,,,,,,,,,,,,,,,,,,,,,,,,,,,,,,,,,,,,,,,,,,,,,,,,,,
Denial of Service,Goloris (HTTP),HOSAFE HX-2PT1,1,Idle,,,,,,,,1.2,,,,,,,,,,,,0.1,99.61,,,,,,,,,,,,,,,,,,,,,,,,,,,,,,,,,,,,,,,,,,,,,,,,,,,,,,,,,,,,,,,,,,,,,
Denial of Service,Goloris (HTTP),HOSAFE HX-2PT1,1,Recovery,,,,,,,,1.06,,,,,,,,,,,,0.09,88.74,,,,,,,,,,,,,,,,,,,,,,,,,,,,,,,,,,,,,,,,,,,,,,,,,,,,,,,,,,,,,,,,,,,,,
Denial of Service,Goloris (HTTP),Raspberry Pi 4B 4GB,1,Attack,,,1.34,,,,5.83,3.09,,,,,,,,98.66,0.98,0.34,0.04,0.62,618.78,,,,,,,,,,,,,,,,3.1,2.63,0.92,0.16,7.08,0.0,0.0,0.0,0.0,0.0,3.1,2.63,0.92,0.16,7.08,,,,,,,,28.0,0.0,0.2,5.5,41.08,11.5,77.47,3566.32,80.16,3787.2,,0.0,0.0,0.0,0.0,5.78,-9.42,0.0,0.0,0.0,0.0,112.61,120.52,0.0,0.05,3376.31,0.1,1.41,0.0,0.0,,
Denial of Service,Goloris (HTTP),Raspberry Pi 4B 4GB,1,Idle,,,0.16,,,,5.43,2.43,,,,,,,,99.84,0.07,0.04,0.05,0.49,485.8,,,,,,,,,,,,,,,,4.37,16.8,1.21,0.25,10.42,0.0,0.0,0.0,0.0,0.0,4.37,16.8,1.21,0.25,10.42,,,,,,,,28.0,0.0,0.2,5.5,40.74,11.18,73.37,3581.38,65.87,3787.2,,0.0,0.0,0.0,0.0,0.0,-0.0,0.0,0.0,0.0,0.0,0.02,0.02,0.0,0.08,60.51,0.02,1.0,0.0,0.0,,
Denial of Service,Goloris (HTTP),Raspberry Pi 4B 4GB,1,Recovery,,,0.09,,,,5.41,2.53,,,,,,,,99.91,0.04,0.01,0.03,0.51,506.56,,,,,,,,,,,,,,,,2.07,0.0,0.81,0.14,6.24,0.0,0.0,0.0,0.0,0.0,2.07,0.0,0.81,0.14,6.24,,,,,,,,28.0,0.0,0.2,5.5,41.39,11.82,77.63,3582.48,69.74,3787.2,,0.0,0.0,0.0,0.0,0.01,-0.5,0.0,0.0,0.0,0.0,0.22,7.82,0.0,0.06,67.85,0.0,1.0,0.0,0.0,,
Denial of Service,HULK (HTTP),Raspberry Pi 4B 4GB,1,Attack,,41.34,0.26,,,,6.3,2.89,,,,,,41339.61,,99.74,0.17,0.04,0.03,0.58,578.4,2.6,0.0,1.1,0.2,8.43,0.0,0.0,0.0,0.0,0.0,2.6,0.0,1.1,0.2,8.43,,,,,,,,,,,,,,,,,,,,,,,28.0,0.0,0.2,8.5,49.41,12.48,89.56,3548.53,79.13,3787.2,,0.0,0.0,0.0,0.0,0.01,-0.0,0.0,0.0,0.0,0.0,0.08,0.02,0.0,2.04,105.11,0.01,1.01,0.0,0.0,,
Denial of Service,HULK (HTTP),Raspberry Pi 4B 4GB,1,Idle,,40.72,0.31,,,,5.9,2.9,,,,,,40718.68,,99.69,0.19,0.06,0.06,0.58,580.77,4.0,42.9,1.93,0.34,10.18,0.0,0.0,0.0,0.0,0.0,4.0,42.9,1.93,0.35,10.18,,,,,,,,,,,,,,,,,,,,,,,28.0,0.0,0.2,8.5,48.49,11.57,83.6,3563.85,68.9,3787.2,,0.0,0.0,0.0,0.0,0.0,-0.0,0.0,0.0,0.0,0.0,0.06,0.02,0.0,2.0,108.27,0.0,1.0,0.0,0.0,,
Denial of Service,HULK (HTTP),Raspberry Pi 4B 4GB,1,Recovery,,41.68,0.27,,,,6.19,2.91,,,,,,41682.17,,99.73,0.18,0.05,0.03,0.58,582.24,2.36,0.12,1.12,0.18,8.77,0.0,0.0,0.0,0.0,0.0,2.36,0.12,1.12,0.18,8.77,,,,,,,,,,,,,,,,,,,,,,,28.0,0.0,0.2,8.5,49.73,12.79,89.71,3552.93,74.93,3787.2,,0.0,0.0,0.0,0.0,0.01,-0.01,0.0,0.0,0.0,0.0,0.1,0.04,0.0,2.06,106.82,0.0,1.01,0.0,0.0,,
Denial of Service,Hping3 (SYN),D-Link DIR-822,1,Attack,,,,,,,,4.4,,,,,,,,,,,,,,,,,,,,,,,,,,,,,,,,,,,,,,,,,,,,,,,,,,,,,,,,,,,,,,,,,,,,,,,,,,,,,,,,,,
Denial of Service,Hping3 (SYN),D-Link DIR-822,1,Idle,,,,,,,,2.9,,,,,,,,,,,,,,,,,,,,,,,,,,,,,,,,,,,,,,,,,,,,,,,,,,,,,,,,,,,,,,,,,,,,,,,,,,,,,,,,,,
Denial of Service,Hping3 (SYN),HOSAFE HX-2PT1,1,Attack,,,,,,,,3.6,,,,,,,,,,,,,,,,,,,,,,,,,,,,,,,,,,,,,,,,,,,,,,,,,,,,,,,,,,,,,,,,,,,,,,,,,,,,,,,,,,
Denial of Service,Hping3 (SYN),HOSAFE HX-2PT1,1,Idle,,,,,,,,3.51,,,,,,,,,,,,,,,,,,,,,,,,,,,,,,,,,,,,,,,,,,,,,,,,,,,,,,,,,,,,,,,,,,,,,,,,,,,,,,,,,,
Denial of Service,Hping3 (SYN),Huawei H151-381,1,Attack,,,,,,,,2.02,,,,,,,,,,,,,,,,,,,,,,,,,,,,,,,,,,,,,,,,,,,,,,,,,,,,,,,,,,,,,,,,,,,,,,,,,,,,,,,,,,
Denial of Service,Hping3 (SYN),Huawei H151-381,1,Idle,,,,,,,,1.64,,,,,,,,,,,,,,,,,,,,,,,,,,,,,,,,,,,,,,,,,,,,,,,,,,,,,,,,,,,,,,,,,,,,,,,,,,,,,,,,,,
Denial of Service,Hping3 (SYN),TP-Link Tapo C200,1,Attack,,,,,,,,0.5,,,,,,,,,,,,,,,,,,,,,,,,,,,,,,,,,,,,,,,,,,,,,,,,,,,,,,,,,,,,,,,,,,,,,,,,,,,,,,,,,,
Denial of Service,Hping3 (SYN),TP-Link Tapo C200,1,Idle,,,,,,,,0.48,,,,,,,,,,,,,,,,,,,,,,,,,,,,,,,,,,,,,,,,,,,,,,,,,,,,,,,,,,,,,,,,,,,,,,,,,,,,,,,,,,
Denial of Service,MHDDoS (ICMP),HOSAFE HX-2PT1,1,Attack,,,,,,,,1.28,,,,,,,,,,,,0.11,106.8,,,,,,,,,,,,,,,,,,,,,,,,,,,,,,,,,,,,,,,,,,,,,,,,,,,,,,,,,,,,,,,,,,,,,
Denial of Service,MHDDoS (ICMP),HOSAFE HX-2PT1,1,Idle,,,,,,,,1.26,,,,,,,,,,,,0.11,105.24,,,,,,,,,,,,,,,,,,,,,,,,,,,,,,,,,,,,,,,,,,,,,,,,,,,,,,,,,,,,,,,,,,,,,
Denial of Service,MHDDoS (ICMP),HOSAFE HX-2PT1,1,Recovery,,,,,,,,1.08,,,,,,,,,,,,0.09,89.95,,,,,,,,,,,,,,,,,,,,,,,,,,,,,,,,,,,,,,,,,,,,,,,,,,,,,,,,,,,,,,,,,,,,,
Denial of Service,MHDDoS (ICMP),Raspberry Pi 4B 4GB,1,Attack,,,43.71,,,,8.08,4.88,,,,,,,,56.29,29.84,13.85,0.02,0.98,976.69,,,,,,,,,,,,,,,,2.94,0.0,0.81,0.16,6.92,0.0,0.0,0.0,0.0,0.0,2.94,0.0,0.81,0.16,6.92,,,,,,,,28.0,0.0,0.2,7.7,70.21,15.01,145.82,3481.27,140.6,3787.2,,0.0,0.0,0.0,0.0,184.06,-12455.43,0.0,0.0,0.0,0.0,288.21,19617.57,0.0,0.07,39821.25,0.0,2.74,0.0,0.0,,
Denial of Service,MHDDoS (ICMP),Raspberry Pi 4B 4GB,1,Idle,,,0.16,,,,7.41,2.32,,,,,,,,99.84,0.06,0.08,0.02,0.46,464.65,,,,,,,,,,,,,,,,2.66,0.0,0.72,0.12,6.0,0.0,0.0,0.0,0.0,0.0,2.66,0.0,0.72,0.12,6.0,,,,,,,,28.0,0.0,0.2,7.7,69.9,14.69,145.67,3506.73,113.06,3787.2,,0.0,0.0,0.0,0.0,0.01,-0.0,0.0,0.0,0.0,0.0,0.06,0.01,0.0,0.02,50.43,0.0,1.01,0.0,0.0,,
Denial of Service,MHDDoS (ICMP),Raspberry Pi 4B 4GB,1,Recovery,,,0.08,,,,7.08,2.51,,,,,,,,99.92,0.04,0.02,0.02,0.5,502.09,,,,,,,,,,,,,,,,2.29,0.0,0.7,0.12,5.48,0.0,0.0,0.0,0.0,0.0,2.29,0.0,0.7,0.12,5.48,,,,,,,,28.0,0.0,0.2,7.7,70.53,15.32,145.94,3519.14,112.93,3787.2,,0.0,0.0,0.0,0.0,0.58,-0.0,0.0,0.0,0.0,0.0,1.02,0.02,0.0,0.06,54.13,0.0,1.01,0.0,0.0,,
Denial of Service,MHDDoS (TCP),HOSAFE HX-2PT1,1,Attack,,,,,,,,1.54,,,,,,,,,,,,0.13,127.93,,,,,,,,,,,,,,,,,,,,,,,,,,,,,,,,,,,,,,,,,,,,,,,,,,,,,,,,,,,,,,,,,,,,,
Denial of Service,MHDDoS (TCP),HOSAFE HX-2PT1,1,Idle,,,,,,,,1.18,,,,,,,,,,,,0.1,97.96,,,,,,,,,,,,,,,,,,,,,,,,,,,,,,,,,,,,,,,,,,,,,,,,,,,,,,,,,,,,,,,,,,,,,
Denial of Service,MHDDoS (TCP),HOSAFE HX-2PT1,1,Recovery,,,,,,,,1.19,,,,,,,,,,,,0.1,99.49,,,,,,,,,,,,,,,,,,,,,,,,,,,,,,,,,,,,,,,,,,,,,,,,,,,,,,,,,,,,,,,,,,,,,
Denial of Service,MHDDoS (TCP),Raspberry Pi 4B 4GB,1,Attack,,,40.21,,,,28.4,4.64,,,,,,,,59.79,29.82,10.37,0.03,0.93,928.54,,,,,,,,,,,,,,,,2.86,0.0,0.9,0.17,6.88,0.0,0.0,0.0,0.0,0.0,2.8,0.0,0.9,0.17,6.88,,,,,,,,28.0,0.0,0.2,7.7,168.28,41.87,823.64,2711.5,746.87,3787.2,,0.0,0.0,0.0,0.0,50.1,-11242.06,0.0,0.0,0.0,0.0,981.71,7651.49,0.0,0.09,44315.51,0.0,2.66,0.0,0.0,,
Denial of Service,MHDDoS (TCP),Raspberry Pi 4B 4GB,1,Idle,,,0.22,,,,27.54,2.46,,,,,,,,99.78,0.06,0.1,0.05,0.49,492.88,,,,,,,,,,,,,,,,3.24,8.22,1.66,0.25,12.12,0.0,0.0,0.0,0.0,0.0,3.24,8.22,1.66,0.26,12.12,,,,,,,,28.0,0.0,0.2,7.7,168.15,41.74,823.49,2744.06,719.3,3787.2,,0.0,0.0,0.0,0.0,0.0,-0.0,0.0,0.0,0.0,0.0,0.04,0.02,0.0,0.06,51.69,0.0,1.01,0.0,0.0,,
Denial of Service,MHDDoS (TCP),Raspberry Pi 4B 4GB,1,Recovery,,,0.07,,,,27.34,2.46,,,,,,,,99.93,0.03,0.01,0.03,0.49,491.37,,,,,,,,,,,,,,,,2.9,0.0,0.63,0.12,5.76,0.0,0.0,0.0,0.0,0.0,2.9,0.0,0.63,0.12,5.76,,,,,,,,28.0,0.0,0.2,7.7,168.8,42.0,823.76,2751.7,718.95,3787.2,,0.0,0.0,0.0,0.0,0.0,-0.0,0.0,0.0,0.0,0.0,0.02,0.0,0.0,0.0,42.51,0.0,1.0,0.0,0.0,,
Denial of Service,MHDDoS (UDP),HOSAFE HX-2PT1,1,Attack,,,,,,,,1.45,,,,,,,,,,,,0.12,120.5,,,,,,,,,,,,,,,,,,,,,,,,,,,,,,,,,,,,,,,,,,,,,,,,,,,,,,,,,,,,,,,,,,,,,
Denial of Service,MHDDoS (UDP),HOSAFE HX-2PT1,1,Idle,,,,,,,,1.33,,,,,,,,,,,,0.11,110.53,,,,,,,,,,,,,,,,,,,,,,,,,,,,,,,,,,,,,,,,,,,,,,,,,,,,,,,,,,,,,,,,,,,,,
Denial of Service,MHDDoS (UDP),HOSAFE HX-2PT1,1,Recovery,,,,,,,,1.25,,,,,,,,,,,,0.1,104.07,,,,,,,,,,,,,,,,,,,,,,,,,,,,,,,,,,,,,,,,,,,,,,,,,,,,,,,,,,,,,,,,,,,,,
Denial of Service,MHDDoS (UDP),Raspberry Pi 4B 4GB,1,Attack,,,43.1,,,,8.33,3.55,,,,,,,,56.9,30.12,12.96,0.02,0.71,709.26,,,,,,,,,,,,,,,,3.48,0.02,1.21,0.24,9.79,0.0,0.0,0.0,0.0,0.0,3.48,0.02,1.21,0.24,9.79,,,,,,,,28.0,0.0,0.2,7.7,68.61,13.84,145.38,3471.88,142.98,3787.2,,0.0,0.0,3.14,-3.14,0.01,-0.06,0.0,0.0,5.61,5.61,0.07,1.5,0.0,0.06,50633.4,0.0,2.83,0.0,0.0,,
Denial of Service,MHDDoS (UDP),Raspberry Pi 4B 4GB,1,Idle,,,0.17,,,,7.53,2.43,,,,,,,,99.83,0.05,0.09,0.03,0.49,486.9,,,,,,,,,,,,,,,,3.25,0.0,0.72,0.12,6.42,0.0,0.0,0.0,0.0,0.0,3.25,0.0,0.72,0.12,6.42,,,,,,,,28.0,0.0,0.2,7.7,68.26,13.53,145.25,3502.07,112.97,3787.2,,0.0,0.0,0.0,-0.0,0.01,-0.0,0.0,0.0,0.02,0.02,0.09,0.09,0.0,0.02,51.37,0.0,1.0,0.0,0.0,,
Denial of Service,MHDDoS (UDP),Raspberry Pi 4B 4GB,1,Recovery,,,0.08,,,,7.5,2.37,,,,,,,,99.92,0.03,0.02,0.02,0.47,473.75,,,,,,,,,,,,,,,,2.14,0.0,0.63,0.11,4.75,0.0,0.0,0.0,0.0,0.0,2.14,0.0,0.63,0.12,4.75,,,,,,,,28.0,0.0,0.2,7.7,69.26,14.16,145.52,3503.01,112.58,3787.2,,0.0,0.0,0.16,-0.16,0.01,-0.01,0.0,0.0,0.29,0.29,0.13,0.08,0.0,0.04,48.54,0.0,1.0,0.0,0.0,,
Denial of Service,PyFlooder (HTTP),Raspberry Pi 4B 8GB,1,Attack,,49.37,33.45,,,,2.73,,,,,,,,,,,,,,,,,,,,,,,,,,,,,,,,,,,,,,,,,,,,,,,,,,,,,,,,,,,,,,,,,,,,,,,,,,,,,,,,,,,
Denial of Service,PyFlooder (HTTP),Raspberry Pi 4B 8GB,1,Idle,,44.17,24.62,,,,2.64,,,,,,,,,,,,,,,,,,,,,,,,,,,,,,,,,,,,,,,,,,,,,,,,,,,,,,,,,,,,,,,,,,,,,,,,,,,,,,,,,,,
Denial of Service,PyFlooder (HTTP),Raspberry Pi 4B 8GB,1,Recovery,,48.28,24.63,,,,2.81,,,,,,,,,,,,,,,,,,,,,,,,,,,,,,,,,,,,,,,,,,,,,,,,,,,,,,,,,,,,,,,,,,,,,,,,,,,,,,,,,,,
Denial of Service,Slowloris (HTTP),Raspberry Pi 4B 2GB,1,Attack,,56.37,5.63,,,,19.5,3.12,,,,,,,,,,,,0.62,,,,,,,,,,,,,,,,,,,,,,,,,,,,,,,,,,,,,,,,,,,,,,,,542.05,5.33,,,,,,,,,,,,,,,,,,,,2.38,
Denial of Service,Slowloris (HTTP),Raspberry Pi 4B 2GB,1,Idle,,55.79,1.3,,,,19.29,2.87,,,,,,,,,,,,0.57,,,,,,,,,,,,,,,,,,,,,,,,,,,,,,,,,,,,,,,,,,,,,,,,537.79,0.38,,,,,,,,,,,,,,,,,,,,2.39,
Denial of Service,Slowloris (HTTP),Raspberry Pi 4B 2GB,1,Recovery,,55.65,0.32,,,,19.3,2.85,,,,,,,,,,,,0.57,,,,,,,,,,,,,,,,,,,,,,,,,,,,,,,,,,,,,,,,,,,,,,,,540.44,0.73,,,,,,,,,,,,,,,,,,,,2.39,
Denial of Service,Slowloris (HTTP),Raspberry Pi 4B 2GB,2,Attack,,55.06,0.56,,,,22.02,2.92,,,,,,,,,,,,0.58,,,,,,,,,,,,,,,,,,,,,,,,,,,,,,,,,,,,,,,,,,,,,,,,634.99,8.76,,,,,,,,,,,,,,,,,,,,2.39,
Denial of Service,Slowloris (HTTP),Raspberry Pi 4B 2GB,2,Idle,,55.37,1.64,,,,22.11,2.88,,,,,,,,,,,,0.58,,,,,,,,,,,,,,,,,,,,,,,,,,,,,,,,,,,,,,,,,,,,,,,,635.17,0.57,,,,,,,,,,,,,,,,,,,,2.39,
Denial of Service,Slowloris (HTTP),Raspberry Pi 4B 2GB,2,Recovery,,55.01,0.33,,,,21.52,2.79,,,,,,,,,,,,0.56,,,,,,,,,,,,,,,,,,,,,,,,,,,,,,,,,,,,,,,,,,,,,,,,616.04,2.14,,,,,,,,,,,,,,,,,,,,2.4,
Denial of Service,Slowloris (HTTP),Raspberry Pi 4B 2GB,3,Attack,,54.84,0.53,,,,21.82,2.99,,,,,,,,,,,,0.6,,,,,,,,,,,,,,,,,,,,,,,,,,,,,,,,,,,,,,,,,,,,,,,,632.65,13.46,,,,,,,,,,,,,,,,,,,,2.39,
Denial of Service,Slowloris (HTTP),Raspberry Pi 4B 2GB,3,Idle,,54.82,0.14,,,,21.51,2.78,,,,,,,,,,,,0.55,,,,,,,,,,,,,,,,,,,,,,,,,,,,,,,,,,,,,,,,,,,,,,,,620.98,0.36,,,,,,,,,,,,,,,,,,,,2.4,
Denial of Service,Slowloris (HTTP),Raspberry Pi 4B 2GB,3,Recovery,,54.97,0.34,,,,21.6,2.83,,,,,,,,,,,,0.56,,,,,,,,,,,,,,,,,,,,,,,,,,,,,,,,,,,,,,,,,,,,,,,,625.08,8.16,,,,,,,,,,,,,,,,,,,,2.4,
Ransomware,Bstry,Raspberry Pi 4B 2GB,1,Attack,,55.64,19.13,,,,20.33,3.4,,,,,,,,,,,,0.68,,,,,,,,,,,,,,,,,,,,,,,,,,,,,,,,0.0,0.32,50.09,260.56,0.66,151188.0,,,,,,,,,,,584.21,0.0,,,,,,,,,,,,,,,,,,,,2.38,
Ransomware,Bstry,Raspberry Pi 4B 2GB,1,Idle,,54.72,0.38,,,,20.25,2.75,,,,,,,,,,,,0.55,,,,,,,,,,,,,,,,,,,,,,,,,,,,,,,,0.0,0.02,0.0,0.0,0.0,0.0,,,,,,,,,,,580.92,0.0,,,,,,,,,,,,,,,,,,,,2.4,
Ransomware,Bstry,Raspberry Pi 4B 2GB,1,Recovery,,55.1,0.45,,,,20.3,2.73,,,,,,,,,,,,0.55,,,,,,,,,,,,,,,,,,,,,,,,,,,,,,,,0.0,0.02,95.2,500.0,1.3,0.0,,,,,,,,,,,582.2,0.0,,,,,,,,,,,,,,,,,,,,2.4,
Ransomware,Jigsaw,Raspberry Pi 4B 4GB,1,Attack,,70.1,92.0,,,,66.0,4.2,,,,,,,,,,,,,,,,,,,,,,,,,,,,,,,,,,,,,,,,,,,,,,,,,,,,,,,,,,,,745.0,,,,,,,,,,,,,,,,,,,,,,
Ransomware,Jigsaw,Raspberry Pi 4B 4GB,1,Idle,,48.4,11.0,,,,10.0,2.0,,,,,,,,,,,,,,,,,,,,,,,,,,,,,,,,,,,,,,,,,,,,,,,,,,,,,,,,,,,,176.0,,,,,,,,,,,,,,,,,,,,,,
Ransomware,Jigsaw,Raspberry Pi 4B 4GB,1,Recovery,,52.8,18.0,,,,14.0,2.2,,,,,,,,,,,,,,,,,,,,,,,,,,,,,,,,,,,,,,,,,,,,,,,,,,,,,,,,,,,,201.0,,,,,,,,,,,,,,,,,,,,,,
Ransomware,Jigsaw,Windows 10 VM,1,Attack,,70.5,93.0,,,,68.0,4.4,,,,,,,,,,,,,,,,,,,,,,,,,,,,,,,,,,,,,,,,,,,,,,,,,,,,,,,,,,,,755.0,,,,,,,,,,,,,,,,,,,,,,
Ransomware,Jigsaw,Windows 10 VM,1,Idle,,49.8,12.0,,,,11.0,2.2,,,,,,,,,,,,,,,,,,,,,,,,,,,,,,,,,,,,,,,,,,,,,,,,,,,,,,,,,,,,179.0,,,,,,,,,,,,,,,,,,,,,,
Ransomware,Jigsaw,Windows 10 VM,1,Recovery,,53.3,20.0,,,,15.0,2.3,,,,,,,,,,,,,,,,,,,,,,,,,,,,,,,,,,,,,,,,,,,,,,,,,,,,,,,,,,,,207.0,,,,,,,,,,,,,,,,,,,,,,
Ransomware,Petya,Raspberry Pi 4B 4GB,1,Attack,,70.2,94.0,,,,67.0,4.4,,,,,,,,,,,,,,,,,,,,,,,,,,,,,,,,,,,,,,,,,,,,,,,,,,,,,,,,,,,,771.0,,,,,,,,,,,,,,,,,,,,,,
Ransomware,Petya,Raspberry Pi 4B 4GB,1,Idle,,48.1,11.0,,,,10.0,2.0,,,,,,,,,,,,,,,,,,,,,,,,,,,,,,,,,,,,,,,,,,,,,,,,,,,,,,,,,,,,175.0,,,,,,,,,,,,,,,,,,,,,,
Ransomware,Petya,Raspberry Pi 4B 4GB,1,Recovery,,52.9,19.0,,,,14.0,2.3,,,,,,,,,,,,,,,,,,,,,,,,,,,,,,,,,,,,,,,,,,,,,,,,,,,,,,,,,,,,198.0,,,,,,,,,,,,,,,,,,,,,,
Ransomware,Petya,Windows 10 VM,1,Attack,,71.8,97.0,,,,69.0,4.6,,,,,,,,,,,,,,,,,,,,,,,,,,,,,,,,,,,,,,,,,,,,,,,,,,,,,,,,,,,,789.0,,,,,,,,,,,,,,,,,,,,,,
Ransomware,Petya,Windows 10 VM,1,Idle,,48.9,12.0,,,,11.0,2.1,,,,,,,,,,,,,,,,,,,,,,,,,,,,,,,,,,,,,,,,,,,,,,,,,,,,,,,,,,,,182.0,,,,,,,,,,,,,,,,,,,,,,
Ransomware,Petya,Windows 10 VM,1,Recovery,,54.1,19.0,,,,15.0,2.4,,,,,,,,,,,,,,,,,,,,,,,,,,,,,,,,,,,,,,,,,,,,,,,,,,,,,,,,,,,,203.0,,,,,,,,,,,,,,,,,,,,,,
Ransomware,Randomware,Raspberry Pi 4B 2GB,1,Attack,,58.15,1.22,,,,20.2,3.45,,,,,,,,,,,,0.69,,,,,,,,,,,,,,,,,,,,,,,,,,,,,,,,0.0,0.37,67.83,561.4,1.36,204863.4,,,,,,,,,,,607.08,0.0,,,,,,,,,,,,,,,,,,,,2.37,
Ransomware,Randomware,Raspberry Pi 4B 2GB,1,Idle,,57.62,0.35,,,,20.21,3.18,,,,,,,,,,,,0.64,,,,,,,,,,,,,,,,,,,,,,,,,,,,,,,,0.0,0.02,0.0,0.0,0.0,0.0,,,,,,,,,,,608.48,0.0,,,,,,,,,,,,,,,,,,,,2.38,
Ransomware,Randomware,Raspberry Pi 4B 2GB,1,Recovery,,58.49,0.72,,,,20.2,3.29,,,,,,,,,,,,0.66,,,,,,,,,,,,,,,,,,,,,,,,,,,,,,,,0.0,0.02,96.9,802.0,1.95,0.0,,,,,,,,,,,606.7,0.0,,,,,,,,,,,,,,,,,,,,2.38,
Ransomware,Ransomware-PoC,Raspberry Pi 4B 2GB,1,Attack,,65.42,23.38,,,,21.48,3.86,,,,,,,,,,,,0.77,,,,,,,,,,,,,,,,,,,,,,,,,,,,,,,,0.0,1.25,16.2,370.36,,1797196.41,,,,,,,,,,,636.4,0.0,,,,,,,,,,,,,,,,,,,,2.36,
Ransomware,Ransomware-PoC,Raspberry Pi 4B 2GB,1,Idle,,59.51,0.32,,,,21.33,3.26,,,,,,,,,,,,0.65,,,,,,,,,,,,,,,,,,,,,,,,,,,,,,,,0.0,0.0,0.0,0.0,,0.0,,,,,,,,,,,631.22,0.0,,,,,,,,,,,,,,,,,,,,2.38,
Ransomware,Ransomware-PoC,Raspberry Pi 4B 2GB,1,Recovery,,63.61,0.15,,,,21.3,3.28,,,,,,,,,,,,0.66,,,,,,,,,,,,,,,,,,,,,,,,,,,,,,,,0.0,1.08,39.27,1417.0,,0.0,,,,,,,,,,,630.28,0.0,,,,,,,,,,,,,,,,,,,,2.38,
Ransomware,Ransomware-PoC,Raspberry Pi 4B 2GB,2,Attack,,66.28,25.13,,,,22.36,5.81,,,,,,,,,,,,1.16,,,,,,,,,,,,,,,,,,,,,,,,,,,,,,,,0.0,1.85,17.48,419.86,87.97,1880687.42,,,,,,,,,,,649.27,0.0,,,,,,,,,,,,,,,,,,,,2.28,
Ransomware,Ransomware-PoC,Raspberry Pi 4B 2GB,2,Idle,,59.63,0.26,,,,21.66,4.49,,,,,,,,,,,,0.9,,,,,,,,,,,,,,,,,,,,,,,,,,,,,,,,0.0,0.01,0.0,0.0,0.0,0.0,,,,,,,,,,,631.59,0.0,,,,,,,,,,,,,,,,,,,,2.33,
Ransomware,Ransomware-PoC,Raspberry Pi 4B 2GB,2,Recovery,,63.78,0.09,,,,21.93,4.58,,,,,,,,,,,,0.92,,,,,,,,,,,,,,,,,,,,,,,,,,,,,,,,0.0,0.03,38.49,1432.0,193.7,0.0,,,,,,,,,,,645.24,0.0,,,,,,,,,,,,,,,,,,,,2.33,
Ransomware,Rex,Raspberry Pi 4B 4GB,1,Attack,,72.5,94.0,,,,70.0,4.6,,,,,,,,,,,,,,,,,,,,,,,,,,,,,,,,,,,,,,,,,,,,,,,,,,,,,,,,,,,,790.0,,,,,,,,,,,,,,,,,,,,,,
Ransomware,Rex,Raspberry Pi 4B 4GB,1,Idle,,49.6,12.0,,,,11.0,2.1,,,,,,,,,,,,,,,,,,,,,,,,,,,,,,,,,,,,,,,,,,,,,,,,,,,,,,,,,,,,181.0,,,,,,,,,,,,,,,,,,,,,,
Ransomware,Rex,Raspberry Pi 4B 4GB,1,Recovery,,53.9,21.0,,,,15.0,2.4,,,,,,,,,,,,,,,,,,,,,,,,,,,,,,,,,,,,,,,,,,,,,,,,,,,,,,,,,,,,205.0,,,,,,,,,,,,,,,,,,,,,,
Ransomware,Rex,Windows 10 VM,1,Attack,,73.9,99.0,,,,72.0,4.9,,,,,,,,,,,,,,,,,,,,,,,,,,,,,,,,,,,,,,,,,,,,,,,,,,,,,,,,,,,,812.0,,,,,,,,,,,,,,,,,,,,,,
Ransomware,Rex,Windows 10 VM,1,Idle,,50.7,14.0,,,,13.0,2.3,,,,,,,,,,,,,,,,,,,,,,,,,,,,,,,,,,,,,,,,,,,,,,,,,,,,,,,,,,,,190.0,,,,,,,,,,,,,,,,,,,,,,
Ransomware,Rex,Windows 10 VM,1,Recovery,,55.2,22.0,,,,16.0,2.6,,,,,,,,,,,,,,,,,,,,,,,,,,,,,,,,,,,,,,,,,,,,,,,,,,,,,,,,,,,,211.0,,,,,,,,,,,,,,,,,,,,,,
Ransomware,Thanos,Raspberry Pi 4B 4GB,1,Attack,,73.3,96.0,,,,71.0,4.8,,,,,,,,,,,,,,,,,,,,,,,,,,,,,,,,,,,,,,,,,,,,,,,,,,,,,,,,,,,,799.0,,,,,,,,,,,,,,,,,,,,,,
Ransomware,Thanos,Raspberry Pi 4B 4GB,1,Idle,,49.2,12.0,,,,12.0,2.2,,,,,,,,,,,,,,,,,,,,,,,,,,,,,,,,,,,,,,,,,,,,,,,,,,,,,,,,,,,,182.0,,,,,,,,,,,,,,,,,,,,,,
Ransomware,Thanos,Raspberry Pi 4B 4GB,1,Recovery,,54.0,22.0,,,,16.0,2.5,,,,,,,,,,,,,,,,,,,,,,,,,,,,,,,,,,,,,,,,,,,,,,,,,,,,,,,,,,,,210.0,,,,,,,,,,,,,,,,,,,,,,
Ransomware,Thanos,Windows 10 VM,1,Attack,,75.4,96.0,,,,74.0,5.1,,,,,,,,,,,,,,,,,,,,,,,,,,,,,,,,,,,,,,,,,,,,,,,,,,,,,,,,,,,,820.0,,,,,,,,,,,,,,,,,,,,,,
Ransomware,Thanos,Windows 10 VM,1,Idle,,50.1,15.0,,,,13.0,2.3,,,,,,,,,,,,,,,,,,,,,,,,,,,,,,,,,,,,,,,,,,,,,,,,,,,,,,,,,,,,188.0,,,,,,,,,,,,,,,,,,,,,,
Ransomware,Thanos,Windows 10 VM,1,Recovery,,54.9,23.0,,,,17.0,2.6,,,,,,,,,,,,,,,,,,,,,,,,,,,,,,,,,,,,,,,,,,,,,,,,,,,,,,,,,,,,215.0,,,,,,,,,,,,,,,,,,,,,,
Ransomware,WannaCry,Raspberry Pi 4B 4GB,1,Attack,,71.4,95.0,,,,69.0,4.5,,,,,,,,,,,,,,,,,,,,,,,,,,,,,,,,,,,,,,,,,,,,,,,,,,,,,,,,,,,,782.0,,,,,,,,,,,,,,,,,,,,,,
Ransomware,WannaCry,Raspberry Pi 4B 4GB,1,Idle,,48.7,13.0,,,,11.0,2.1,,,,,,,,,,,,,,,,,,,,,,,,,,,,,,,,,,,,,,,,,,,,,,,,,,,,,,,,,,,,180.0,,,,,,,,,,,,,,,,,,,,,,
Ransomware,WannaCry,Raspberry Pi 4B 4GB,1,Recovery,,53.5,20.0,,,,15.0,2.4,,,,,,,,,,,,,,,,,,,,,,,,,,,,,,,,,,,,,,,,,,,,,,,,,,,,,,,,,,,,202.0,,,,,,,,,,,,,,,,,,,,,,
Ransomware,WannaCry,Windows 10 VM,1,Attack,,72.6,98.0,,,,71.0,4.8,,,,,,,,,,,,,,,,,,,,,,,,,,,,,,,,,,,,,,,,,,,,,,,,,,,,,,,,,,,,794.0,,,,,,,,,,,,,,,,,,,,,,
Ransomware,WannaCry,Windows 10 VM,1,Idle,,49.3,13.0,,,,12.0,2.2,,,,,,,,,,,,,,,,,,,,,,,,,,,,,,,,,,,,,,,,,,,,,,,,,,,,,,,,,,,,183.0,,,,,,,,,,,,,,,,,,,,,,
Ransomware,WannaCry,Windows 10 VM,1,Recovery,,53.8,21.0,,,,16.0,2.5,,,,,,,,,,,,,,,,,,,,,,,,,,,,,,,,,,,,,,,,,,,,,,,,,,,,,,,,,,,,208.0,,,,,,,,,,,,,,,,,,,,,,
