Attack,Host,Run,Mode,Power (W),Attack Type,Measurement,Timestamp,Relative Time (s),Current (A),Voltage (V)
Ransomware-PoC,Raspberry Pi 4B 2GB,1,Idle,3.67,Ransomware,ACS712,00:00:00.000,0.0,0.73,2.36
Ransomware-PoC,Raspberry Pi 4B 2GB,1,Idle,4.08,Ransomware,ACS712,00:00:00.830,0.83,0.82,2.35
Ransomware-PoC,Raspberry Pi 4B 2GB,1,Idle,3.82,Ransomware,ACS712,00:00:01.930,1.93,0.76,2.36
Ransomware-PoC,Raspberry Pi 4B 2GB,1,Idle,3.71,Ransomware,ACS712,00:00:03.040,3.04,0.74,2.36
Ransomware-PoC,Raspberry Pi 4B 2GB,1,Idle,4.02,Ransomware,ACS712,00:00:04.140,4.14,0.8,2.35
Ransomware-PoC,Raspberry Pi 4B 2GB,1,Idle,3.71,Ransomware,ACS712,00:00:05.240,5.24,0.74,2.36
Ransomware-PoC,Raspberry Pi 4B 2GB,1,Idle,3.46,Ransomware,ACS712,00:00:06.340,6.34,0.69,2.37
Ransomware-PoC,Raspberry Pi 4B 2GB,1,Idle,3.42,Ransomware,ACS712,00:00:07.440,7.44,0.68,2.37
Ransomware-PoC,Raspberry Pi 4B 2GB,1,Idle,2.93,Ransomware,ACS712,00:00:08.550,8.55,0.59,2.39
Ransomware-PoC,Raspberry Pi 4B 2GB,1,Idle,3.16,Ransomware,ACS712,00:00:09.650,9.65,0.63,2.38
Ransomware-PoC,Raspberry Pi 4B 2GB,1,Idle,3.17,Ransomware,ACS712,00:00:10.750,10.75,0.63,2.38
Ransomware-PoC,Raspberry Pi 4B 2GB,1,Idle,3.37,Ransomware,ACS712,00:00:11.850,11.85,0.67,2.38
Ransomware-PoC,Raspberry Pi 4B 2GB,1,Idle,3.32,Ransomware,ACS712,00:00:12.950,12.95,0.66,2.38
Ransomware-PoC,Raspberry Pi 4B 2GB,1,Idle,3.16,Ransomware,ACS712,00:00:14.050,14.05,0.63,2.38
Ransomware-PoC,Raspberry Pi 4B 2GB,1,Idle,3.32,Ransomware,ACS712,00:00:15.150,15.15,0.66,2.38
Ransomware-PoC,Raspberry Pi 4B 2GB,1,Idle,3.49,Ransomware,ACS712,00:00:16.250,16.25,0.7,2.37
Ransomware-PoC,Raspberry Pi 4B 2GB,1,Idle,3.28,Ransomware,ACS712,00:00:17.360,17.36,0.66,2.38
Ransomware-PoC,Raspberry Pi 4B 2GB,1,Idle,3.03,Ransomware,ACS712,00:00:18.460,18.46,0.61,2.39
Ransomware-PoC,Raspberry Pi 4B 2GB,1,Idle,3.12,Ransomware,ACS712,00:00:19.560,19.56,0.62,2.38
Ransomware-PoC,Raspberry Pi 4B 2GB,1,Idle,3.32,Ransomware,ACS712,00:00:20.660,20.66,0.66,2.38
Ransomware-PoC,Raspberry Pi 4B 2GB,1,Idle,3.47,Ransomware,ACS712,00:00:21.760,21.76,0.69,2.37
Ransomware-PoC,Raspberry Pi 4B 2GB,1,Idle,2.93,Ransomware,ACS712,00:00:22.860,22.86,0.59,2.39
Ransomware-PoC,Raspberry Pi 4B 2GB,1,Idle,2.88,Ransomware,ACS712,00:00:23.970,23.97,0.58,2.39
Ransomware-PoC,Raspberry Pi 4B 2GB,1,Idle,3.26,Ransomware,ACS712,00:00:25.070,25.07,0.65,2.38
Ransomware-PoC,Raspberry Pi 4B 2GB,1,Idle,3.47,Ransomware,ACS712,00:00:26.170,26.17,0.69,2.37
Ransomware-PoC,Raspberry Pi 4B 2GB,1,Idle,2.89,Ransomware,ACS712,00:00:27.270,27.27,0.58,2.39
Ransomware-PoC,Raspberry Pi 4B 2GB,1,Idle,2.97,Ransomware,ACS712,00:00:28.370,28.37,0.59,2.39
Ransomware-PoC,Raspberry Pi 4B 2GB,1,Idle,3.39,Ransomware,ACS712,00:00:29.470,29.47,0.68,2.37
Ransomware-PoC,Raspberry Pi 4B 2GB,1,Idle,3.08,Ransomware,ACS712,00:00:30.580,30.58,0.62,2.39
Ransomware-PoC,Raspberry Pi 4B 2GB,1,Idle,3.14,Ransomware,ACS712,00:00:31.680,31.68,0.63,2.38
Ransomware-PoC,Raspberry Pi 4B 2GB,1,Idle,3.13,Ransomware,ACS712,00:00:32.780,32.78,0.63,2.38
Ransomware-PoC,Raspberry Pi 4B 2GB,1,Idle,3.54,Ransomware,ACS712,00:00:33.880,33.88,0.71,2.37
Ransomware-PoC,Raspberry Pi 4B 2GB,1,Idle,3.49,Ransomware,ACS712,00:00:34.980,34.98,0.7,2.37
Ransomware-PoC,Raspberry Pi 4B 2GB,1,Idle,2.84,Ransomware,ACS712,00:00:36.090,36.09,0.57,2.39
Ransomware-PoC,Raspberry Pi 4B 2GB,1,Idle,3.46,Ransomware,ACS712,00:00:37.190,37.19,0.69,2.37
Ransomware-PoC,Raspberry Pi 4B 2GB,1,Idle,3.59,Ransomware,ACS712,00:00:38.290,38.29,0.72,2.37
Ransomware-PoC,Raspberry Pi 4B 2GB,1,Idle,3.59,Ransomware,ACS712,00:00:39.390,39.39,0.72,2.37
Ransomware-PoC,Raspberry Pi 4B 2GB,1,Idle,3.21,Ransomware,ACS712,00:00:40.490,40.49,0.64,2.38
Ransomware-PoC,Raspberry Pi 4B 2GB,1,Idle,2.71,Ransomware,ACS712,00:00:41.600,41.6,0.54,2.4
Ransomware-PoC,Raspberry Pi 4B 2GB,1,Idle,3.12,Ransomware,ACS712,00:00:42.700,42.7,0.62,2.38
Ransomware-PoC,Raspberry Pi 4B 2GB,1,Idle,2.95,Ransomware,ACS712,00:00:43.800,43.8,0.59,2.39
Ransomware-PoC,Raspberry Pi 4B 2GB,1,Idle,2.99,Ransomware,ACS712,00:00:44.900,44.9,0.6,2.39
Ransomware-PoC,Raspberry Pi 4B 2GB,1,Idle,3.04,Ransomware,ACS712,00:00:46.000,46.0,0.61,2.39
Ransomware-PoC,Raspberry Pi 4B 2GB,1,Idle,3.08,Ransomware,ACS712,00:00:47.100,47.1,0.62,2.39
Ransomware-PoC,Raspberry Pi 4B 2GB,1,Idle,3.62,Ransomware,ACS712,00:00:48.210,48.21,0.72,2.37
Ransomware-PoC,Raspberry Pi 4B 2GB,1,Idle,3.47,Ransomware,ACS712,00:00:49.310,49.31,0.69,2.37
Ransomware-PoC,Raspberry Pi 4B 2GB,1,Idle,3.0,Ransomware,ACS712,00:00:50.410,50.41,0.6,2.39
Ransomware-PoC,Raspberry Pi 4B 2GB,1,Idle,3.58,Ransomware,ACS712,00:00:51.510,51.51,0.72,2.37
Ransomware-PoC,Raspberry Pi 4B 2GB,1,Idle,2.68,Ransomware,ACS712,00:00:52.610,52.61,0.54,2.4
Ransomware-PoC,Raspberry Pi 4B 2GB,1,Idle,3.04,Ransomware,ACS712,00:00:53.710,53.71,0.61,2.39
Ransomware-PoC,Raspberry Pi 4B 2GB,1,Idle,2.93,Ransomware,ACS712,00:00:54.820,54.82,0.59,2.39
Ransomware-PoC,Raspberry Pi 4B 2GB,1,Idle,3.09,Ransomware,ACS712,00:00:55.920,55.92,0.62,2.39
Ransomware-PoC,Raspberry Pi 4B 2GB,1,Idle,3.14,Ransomware,ACS712,00:00:57.020,57.02,0.63,2.38
Ransomware-PoC,Raspberry Pi 4B 2GB,1,Idle,2.6,Ransomware,ACS712,00:00:58.120,58.12,0.52,2.4
Ransomware-PoC,Raspberry Pi 4B 2GB,1,Idle,3.41,Ransomware,ACS712,00:00:59.220,59.22,0.68,2.37
Ransomware-PoC,Raspberry Pi 4B 2GB,1,Attack,3.5,Ransomware,ACS712,00:01:00.330,60.33,0.7,2.37
Ransomware-PoC,Raspberry Pi 4B 2GB,1,Attack,2.99,Ransomware,ACS712,00:01:01.430,61.43,0.6,2.39
Ransomware-PoC,Raspberry Pi 4B 2GB,1,Attack,3.16,Ransomware,ACS712,00:01:02.530,62.53,0.63,2.38
Ransomware-PoC,Raspberry Pi 4B 2GB,1,Attack,2.55,Ransomware,ACS712,00:01:03.630,63.63,0.51,2.41
Ransomware-PoC,Raspberry Pi 4B 2GB,1,Attack,3.26,Ransomware,ACS712,00:01:04.730,64.73,0.65,2.38
Ransomware-PoC,Raspberry Pi 4B 2GB,1,Attack,3.39,Ransomware,ACS712,00:01:05.830,65.83,0.68,2.37
Ransomware-PoC,Raspberry Pi 4B 2GB,1,Attack,3.53,Ransomware,ACS712,00:01:06.940,66.94,0.71,2.37
Ransomware-PoC,Raspberry Pi 4B 2GB,1,Attack,3.18,Ransomware,ACS712,00:01:08.040,68.04,0.64,2.38
Ransomware-PoC,Raspberry Pi 4B 2GB,1,Attack,3.37,Ransomware,ACS712,00:01:09.140,69.14,0.67,2.38
Ransomware-PoC,Raspberry Pi 4B 2GB,1,Attack,3.75,Ransomware,ACS712,00:01:10.240,70.24,0.75,2.36
Ransomware-PoC,Raspberry Pi 4B 2GB,1,Attack,3.9,Ransomware,ACS712,00:01:11.340,71.34,0.78,2.36
Ransomware-PoC,Raspberry Pi 4B 2GB,1,Attack,3.61,Ransomware,ACS712,00:01:12.440,72.44,0.72,2.37
Ransomware-PoC,Raspberry Pi 4B 2GB,1,Attack,3.73,Ransomware,ACS712,00:01:13.540,73.54,0.75,2.36
Ransomware-PoC,Raspberry Pi 4B 2GB,1,Attack,3.58,Ransomware,ACS712,00:01:14.640,74.64,0.72,2.37
Ransomware-PoC,Raspberry Pi 4B 2GB,1,Attack,3.75,Ransomware,ACS712,00:01:15.750,75.75,0.75,2.36
Ransomware-PoC,Raspberry Pi 4B 2GB,1,Attack,3.94,Ransomware,ACS712,00:01:16.850,76.85,0.79,2.35
Ransomware-PoC,Raspberry Pi 4B 2GB,1,Attack,4.02,Ransomware,ACS712,00:01:17.950,77.95,0.8,2.35
Ransomware-PoC,Raspberry Pi 4B 2GB,1,Attack,3.67,Ransomware,ACS712,00:01:19.050,79.05,0.73,2.36
Ransomware-PoC,Raspberry Pi 4B 2GB,1,Attack,3.71,Ransomware,ACS712,00:01:20.150,80.15,0.74,2.36
Ransomware-PoC,Raspberry Pi 4B 2GB,1,Attack,3.73,Ransomware,ACS712,00:01:21.260,81.26,0.75,2.36
Ransomware-PoC,Raspberry Pi 4B 2GB,1,Attack,3.71,Ransomware,ACS712,00:01:22.360,82.36,0.74,2.36
Ransomware-PoC,Raspberry Pi 4B 2GB,1,Attack,4.0,Ransomware,ACS712,00:01:23.460,83.46,0.8,2.35
Ransomware-PoC,Raspberry Pi 4B 2GB,1,Attack,3.92,Ransomware,ACS712,00:01:24.560,84.56,0.78,2.35
Ransomware-PoC,Raspberry Pi 4B 2GB,1,Attack,3.78,Ransomware,ACS712,00:01:25.660,85.66,0.76,2.36
Ransomware-PoC,Raspberry Pi 4B 2GB,1,Attack,3.75,Ransomware,ACS712,00:01:26.760,86.76,0.75,2.36
Ransomware-PoC,Raspberry Pi 4B 2GB,1,Attack,4.27,Ransomware,ACS712,00:01:27.870,87.87,0.85,2.34
Ransomware-PoC,Raspberry Pi 4B 2GB,1,Attack,4.27,Ransomware,ACS712,00:01:28.970,88.97,0.85,2.34
Ransomware-PoC,Raspberry Pi 4B 2GB,1,Attack,3.71,Ransomware,ACS712,00:01:30.070,90.07,0.74,2.36
Ransomware-PoC,Raspberry Pi 4B 2GB,1,Attack,3.62,Ransomware,ACS712,00:01:31.170,91.17,0.72,2.37
Ransomware-PoC,Raspberry Pi 4B 2GB,1,Attack,3.8,Ransomware,ACS712,00:01:32.270,92.27,0.76,2.36
Ransomware-PoC,Raspberry Pi 4B 2GB,1,Attack,4.19,Ransomware,ACS712,00:01:33.380,93.38,0.84,2.35
Ransomware-PoC,Raspberry Pi 4B 2GB,1,Attack,4.12,Ransomware,ACS712,00:01:34.480,94.48,0.82,2.35
Ransomware-PoC,Raspberry Pi 4B 2GB,1,Attack,4.13,Ransomware,ACS712,00:01:35.580,95.58,0.83,2.35
Ransomware-PoC,Raspberry Pi 4B 2GB,1,Attack,4.27,Ransomware,ACS712,00:01:36.680,96.68,0.85,2.34
Ransomware-PoC,Raspberry Pi 4B 2GB,1,Attack,3.99,Ransomware,ACS712,00:01:37.780,97.78,0.8,2.35
Ransomware-PoC,Raspberry Pi 4B 2GB,1,Attack,4.06,Ransomware,ACS712,00:01:38.880,98.88,0.81,2.35
Ransomware-PoC,Raspberry Pi 4B 2GB,1,Attack,4.37,Ransomware,ACS712,00:01:39.990,99.99,0.87,2.34
Ransomware-PoC,Raspberry Pi 4B 2GB,1,Attack,3.59,Ransomware,ACS712,00:01:41.090,101.09,0.72,2.37
Ransomware-PoC,Raspberry Pi 4B 2GB,1,Attack,4.15,Ransomware,ACS712,00:01:42.190,102.19,0.83,2.35
Ransomware-PoC,Raspberry Pi 4B 2GB,1,Attack,3.96,Ransomware,ACS712,00:01:43.290,103.29,0.79,2.35
Ransomware-PoC,Raspberry Pi 4B 2GB,1,Attack,3.66,Ransomware,ACS712,00:01:44.390,104.39,0.73,2.36
Ransomware-PoC,Raspberry Pi 4B 2GB,1,Attack,3.86,Ransomware,ACS712,00:01:45.490,105.49,0.77,2.36
Ransomware-PoC,Raspberry Pi 4B 2GB,1,Attack,3.87,Ransomware,ACS712,00:01:46.600,106.6,0.77,2.36
Ransomware-PoC,Raspberry Pi 4B 2GB,1,Attack,3.73,Ransomware,ACS712,00:01:47.700,107.7,0.75,2.36
Ransomware-PoC,Raspberry Pi 4B 2GB,1,Attack,3.87,Ransomware,ACS712,00:01:48.800,108.8,0.77,2.36
Ransomware-PoC,Raspberry Pi 4B 2GB,1,Attack,3.74,Ransomware,ACS712,00:01:49.900,109.9,0.75,2.36
Ransomware-PoC,Raspberry Pi 4B 2GB,1,Attack,4.0,Ransomware,ACS712,00:01:51.000,111.0,0.8,2.35
Ransomware-PoC,Raspberry Pi 4B 2GB,1,Attack,3.7,Ransomware,ACS712,00:01:52.110,112.11,0.74,2.36
Ransomware-PoC,Raspberry Pi 4B 2GB,1,Attack,3.98,Ransomware,ACS712,00:01:53.210,113.21,0.8,2.35
Ransomware-PoC,Raspberry Pi 4B 2GB,1,Attack,3.86,Ransomware,ACS712,00:01:54.310,114.31,0.77,2.36
Ransomware-PoC,Raspberry Pi 4B 2GB,1,Attack,3.96,Ransomware,ACS712,00:01:55.410,115.41,0.79,2.35
Ransomware-PoC,Raspberry Pi 4B 2GB,1,Attack,3.66,Ransomware,ACS712,00:01:56.510,116.51,0.73,2.36
Ransomware-PoC,Raspberry Pi 4B 2GB,1,Attack,3.74,Ransomware,ACS712,00:01:57.610,117.61,0.75,2.36
Ransomware-PoC,Raspberry Pi 4B 2GB,1,Attack,3.76,Ransomware,ACS712,00:01:58.720,118.72,0.75,2.36
Ransomware-PoC,Raspberry Pi 4B 2GB,1,Attack,3.84,Ransomware,ACS712,00:01:59.820,119.82,0.77,2.36
Ransomware-PoC,Raspberry Pi 4B 2GB,1,Attack,4.2,Ransomware,ACS712,00:02:00.920,120.92,0.84,2.34
Ransomware-PoC,Raspberry Pi 4B 2GB,1,Attack,4.04,Ransomware,ACS712,00:02:02.020,122.02,0.81,2.35
Ransomware-PoC,Raspberry Pi 4B 2GB,1,Attack,4.07,Ransomware,ACS712,00:02:03.120,123.12,0.81,2.35
Ransomware-PoC,Raspberry Pi 4B 2GB,1,Attack,3.96,Ransomware,ACS712,00:02:04.230,124.23,0.79,2.35
Ransomware-PoC,Raspberry Pi 4B 2GB,1,Attack,4.12,Ransomware,ACS712,00:02:05.320,125.32,0.82,2.35
Ransomware-PoC,Raspberry Pi 4B 2GB,1,Attack,3.79,Ransomware,ACS712,00:02:06.420,126.42,0.76,2.36
Ransomware-PoC,Raspberry Pi 4B 2GB,1,Attack,3.83,Ransomware,ACS712,00:02:07.530,127.53,0.77,2.36
Ransomware-PoC,Raspberry Pi 4B 2GB,1,Attack,3.8,Ransomware,ACS712,00:02:08.630,128.63,0.76,2.36
Ransomware-PoC,Raspberry Pi 4B 2GB,1,Attack,4.07,Ransomware,ACS712,00:02:09.730,129.73,0.81,2.35
Ransomware-PoC,Raspberry Pi 4B 2GB,1,Attack,3.94,Ransomware,ACS712,00:02:10.830,130.83,0.79,2.35
Ransomware-PoC,Raspberry Pi 4B 2GB,1,Attack,3.96,Ransomware,ACS712,00:02:11.930,131.93,0.79,2.35
Ransomware-PoC,Raspberry Pi 4B 2GB,1,Attack,4.1,Ransomware,ACS712,00:02:13.040,133.04,0.82,2.35
Ransomware-PoC,Raspberry Pi 4B 2GB,1,Attack,3.67,Ransomware,ACS712,00:02:14.140,134.14,0.73,2.36
Ransomware-PoC,Raspberry Pi 4B 2GB,1,Attack,3.59,Ransomware,ACS712,00:02:15.240,135.24,0.72,2.37
Ransomware-PoC,Raspberry Pi 4B 2GB,1,Attack,3.62,Ransomware,ACS712,00:02:16.340,136.34,0.72,2.37
Ransomware-PoC,Raspberry Pi 4B 2GB,1,Attack,4.2,Ransomware,ACS712,00:02:17.440,137.44,0.84,2.34
Ransomware-PoC,Raspberry Pi 4B 2GB,1,Attack,4.54,Ransomware,ACS712,00:02:18.540,138.54,0.91,2.33
Ransomware-PoC,Raspberry Pi 4B 2GB,1,Attack,4.23,Ransomware,ACS712,00:02:19.650,139.65,0.85,2.34
Ransomware-PoC,Raspberry Pi 4B 2GB,1,Attack,3.88,Ransomware,ACS712,00:02:20.750,140.75,0.78,2.36
Ransomware-PoC,Raspberry Pi 4B 2GB,1,Attack,4.13,Ransomware,ACS712,00:02:21.850,141.85,0.83,2.35
Ransomware-PoC,Raspberry Pi 4B 2GB,1,Attack,3.86,Ransomware,ACS712,00:02:22.950,142.95,0.77,2.36
Ransomware-PoC,Raspberry Pi 4B 2GB,1,Attack,4.49,Ransomware,ACS712,00:02:24.050,144.05,0.9,2.33
Ransomware-PoC,Raspberry Pi 4B 2GB,1,Attack,4.5,Ransomware,ACS712,00:02:25.150,145.15,0.9,2.33
Ransomware-PoC,Raspberry Pi 4B 2GB,1,Attack,3.88,Ransomware,ACS712,00:02:26.260,146.26,0.78,2.36
Ransomware-PoC,Raspberry Pi 4B 2GB,1,Attack,4.4,Ransomware,ACS712,00:02:27.360,147.36,0.88,2.34
Ransomware-PoC,Raspberry Pi 4B 2GB,1,Attack,3.99,Ransomware,ACS712,00:02:28.460,148.46,0.8,2.35
Ransomware-PoC,Raspberry Pi 4B 2GB,1,Attack,3.88,Ransomware,ACS712,00:02:29.560,149.56,0.78,2.36
Ransomware-PoC,Raspberry Pi 4B 2GB,1,Attack,4.23,Ransomware,ACS712,00:02:30.660,150.66,0.85,2.34
Ransomware-PoC,Raspberry Pi 4B 2GB,1,Attack,3.84,Ransomware,ACS712,00:02:31.770,151.77,0.77,2.36
Ransomware-PoC,Raspberry Pi 4B 2GB,1,Attack,3.98,Ransomware,ACS712,00:02:32.870,152.87,0.8,2.35
Ransomware-PoC,Raspberry Pi 4B 2GB,1,Attack,3.67,Ransomware,ACS712,00:02:33.970,153.97,0.73,2.36
Ransomware-PoC,Raspberry Pi 4B 2GB,1,Attack,4.27,Ransomware,ACS712,00:02:35.070,155.07,0.85,2.34
Ransomware-PoC,Raspberry Pi 4B 2GB,1,Attack,4.28,Ransomware,ACS712,00:02:36.170,156.17,0.86,2.34
Ransomware-PoC,Raspberry Pi 4B 2GB,1,Attack,4.29,Ransomware,ACS712,00:02:37.270,157.27,0.86,2.34
Ransomware-PoC,Raspberry Pi 4B 2GB,1,Attack,4.11,Ransomware,ACS712,00:02:38.380,158.38,0.82,2.35
Ransomware-PoC,Raspberry Pi 4B 2GB,1,Attack,4.13,Ransomware,ACS712,00:02:39.480,159.48,0.83,2.35
Ransomware-PoC,Raspberry Pi 4B 2GB,1,Attack,3.8,Ransomware,ACS712,00:02:40.580,160.58,0.76,2.36
Ransomware-PoC,Raspberry Pi 4B 2GB,1,Attack,3.84,Ransomware,ACS712,00:02:41.680,161.68,0.77,2.36
Ransomware-PoC,Raspberry Pi 4B 2GB,1,Attack,3.53,Ransomware,ACS712,00:02:42.780,162.78,0.71,2.37
Ransomware-PoC,Raspberry Pi 4B 2GB,1,Attack,3.69,Ransomware,ACS712,00:02:43.880,163.88,0.74,2.36
Ransomware-PoC,Raspberry Pi 4B 2GB,1,Attack,3.73,Ransomware,ACS712,00:02:44.990,164.99,0.75,2.36
Ransomware-PoC,Raspberry Pi 4B 2GB,1,Attack,3.76,Ransomware,ACS712,00:02:46.090,166.09,0.75,2.36
Ransomware-PoC,Raspberry Pi 4B 2GB,1,Attack,3.74,Ransomware,ACS712,00:02:47.190,167.19,0.75,2.36
Ransomware-PoC,Raspberry Pi 4B 2GB,1,Attack,4.27,Ransomware,ACS712,00:02:48.290,168.29,0.85,2.34
Ransomware-PoC,Raspberry Pi 4B 2GB,1,Attack,3.82,Ransomware,ACS712,00:02:49.390,169.39,0.76,2.36
Ransomware-PoC,Raspberry Pi 4B 2GB,1,Attack,3.54,Ransomware,ACS712,00:02:50.500,170.5,0.71,2.37
Ransomware-PoC,Raspberry Pi 4B 2GB,1,Attack,3.95,Ransomware,ACS712,00:02:51.600,171.6,0.79,2.35
Ransomware-PoC,Raspberry Pi 4B 2GB,1,Attack,3.75,Ransomware,ACS712,00:02:52.700,172.7,0.75,2.36
Ransomware-PoC,Raspberry Pi 4B 2GB,1,Attack,3.94,Ransomware,ACS712,00:02:53.800,173.8,0.79,2.35
Ransomware-PoC,Raspberry Pi 4B 2GB,1,Attack,3.87,Ransomware,ACS712,00:02:54.900,174.9,0.77,2.36
Ransomware-PoC,Raspberry Pi 4B 2GB,1,Attack,3.78,Ransomware,ACS712,00:02:56.010,176.01,0.76,2.36
Ransomware-PoC,Raspberry Pi 4B 2GB,1,Attack,3.95,Ransomware,ACS712,00:02:57.110,177.11,0.79,2.35
Ransomware-PoC,Raspberry Pi 4B 2GB,1,Attack,3.91,Ransomware,ACS712,00:02:58.210,178.21,0.78,2.36
Ransomware-PoC,Raspberry Pi 4B 2GB,1,Attack,4.31,Ransomware,ACS712,00:02:59.310,179.31,0.86,2.34
Ransomware-PoC,Raspberry Pi 4B 2GB,1,Attack,4.2,Ransomware,ACS712,00:03:00.410,180.41,0.84,2.34
Ransomware-PoC,Raspberry Pi 4B 2GB,1,Attack,3.83,Ransomware,ACS712,00:03:01.510,181.51,0.77,2.36
Ransomware-PoC,Raspberry Pi 4B 2GB,1,Attack,4.35,Ransomware,ACS712,00:03:02.610,182.61,0.87,2.34
Ransomware-PoC,Raspberry Pi 4B 2GB,1,Attack,2.97,Ransomware,ACS712,00:03:03.710,183.71,0.59,2.39
Ransomware-PoC,Raspberry Pi 4B 2GB,1,Attack,3.29,Ransomware,ACS712,00:03:04.810,184.81,0.66,2.38
Ransomware-PoC,Raspberry Pi 4B 2GB,1,Recovery,3.36,Ransomware,ACS712,00:03:05.920,185.92,0.67,2.38
Ransomware-PoC,Raspberry Pi 4B 2GB,1,Recovery,3.46,Ransomware,ACS712,00:03:07.020,187.02,0.69,2.37
Ransomware-PoC,Raspberry Pi 4B 2GB,1,Recovery,3.49,Ransomware,ACS712,00:03:08.120,188.12,0.7,2.37
Ransomware-PoC,Raspberry Pi 4B 2GB,1,Recovery,3.04,Ransomware,ACS712,00:03:09.220,189.22,0.61,2.39
Ransomware-PoC,Raspberry Pi 4B 2GB,1,Recovery,3.03,Ransomware,ACS712,00:03:10.320,190.32,0.61,2.39
Ransomware-PoC,Raspberry Pi 4B 2GB,1,Recovery,3.63,Ransomware,ACS712,00:03:11.430,191.43,0.73,2.37
Ransomware-PoC,Raspberry Pi 4B 2GB,1,Recovery,3.36,Ransomware,ACS712,00:03:12.530,192.53,0.67,2.38
Ransomware-PoC,Raspberry Pi 4B 2GB,1,Recovery,3.33,Ransomware,ACS712,00:03:13.630,193.63,0.67,2.38
Ransomware-PoC,Raspberry Pi 4B 2GB,1,Recovery,3.83,Ransomware,ACS712,00:03:14.730,194.73,0.77,2.36
Ransomware-PoC,Raspberry Pi 4B 2GB,1,Recovery,3.38,Ransomware,ACS712,00:03:15.830,195.83,0.68,2.37
Ransomware-PoC,Raspberry Pi 4B 2GB,1,Recovery,4.04,Ransomware,ACS712,00:03:16.940,196.94,0.81,2.35
Ransomware-PoC,Raspberry Pi 4B 2GB,1,Recovery,3.95,Ransomware,ACS712,00:03:18.040,198.04,0.79,2.35
Ransomware-PoC,Raspberry Pi 4B 2GB,1,Recovery,3.73,Ransomware,ACS712,00:03:19.140,199.14,0.75,2.36
Ransomware-PoC,Raspberry Pi 4B 2GB,1,Recovery,3.99,Ransomware,ACS712,00:03:20.240,200.24,0.8,2.35
Ransomware-PoC,Raspberry Pi 4B 2GB,1,Recovery,2.96,Ransomware,ACS712,00:03:21.340,201.34,0.59,2.39
Ransomware-PoC,Raspberry Pi 4B 2GB,1,Recovery,3.2,Ransomware,ACS712,00:03:22.440,202.44,0.64,2.38
Ransomware-PoC,Raspberry Pi 4B 2GB,1,Recovery,3.1,Ransomware,ACS712,00:03:23.550,203.55,0.62,2.39
Ransomware-PoC,Raspberry Pi 4B 2GB,1,Recovery,2.97,Ransomware,ACS712,00:03:24.650,204.65,0.59,2.39
Ransomware-PoC,Raspberry Pi 4B 2GB,1,Recovery,2.88,Ransomware,ACS712,00:03:25.750,205.75,0.58,2.39
Ransomware-PoC,Raspberry Pi 4B 2GB,1,Recovery,2.85,Ransomware,ACS712,00:03:26.850,206.85,0.57,2.39
Ransomware-PoC,Raspberry Pi 4B 2GB,1,Recovery,3.36,Ransomware,ACS712,00:03:27.950,207.95,0.67,2.38
Ransomware-PoC,Raspberry Pi 4B 2GB,1,Recovery,3.33,Ransomware,ACS712,00:03:29.050,209.05,0.67,2.38
Ransomware-PoC,Raspberry Pi 4B 2GB,1,Recovery,2.92,Ransomware,ACS712,00:03:30.160,210.16,0.58,2.39
Ransomware-PoC,Raspberry Pi 4B 2GB,1,Recovery,2.95,Ransomware,ACS712,00:03:31.260,211.26,0.59,2.39
Ransomware-PoC,Raspberry Pi 4B 2GB,1,Recovery,2.71,Ransomware,ACS712,00:03:32.360,212.36,0.54,2.4
Ransomware-PoC,Raspberry Pi 4B 2GB,1,Recovery,3.82,Ransomware,ACS712,00:03:33.460,213.46,0.76,2.36
Ransomware-PoC,Raspberry Pi 4B 2GB,1,Recovery,3.51,Ransomware,ACS712,00:03:34.560,214.56,0.7,2.37
Ransomware-PoC,Raspberry Pi 4B 2GB,1,Recovery,3.49,Ransomware,ACS712,00:03:35.670,215.67,0.7,2.37
Ransomware-PoC,Raspberry Pi 4B 2GB,1,Recovery,3.08,Ransomware,ACS712,00:03:36.770,216.77,0.62,2.39
Ransomware-PoC,Raspberry Pi 4B 2GB,1,Recovery,2.46,Ransomware,ACS712,00:03:37.870,217.87,0.49,2.41
Ransomware-PoC,Raspberry Pi 4B 2GB,1,Recovery,3.08,Ransomware,ACS712,00:03:38.970,218.97,0.62,2.39
Ransomware-PoC,Raspberry Pi 4B 2GB,1,Recovery,3.29,Ransomware,ACS712,00:03:40.070,220.07,0.66,2.38
Ransomware-PoC,Raspberry Pi 4B 2GB,1,Recovery,3.04,Ransomware,ACS712,00:03:41.170,221.17,0.61,2.39
Ransomware-PoC,Raspberry Pi 4B 2GB,1,Recovery,3.08,Ransomware,ACS712,00:03:42.280,222.28,0.62,2.39
Ransomware-PoC,Raspberry Pi 4B 2GB,1,Recovery,2.66,Ransomware,ACS712,00:03:43.380,223.38,0.53,2.4
Ransomware-PoC,Raspberry Pi 4B 2GB,1,Recovery,3.14,Ransomware,ACS712,00:03:44.480,224.48,0.63,2.38
Ransomware-PoC,Raspberry Pi 4B 2GB,1,Recovery,3.03,Ransomware,ACS712,00:03:45.580,225.58,0.61,2.39
Ransomware-PoC,Raspberry Pi 4B 2GB,1,Recovery,2.89,Ransomware,ACS712,00:03:46.680,226.68,0.58,2.39
Ransomware-PoC,Raspberry Pi 4B 2GB,1,Recovery,3.25,Ransomware,ACS712,00:03:47.780,227.78,0.65,2.38
Ransomware-PoC,Raspberry Pi 4B 2GB,1,Recovery,3.32,Ransomware,ACS712,00:03:48.890,228.89,0.66,2.38
Ransomware-PoC,Raspberry Pi 4B 2GB,1,Recovery,3.04,Ransomware,ACS712,00:03:49.990,229.99,0.61,2.39
Ransomware-PoC,Raspberry Pi 4B 2GB,1,Recovery,3.03,Ransomware,ACS712,00:03:51.090,231.09,0.61,2.39
Ransomware-PoC,Raspberry Pi 4B 2GB,1,Recovery,3.18,Ransomware,ACS712,00:03:52.190,232.19,0.64,2.38
Ransomware-PoC,Raspberry Pi 4B 2GB,1,Recovery,3.08,Ransomware,ACS712,00:03:53.290,233.29,0.62,2.39
Ransomware-PoC,Raspberry Pi 4B 2GB,1,Recovery,3.03,Ransomware,ACS712,00:03:54.400,234.4,0.61,2.39
Ransomware-PoC,Raspberry Pi 4B 2GB,1,Recovery,3.24,Ransomware,ACS712,00:03:55.500,235.5,0.65,2.38
Ransomware-PoC,Raspberry Pi 4B 2GB,1,Recovery,3.01,Ransomware,ACS712,00:03:56.600,236.6,0.6,2.39
Ransomware-PoC,Raspberry Pi 4B 2GB,1,Recovery,3.03,Ransomware,ACS712,00:03:57.700,237.7,0.61,2.39
Ransomware-PoC,Raspberry Pi 4B 2GB,1,Recovery,3.24,Ransomware,ACS712,00:03:58.800,238.8,0.65,2.38
Ransomware-PoC,Raspberry Pi 4B 2GB,1,Recovery,3.03,Ransomware,ACS712,00:03:59.900,239.9,0.61,2.39
Ransomware-PoC,Raspberry Pi 4B 2GB,1,Recovery,3.43,Ransomware,ACS712,00:04:01.000,241.0,0.69,2.37
Ransomware-PoC,Raspberry Pi 4B 2GB,1,Recovery,3.92,Ransomware,ACS712,00:04:02.100,242.1,0.78,2.35
Ransomware-PoC,Raspberry Pi 4B 2GB,1,Recovery,3.99,Ransomware,ACS712,00:04:03.210,243.21,0.8,2.35
Ransomware-PoC,Raspberry Pi 4B 2GB,1,Recovery,3.94,Ransomware,ACS712,00:04:04.310,244.31,0.79,2.35
Ransomware-PoC,Raspberry Pi 4B 2GB,1,Recovery,4.07,Ransomware,ACS712,00:04:05.410,245.41,0.81,2.35
Ransomware-PoC,Raspberry Pi 4B 2GB,1,Recovery,3.61,Ransomware,ACS712,00:04:06.510,246.51,0.72,2.37
