Attack,Host,Run,Mode,Power (W),Attack Type,Measurement,Timestamp,Current (A),Voltage (V),Voltage Adjusted (V)
CoinIMP (CPU) (100%),Raspberry Pi 3B 1GB,1,Idle,0.13,Cryptojacking,ACS712,02:45:00.788,0.03,2.42,0.0
CoinIMP (CPU) (100%),Raspberry Pi 3B 1GB,1,Idle,0.86,Cryptojacking,ACS712,02:45:01.813,0.17,2.43,0.02
CoinIMP (CPU) (100%),Raspberry Pi 3B 1GB,1,Idle,0.13,Cryptojacking,ACS712,02:45:02.797,0.03,2.42,0.0
CoinIMP (CPU) (100%),Raspberry Pi 3B 1GB,1,Idle,0.37,Cryptojacking,ACS712,02:45:03.789,0.07,2.42,0.01
CoinIMP (CPU) (100%),Raspberry Pi 3B 1GB,1,Idle,0.13,Cryptojacking,ACS712,02:45:04.813,0.03,2.42,0.0
CoinIMP (CPU) (100%),Raspberry Pi 3B 1GB,1,Idle,-0.11,Cryptojacking,ACS712,02:45:05.797,-0.02,2.41,-0.0
CoinIMP (CPU) (100%),Raspberry Pi 3B 1GB,1,Idle,0.62,Cryptojacking,ACS712,02:45:06.784,0.12,2.43,0.01
CoinIMP (CPU) (100%),Raspberry Pi 3B 1GB,1,Idle,-0.11,Cryptojacking,ACS712,02:45:07.806,-0.02,2.41,-0.0
CoinIMP (CPU) (100%),Raspberry Pi 3B 1GB,1,Idle,0.13,Cryptojacking,ACS712,02:45:08.791,0.03,2.42,0.0
CoinIMP (CPU) (100%),Raspberry Pi 3B 1GB,1,Idle,-0.36,Cryptojacking,ACS712,02:45:09.808,-0.07,2.41,-0.01
CoinIMP (CPU) (100%),Raspberry Pi 3B 1GB,1,Idle,0.13,Cryptojacking,ACS712,02:45:10.797,0.03,2.42,0.0
CoinIMP (CPU) (100%),Raspberry Pi 3B 1GB,1,Idle,0.62,Cryptojacking,ACS712,02:45:11.817,0.12,2.43,0.01
CoinIMP (CPU) (100%),Raspberry Pi 3B 1GB,1,Idle,0.62,Cryptojacking,ACS712,02:45:12.804,0.12,2.43,0.01
CoinIMP (CPU) (100%),Raspberry Pi 3B 1GB,1,Idle,0.13,Cryptojacking,ACS712,02:45:13.793,0.03,2.42,0.0
CoinIMP (CPU) (100%),Raspberry Pi 3B 1GB,1,Idle,-0.11,Cryptojacking,ACS712,02:45:14.817,-0.02,2.41,-0.0
CoinIMP (CPU) (100%),Raspberry Pi 3B 1GB,1,Idle,0.37,Cryptojacking,ACS712,02:45:15.802,0.07,2.42,0.01
CoinIMP (CPU) (100%),Raspberry Pi 3B 1GB,1,Idle,0.62,Cryptojacking,ACS712,02:45:16.820,0.12,2.43,0.01
CoinIMP (CPU) (100%),Raspberry Pi 3B 1GB,1,Idle,0.13,Cryptojacking,ACS712,02:45:17.808,0.03,2.42,0.0
CoinIMP (CPU) (100%),Raspberry Pi 3B 1GB,1,Idle,0.37,Cryptojacking,ACS712,02:45:18.797,0.07,2.42,0.01
CoinIMP (CPU) (100%),Raspberry Pi 3B 1GB,1,Idle,0.37,Cryptojacking,ACS712,02:45:19.791,0.07,2.42,0.01
CoinIMP (CPU) (100%),Raspberry Pi 3B 1GB,1,Idle,0.62,Cryptojacking,ACS712,02:45:20.810,0.12,2.43,0.01
CoinIMP (CPU) (100%),Raspberry Pi 3B 1GB,1,Idle,0.13,Cryptojacking,ACS712,02:45:21.800,0.03,2.42,0.0
CoinIMP (CPU) (100%),Raspberry Pi 3B 1GB,1,Idle,0.37,Cryptojacking,ACS712,02:45:22.822,0.07,2.42,0.01
CoinIMP (CPU) (100%),Raspberry Pi 3B 1GB,1,Idle,0.37,Cryptojacking,ACS712,02:45:23.808,0.07,2.42,0.01
CoinIMP (CPU) (100%),Raspberry Pi 3B 1GB,1,Idle,0.62,Cryptojacking,ACS712,02:45:24.797,0.12,2.43,0.01
CoinIMP (CPU) (100%),Raspberry Pi 3B 1GB,1,Idle,0.13,Cryptojacking,ACS712,02:45:25.814,0.03,2.42,0.0
CoinIMP (CPU) (100%),Raspberry Pi 3B 1GB,1,Idle,0.13,Cryptojacking,ACS712,02:45:26.804,0.03,2.42,0.0
CoinIMP (CPU) (100%),Raspberry Pi 3B 1GB,1,Idle,0.37,Cryptojacking,ACS712,02:45:27.825,0.07,2.42,0.01
CoinIMP (CPU) (100%),Raspberry Pi 3B 1GB,1,Idle,0.62,Cryptojacking,ACS712,02:45:28.813,0.12,2.43,0.01
CoinIMP (CPU) (100%),Raspberry Pi 3B 1GB,1,Idle,0.37,Cryptojacking,ACS712,02:45:29.800,0.07,2.42,0.01
CoinIMP (CPU) (100%),Raspberry Pi 3B 1GB,1,Idle,-0.11,Cryptojacking,ACS712,02:45:30.820,-0.02,2.41,-0.0
CoinIMP (CPU) (100%),Raspberry Pi 3B 1GB,1,Idle,-0.6,Cryptojacking,ACS712,02:45:31.805,-0.12,2.4,-0.01
CoinIMP (CPU) (100%),Raspberry Pi 3B 1GB,1,Idle,1.35,Cryptojacking,ACS712,02:45:32.824,0.27,2.44,0.03
CoinIMP (CPU) (100%),Raspberry Pi 3B 1GB,1,Idle,0.62,Cryptojacking,ACS712,02:45:33.811,0.12,2.43,0.01
CoinIMP (CPU) (100%),Raspberry Pi 3B 1GB,1,Idle,0.37,Cryptojacking,ACS712,02:45:34.832,0.07,2.42,0.01
CoinIMP (CPU) (100%),Raspberry Pi 3B 1GB,1,Idle,0.62,Cryptojacking,ACS712,02:45:35.821,0.12,2.43,0.01
CoinIMP (CPU) (100%),Raspberry Pi 3B 1GB,1,Idle,0.13,Cryptojacking,ACS712,02:45:36.810,0.03,2.42,0.0
CoinIMP (CPU) (100%),Raspberry Pi 3B 1GB,1,Idle,0.37,Cryptojacking,ACS712,02:45:37.829,0.07,2.42,0.01
CoinIMP (CPU) (100%),Raspberry Pi 3B 1GB,1,Idle,0.86,Cryptojacking,ACS712,02:45:38.818,0.17,2.43,0.02
CoinIMP (CPU) (100%),Raspberry Pi 3B 1GB,1,Idle,0.62,Cryptojacking,ACS712,02:45:39.836,0.12,2.43,0.01
CoinIMP (CPU) (100%),Raspberry Pi 3B 1GB,1,Idle,1.11,Cryptojacking,ACS712,02:45:40.821,0.22,2.44,0.02
CoinIMP (CPU) (100%),Raspberry Pi 3B 1GB,1,Idle,0.62,Cryptojacking,ACS712,02:45:41.839,0.12,2.43,0.01
CoinIMP (CPU) (100%),Raspberry Pi 3B 1GB,1,Idle,0.37,Cryptojacking,ACS712,02:45:42.824,0.07,2.42,0.01
CoinIMP (CPU) (100%),Raspberry Pi 3B 1GB,1,Idle,-0.11,Cryptojacking,ACS712,02:45:43.810,-0.02,2.41,-0.0
CoinIMP (CPU) (100%),Raspberry Pi 3B 1GB,1,Idle,0.37,Cryptojacking,ACS712,02:45:44.831,0.07,2.42,0.01
CoinIMP (CPU) (100%),Raspberry Pi 3B 1GB,1,Idle,0.86,Cryptojacking,ACS712,02:45:45.822,0.17,2.43,0.02
CoinIMP (CPU) (100%),Raspberry Pi 3B 1GB,1,Idle,0.62,Cryptojacking,ACS712,02:45:46.810,0.12,2.43,0.01
CoinIMP (CPU) (100%),Raspberry Pi 3B 1GB,1,Idle,0.62,Cryptojacking,ACS712,02:45:47.829,0.12,2.43,0.01
CoinIMP (CPU) (100%),Raspberry Pi 3B 1GB,1,Idle,0.62,Cryptojacking,ACS712,02:45:48.814,0.12,2.43,0.01
CoinIMP (CPU) (100%),Raspberry Pi 3B 1GB,1,Idle,0.62,Cryptojacking,ACS712,02:45:49.836,0.12,2.43,0.01
CoinIMP (CPU) (100%),Raspberry Pi 3B 1GB,1,Idle,0.37,Cryptojacking,ACS712,02:45:50.825,0.07,2.42,0.01
CoinIMP (CPU) (100%),Raspberry Pi 3B 1GB,1,Idle,0.86,Cryptojacking,ACS712,02:45:51.843,0.17,2.43,0.02
CoinIMP (CPU) (100%),Raspberry Pi 3B 1GB,1,Idle,0.86,Cryptojacking,ACS712,02:45:52.831,0.17,2.43,0.02
CoinIMP (CPU) (100%),Raspberry Pi 3B 1GB,1,Idle,0.62,Cryptojacking,ACS712,02:45:53.823,0.12,2.43,0.01
CoinIMP (CPU) (100%),Raspberry Pi 3B 1GB,1,Idle,0.62,Cryptojacking,ACS712,02:45:54.844,0.12,2.43,0.01
CoinIMP (CPU) (100%),Raspberry Pi 3B 1GB,1,Idle,0.62,Cryptojacking,ACS712,02:45:55.831,0.12,2.43,0.01
CoinIMP (CPU) (100%),Raspberry Pi 3B 1GB,1,Idle,1.6,Cryptojacking,ACS712,02:45:56.820,0.32,2.45,0.03
CoinIMP (CPU) (100%),Raspberry Pi 3B 1GB,1,Idle,0.62,Cryptojacking,ACS712,02:45:57.839,0.12,2.43,0.01
CoinIMP (CPU) (100%),Raspberry Pi 3B 1GB,1,Idle,0.62,Cryptojacking,ACS712,02:45:58.825,0.12,2.43,0.01
CoinIMP (CPU) (100%),Raspberry Pi 3B 1GB,1,Idle,0.86,Cryptojacking,ACS712,02:45:59.837,0.17,2.43,0.02
CoinIMP (CPU) (100%),Raspberry Pi 3B 1GB,1,Idle,0.62,Cryptojacking,ACS712,02:46:00.825,0.12,2.43,0.01
CoinIMP (CPU) (100%),Raspberry Pi 3B 1GB,1,Idle,0.37,Cryptojacking,ACS712,02:46:01.845,0.07,2.42,0.01
CoinIMP (CPU) (100%),Raspberry Pi 3B 1GB,1,Idle,1.11,Cryptojacking,ACS712,02:46:02.829,0.22,2.44,0.02
CoinIMP (CPU) (100%),Raspberry Pi 3B 1GB,1,Idle,0.86,Cryptojacking,ACS712,02:46:03.845,0.17,2.43,0.02
CoinIMP (CPU) (100%),Raspberry Pi 3B 1GB,1,Idle,0.62,Cryptojacking,ACS712,02:46:04.833,0.12,2.43,0.01
CoinIMP (CPU) (100%),Raspberry Pi 3B 1GB,1,Idle,0.62,Cryptojacking,ACS712,02:46:05.823,0.12,2.43,0.01
CoinIMP (CPU) (100%),Raspberry Pi 3B 1GB,1,Idle,0.62,Cryptojacking,ACS712,02:46:06.838,0.12,2.43,0.01
CoinIMP (CPU) (100%),Raspberry Pi 3B 1GB,1,Idle,0.86,Cryptojacking,ACS712,02:46:07.824,0.17,2.43,0.02
CoinIMP (CPU) (100%),Raspberry Pi 3B 1GB,1,Idle,0.86,Cryptojacking,ACS712,02:46:08.845,0.17,2.43,0.02
CoinIMP (CPU) (100%),Raspberry Pi 3B 1GB,1,Idle,0.62,Cryptojacking,ACS712,02:46:09.833,0.12,2.43,0.01
CoinIMP (CPU) (100%),Raspberry Pi 3B 1GB,1,Idle,0.62,Cryptojacking,ACS712,02:46:10.850,0.12,2.43,0.01
CoinIMP (CPU) (100%),Raspberry Pi 3B 1GB,1,Idle,0.37,Cryptojacking,ACS712,02:46:11.838,0.07,2.42,0.01
CoinIMP (CPU) (100%),Raspberry Pi 3B 1GB,1,Idle,0.62,Cryptojacking,ACS712,02:46:12.829,0.12,2.43,0.01
CoinIMP (CPU) (100%),Raspberry Pi 3B 1GB,1,Idle,0.62,Cryptojacking,ACS712,02:46:13.848,0.12,2.43,0.01
CoinIMP (CPU) (100%),Raspberry Pi 3B 1GB,1,Idle,0.37,Cryptojacking,ACS712,02:46:14.845,0.07,2.42,0.01
CoinIMP (CPU) (100%),Raspberry Pi 3B 1GB,1,Idle,1.11,Cryptojacking,ACS712,02:46:15.829,0.22,2.44,0.02
CoinIMP (CPU) (100%),Raspberry Pi 3B 1GB,1,Idle,0.86,Cryptojacking,ACS712,02:46:16.848,0.17,2.43,0.02
CoinIMP (CPU) (100%),Raspberry Pi 3B 1GB,1,Idle,0.62,Cryptojacking,ACS712,02:46:17.837,0.12,2.43,0.01
CoinIMP (CPU) (100%),Raspberry Pi 3B 1GB,1,Idle,1.35,Cryptojacking,ACS712,02:46:18.853,0.27,2.44,0.03
CoinIMP (CPU) (100%),Raspberry Pi 3B 1GB,1,Idle,0.62,Cryptojacking,ACS712,02:46:19.839,0.12,2.43,0.01
CoinIMP (CPU) (100%),Raspberry Pi 3B 1GB,1,Idle,0.86,Cryptojacking,ACS712,02:46:20.859,0.17,2.43,0.02
CoinIMP (CPU) (100%),Raspberry Pi 3B 1GB,1,Idle,1.11,Cryptojacking,ACS712,02:46:21.848,0.22,2.44,0.02
CoinIMP (CPU) (100%),Raspberry Pi 3B 1GB,1,Idle,0.86,Cryptojacking,ACS712,02:46:22.834,0.17,2.43,0.02
CoinIMP (CPU) (100%),Raspberry Pi 3B 1GB,1,Idle,0.62,Cryptojacking,ACS712,02:46:23.853,0.12,2.43,0.01
CoinIMP (CPU) (100%),Raspberry Pi 3B 1GB,1,Idle,1.35,Cryptojacking,ACS712,02:46:24.841,0.27,2.44,0.03
CoinIMP (CPU) (100%),Raspberry Pi 3B 1GB,1,Idle,0.86,Cryptojacking,ACS712,02:46:25.859,0.17,2.43,0.02
CoinIMP (CPU) (100%),Raspberry Pi 3B 1GB,1,Idle,0.62,Cryptojacking,ACS712,02:46:26.847,0.12,2.43,0.01
CoinIMP (CPU) (100%),Raspberry Pi 3B 1GB,1,Idle,1.11,Cryptojacking,ACS712,02:46:27.834,0.22,2.44,0.02
CoinIMP (CPU) (100%),Raspberry Pi 3B 1GB,1,Idle,0.37,Cryptojacking,ACS712,02:46:28.857,0.07,2.42,0.01
CoinIMP (CPU) (100%),Raspberry Pi 3B 1GB,1,Idle,0.62,Cryptojacking,ACS712,02:46:29.842,0.12,2.43,0.01
CoinIMP (CPU) (100%),Raspberry Pi 3B 1GB,1,Idle,0.62,Cryptojacking,ACS712,02:46:30.862,0.12,2.43,0.01
CoinIMP (CPU) (100%),Raspberry Pi 3B 1GB,1,Idle,0.86,Cryptojacking,ACS712,02:46:31.850,0.17,2.43,0.02
CoinIMP (CPU) (100%),Raspberry Pi 3B 1GB,1,Idle,0.86,Cryptojacking,ACS712,02:46:32.841,0.17,2.43,0.02
CoinIMP (CPU) (100%),Raspberry Pi 3B 1GB,1,Idle,0.62,Cryptojacking,ACS712,02:46:33.860,0.12,2.43,0.01
CoinIMP (CPU) (100%),Raspberry Pi 3B 1GB,1,Idle,1.84,Cryptojacking,ACS712,02:46:34.846,0.37,2.45,0.04
CoinIMP (CPU) (100%),Raspberry Pi 3B 1GB,1,Idle,0.62,Cryptojacking,ACS712,02:46:35.870,0.12,2.43,0.01
CoinIMP (CPU) (100%),Raspberry Pi 3B 1GB,1,Idle,0.62,Cryptojacking,ACS712,02:46:36.855,0.12,2.43,0.01
CoinIMP (CPU) (100%),Raspberry Pi 3B 1GB,1,Idle,1.11,Cryptojacking,ACS712,02:46:37.844,0.22,2.44,0.02
CoinIMP (CPU) (100%),Raspberry Pi 3B 1GB,1,Idle,0.62,Cryptojacking,ACS712,02:46:38.864,0.12,2.43,0.01
CoinIMP (CPU) (100%),Raspberry Pi 3B 1GB,1,Idle,1.6,Cryptojacking,ACS712,02:46:39.850,0.32,2.45,0.03
CoinIMP (CPU) (100%),Raspberry Pi 3B 1GB,1,Idle,0.86,Cryptojacking,ACS712,02:46:40.871,0.17,2.43,0.02
CoinIMP (CPU) (100%),Raspberry Pi 3B 1GB,1,Idle,0.86,Cryptojacking,ACS712,02:46:41.856,0.17,2.43,0.02
CoinIMP (CPU) (100%),Raspberry Pi 3B 1GB,1,Idle,0.62,Cryptojacking,ACS712,02:46:42.876,0.12,2.43,0.01
CoinIMP (CPU) (100%),Raspberry Pi 3B 1GB,1,Idle,1.11,Cryptojacking,ACS712,02:46:43.873,0.22,2.44,0.02
CoinIMP (CPU) (100%),Raspberry Pi 3B 1GB,1,Idle,0.37,Cryptojacking,ACS712,02:46:44.865,0.07,2.42,0.01
CoinIMP (CPU) (100%),Raspberry Pi 3B 1GB,1,Idle,0.86,Cryptojacking,ACS712,02:46:45.859,0.17,2.43,0.02
CoinIMP (CPU) (100%),Raspberry Pi 3B 1GB,1,Idle,0.86,Cryptojacking,ACS712,02:46:46.876,0.17,2.43,0.02
CoinIMP (CPU) (100%),Raspberry Pi 3B 1GB,1,Idle,0.86,Cryptojacking,ACS712,02:46:47.861,0.17,2.43,0.02
CoinIMP (CPU) (100%),Raspberry Pi 3B 1GB,1,Idle,0.62,Cryptojacking,ACS712,02:46:48.848,0.12,2.43,0.01
CoinIMP (CPU) (100%),Raspberry Pi 3B 1GB,1,Idle,1.6,Cryptojacking,ACS712,02:46:49.868,0.32,2.45,0.03
CoinIMP (CPU) (100%),Raspberry Pi 3B 1GB,1,Idle,0.86,Cryptojacking,ACS712,02:46:50.856,0.17,2.43,0.02
CoinIMP (CPU) (100%),Raspberry Pi 3B 1GB,1,Idle,1.11,Cryptojacking,ACS712,02:46:51.876,0.22,2.44,0.02
CoinIMP (CPU) (100%),Raspberry Pi 3B 1GB,1,Idle,0.62,Cryptojacking,ACS712,02:46:52.864,0.12,2.43,0.01
CoinIMP (CPU) (100%),Raspberry Pi 3B 1GB,1,Idle,0.62,Cryptojacking,ACS712,02:46:53.883,0.12,2.43,0.01
CoinIMP (CPU) (100%),Raspberry Pi 3B 1GB,1,Idle,0.86,Cryptojacking,ACS712,02:46:54.874,0.17,2.43,0.02
CoinIMP (CPU) (100%),Raspberry Pi 3B 1GB,1,Idle,0.86,Cryptojacking,ACS712,02:46:55.866,0.17,2.43,0.02
CoinIMP (CPU) (100%),Raspberry Pi 3B 1GB,1,Idle,1.11,Cryptojacking,ACS712,02:46:56.883,0.22,2.44,0.02
CoinIMP (CPU) (100%),Raspberry Pi 3B 1GB,1,Idle,0.37,Cryptojacking,ACS712,02:46:57.870,0.07,2.42,0.01
CoinIMP (CPU) (100%),Raspberry Pi 3B 1GB,1,Idle,0.86,Cryptojacking,ACS712,02:46:58.888,0.17,2.43,0.02
CoinIMP (CPU) (100%),Raspberry Pi 3B 1GB,1,Idle,1.35,Cryptojacking,ACS712,02:46:59.877,0.27,2.44,0.03
CoinIMP (CPU) (100%),Raspberry Pi 3B 1GB,1,Idle,1.35,Cryptojacking,ACS712,02:47:00.860,0.27,2.44,0.03
CoinIMP (CPU) (100%),Raspberry Pi 3B 1GB,1,Idle,0.86,Cryptojacking,ACS712,02:47:01.881,0.17,2.43,0.02
CoinIMP (CPU) (100%),Raspberry Pi 3B 1GB,1,Idle,0.37,Cryptojacking,ACS712,02:47:02.867,0.07,2.42,0.01
CoinIMP (CPU) (100%),Raspberry Pi 3B 1GB,1,Idle,0.86,Cryptojacking,ACS712,02:47:03.890,0.17,2.43,0.02
CoinIMP (CPU) (100%),Raspberry Pi 3B 1GB,1,Idle,1.35,Cryptojacking,ACS712,02:47:04.888,0.27,2.44,0.03
CoinIMP (CPU) (100%),Raspberry Pi 3B 1GB,1,Idle,0.62,Cryptojacking,ACS712,02:47:05.875,0.12,2.43,0.01
CoinIMP (CPU) (100%),Raspberry Pi 3B 1GB,1,Idle,0.86,Cryptojacking,ACS712,02:47:06.862,0.17,2.43,0.02
CoinIMP (CPU) (100%),Raspberry Pi 3B 1GB,1,Idle,1.11,Cryptojacking,ACS712,02:47:07.885,0.22,2.44,0.02
CoinIMP (CPU) (100%),Raspberry Pi 3B 1GB,1,Idle,0.86,Cryptojacking,ACS712,02:47:08.874,0.17,2.43,0.02
CoinIMP (CPU) (100%),Raspberry Pi 3B 1GB,1,Idle,0.86,Cryptojacking,ACS712,02:47:09.861,0.17,2.43,0.02
CoinIMP (CPU) (100%),Raspberry Pi 3B 1GB,1,Idle,0.62,Cryptojacking,ACS712,02:47:10.881,0.12,2.43,0.01
CoinIMP (CPU) (100%),Raspberry Pi 3B 1GB,1,Idle,1.35,Cryptojacking,ACS712,02:47:11.868,0.27,2.44,0.03
CoinIMP (CPU) (100%),Raspberry Pi 3B 1GB,1,Idle,0.86,Cryptojacking,ACS712,02:47:12.889,0.17,2.43,0.02
CoinIMP (CPU) (100%),Raspberry Pi 3B 1GB,1,Idle,1.35,Cryptojacking,ACS712,02:47:13.876,0.27,2.44,0.03
CoinIMP (CPU) (100%),Raspberry Pi 3B 1GB,1,Idle,1.84,Cryptojacking,ACS712,02:47:14.865,0.37,2.45,0.04
CoinIMP (CPU) (100%),Raspberry Pi 3B 1GB,1,Idle,0.86,Cryptojacking,ACS712,02:47:15.884,0.17,2.43,0.02
CoinIMP (CPU) (100%),Raspberry Pi 3B 1GB,1,Idle,1.11,Cryptojacking,ACS712,02:47:16.869,0.22,2.44,0.02
CoinIMP (CPU) (100%),Raspberry Pi 3B 1GB,1,Idle,0.86,Cryptojacking,ACS712,02:47:17.895,0.17,2.43,0.02
CoinIMP (CPU) (100%),Raspberry Pi 3B 1GB,1,Idle,1.35,Cryptojacking,ACS712,02:47:18.885,0.27,2.44,0.03
CoinIMP (CPU) (100%),Raspberry Pi 3B 1GB,1,Idle,2.09,Cryptojacking,ACS712,02:47:19.873,0.42,2.46,0.04
CoinIMP (CPU) (100%),Raspberry Pi 3B 1GB,1,Idle,1.11,Cryptojacking,ACS712,02:47:20.890,0.22,2.44,0.02
CoinIMP (CPU) (100%),Raspberry Pi 3B 1GB,1,Idle,0.86,Cryptojacking,ACS712,02:47:21.874,0.17,2.43,0.02
CoinIMP (CPU) (100%),Raspberry Pi 3B 1GB,1,Idle,0.86,Cryptojacking,ACS712,02:47:22.898,0.17,2.43,0.02
CoinIMP (CPU) (100%),Raspberry Pi 3B 1GB,1,Idle,1.35,Cryptojacking,ACS712,02:47:23.884,0.27,2.44,0.03
CoinIMP (CPU) (100%),Raspberry Pi 3B 1GB,1,Idle,1.6,Cryptojacking,ACS712,02:47:24.873,0.32,2.45,0.03
CoinIMP (CPU) (100%),Raspberry Pi 3B 1GB,1,Idle,0.86,Cryptojacking,ACS712,02:47:25.892,0.17,2.43,0.02
CoinIMP (CPU) (100%),Raspberry Pi 3B 1GB,1,Idle,0.86,Cryptojacking,ACS712,02:47:26.878,0.17,2.43,0.02
CoinIMP (CPU) (100%),Raspberry Pi 3B 1GB,1,Idle,0.86,Cryptojacking,ACS712,02:47:27.898,0.17,2.43,0.02
CoinIMP (CPU) (100%),Raspberry Pi 3B 1GB,1,Idle,1.35,Cryptojacking,ACS712,02:47:28.886,0.27,2.44,0.03
CoinIMP (CPU) (100%),Raspberry Pi 3B 1GB,1,Idle,1.11,Cryptojacking,ACS712,02:47:29.875,0.22,2.44,0.02
CoinIMP (CPU) (100%),Raspberry Pi 3B 1GB,1,Idle,1.35,Cryptojacking,ACS712,02:47:30.894,0.27,2.44,0.03
CoinIMP (CPU) (100%),Raspberry Pi 3B 1GB,1,Idle,0.86,Cryptojacking,ACS712,02:47:31.882,0.17,2.43,0.02
CoinIMP (CPU) (100%),Raspberry Pi 3B 1GB,1,Idle,1.35,Cryptojacking,ACS712,02:47:32.902,0.27,2.44,0.03
CoinIMP (CPU) (100%),Raspberry Pi 3B 1GB,1,Idle,1.11,Cryptojacking,ACS712,02:47:33.887,0.22,2.44,0.02
CoinIMP (CPU) (100%),Raspberry Pi 3B 1GB,1,Idle,1.11,Cryptojacking,ACS712,02:47:34.905,0.22,2.44,0.02
CoinIMP (CPU) (100%),Raspberry Pi 3B 1GB,1,Idle,1.11,Cryptojacking,ACS712,02:47:35.891,0.22,2.44,0.02
CoinIMP (CPU) (100%),Raspberry Pi 3B 1GB,1,Idle,0.86,Cryptojacking,ACS712,02:47:36.878,0.17,2.43,0.02
CoinIMP (CPU) (100%),Raspberry Pi 3B 1GB,1,Idle,0.86,Cryptojacking,ACS712,02:47:37.897,0.17,2.43,0.02
CoinIMP (CPU) (100%),Raspberry Pi 3B 1GB,1,Idle,0.86,Cryptojacking,ACS712,02:47:38.882,0.17,2.43,0.02
CoinIMP (CPU) (100%),Raspberry Pi 3B 1GB,1,Idle,0.86,Cryptojacking,ACS712,02:47:39.902,0.17,2.43,0.02
CoinIMP (CPU) (100%),Raspberry Pi 3B 1GB,1,Idle,0.86,Cryptojacking,ACS712,02:47:40.886,0.17,2.43,0.02
CoinIMP (CPU) (100%),Raspberry Pi 3B 1GB,1,Idle,1.11,Cryptojacking,ACS712,02:47:41.905,0.22,2.44,0.02
CoinIMP (CPU) (100%),Raspberry Pi 3B 1GB,1,Idle,1.6,Cryptojacking,ACS712,02:47:42.890,0.32,2.45,0.03
CoinIMP (CPU) (100%),Raspberry Pi 3B 1GB,1,Idle,1.35,Cryptojacking,ACS712,02:47:43.913,0.27,2.44,0.03
CoinIMP (CPU) (100%),Raspberry Pi 3B 1GB,1,Idle,0.62,Cryptojacking,ACS712,02:47:44.900,0.12,2.43,0.01
CoinIMP (CPU) (100%),Raspberry Pi 3B 1GB,1,Idle,1.11,Cryptojacking,ACS712,02:47:45.888,0.22,2.44,0.02
CoinIMP (CPU) (100%),Raspberry Pi 3B 1GB,1,Idle,1.11,Cryptojacking,ACS712,02:47:46.909,0.22,2.44,0.02
CoinIMP (CPU) (100%),Raspberry Pi 3B 1GB,1,Idle,1.35,Cryptojacking,ACS712,02:47:47.895,0.27,2.44,0.03
CoinIMP (CPU) (100%),Raspberry Pi 3B 1GB,1,Idle,0.86,Cryptojacking,ACS712,02:47:48.913,0.17,2.43,0.02
CoinIMP (CPU) (100%),Raspberry Pi 3B 1GB,1,Idle,2.33,Cryptojacking,ACS712,02:47:49.899,0.47,2.46,0.05
CoinIMP (CPU) (100%),Raspberry Pi 3B 1GB,1,Idle,1.35,Cryptojacking,ACS712,02:47:50.921,0.27,2.44,0.03
CoinIMP (CPU) (100%),Raspberry Pi 3B 1GB,1,Idle,1.6,Cryptojacking,ACS712,02:47:51.909,0.32,2.45,0.03
CoinIMP (CPU) (100%),Raspberry Pi 3B 1GB,1,Idle,1.11,Cryptojacking,ACS712,02:47:52.899,0.22,2.44,0.02
CoinIMP (CPU) (100%),Raspberry Pi 3B 1GB,1,Idle,1.11,Cryptojacking,ACS712,02:47:53.919,0.22,2.44,0.02
CoinIMP (CPU) (100%),Raspberry Pi 3B 1GB,1,Idle,1.84,Cryptojacking,ACS712,02:47:54.910,0.37,2.45,0.04
CoinIMP (CPU) (100%),Raspberry Pi 3B 1GB,1,Idle,0.86,Cryptojacking,ACS712,02:47:55.897,0.17,2.43,0.02
CoinIMP (CPU) (100%),Raspberry Pi 3B 1GB,1,Idle,0.62,Cryptojacking,ACS712,02:47:56.919,0.12,2.43,0.01
CoinIMP (CPU) (100%),Raspberry Pi 3B 1GB,1,Idle,1.11,Cryptojacking,ACS712,02:47:57.906,0.22,2.44,0.02
CoinIMP (CPU) (100%),Raspberry Pi 3B 1GB,1,Idle,1.6,Cryptojacking,ACS712,02:47:58.925,0.32,2.45,0.03
CoinIMP (CPU) (100%),Raspberry Pi 3B 1GB,1,Idle,1.84,Cryptojacking,ACS712,02:47:59.913,0.37,2.45,0.04
CoinIMP (CPU) (100%),Raspberry Pi 3B 1GB,1,Idle_browser_open,1.35,Cryptojacking,ACS712,02:48:00.895,0.27,2.44,0.03
CoinIMP (CPU) (100%),Raspberry Pi 3B 1GB,1,Idle_browser_open,1.6,Cryptojacking,ACS712,02:48:01.916,0.32,2.45,0.03
CoinIMP (CPU) (100%),Raspberry Pi 3B 1GB,1,Idle_browser_open,0.86,Cryptojacking,ACS712,02:48:02.902,0.17,2.43,0.02
CoinIMP (CPU) (100%),Raspberry Pi 3B 1GB,1,Idle_browser_open,1.6,Cryptojacking,ACS712,02:48:03.917,0.32,2.45,0.03
CoinIMP (CPU) (100%),Raspberry Pi 3B 1GB,1,Idle_browser_open,4.04,Cryptojacking,ACS712,02:48:04.903,0.81,2.5,0.08
CoinIMP (CPU) (100%),Raspberry Pi 3B 1GB,1,Idle_browser_open,2.82,Cryptojacking,ACS712,02:48:05.924,0.56,2.47,0.06
CoinIMP (CPU) (100%),Raspberry Pi 3B 1GB,1,Idle_browser_open,2.82,Cryptojacking,ACS712,02:48:06.906,0.56,2.47,0.06
CoinIMP (CPU) (100%),Raspberry Pi 3B 1GB,1,Idle_browser_open,3.06,Cryptojacking,ACS712,02:48:07.928,0.61,2.48,0.06
CoinIMP (CPU) (100%),Raspberry Pi 3B 1GB,1,Idle_browser_open,1.35,Cryptojacking,ACS712,02:48:08.911,0.27,2.44,0.03
CoinIMP (CPU) (100%),Raspberry Pi 3B 1GB,1,Idle_browser_open,1.11,Cryptojacking,ACS712,02:48:09.929,0.22,2.44,0.02
CoinIMP (CPU) (100%),Raspberry Pi 3B 1GB,1,Idle_browser_open,1.84,Cryptojacking,ACS712,02:48:10.913,0.37,2.45,0.04
CoinIMP (CPU) (100%),Raspberry Pi 3B 1GB,1,Idle_browser_open,1.6,Cryptojacking,ACS712,02:48:11.903,0.32,2.45,0.03
CoinIMP (CPU) (100%),Raspberry Pi 3B 1GB,1,Idle_browser_open,3.55,Cryptojacking,ACS712,02:48:12.924,0.71,2.49,0.07
CoinIMP (CPU) (100%),Raspberry Pi 3B 1GB,1,Idle_browser_open,2.57,Cryptojacking,ACS712,02:48:13.911,0.51,2.47,0.05
CoinIMP (CPU) (100%),Raspberry Pi 3B 1GB,1,Idle_browser_open,1.6,Cryptojacking,ACS712,02:48:14.929,0.32,2.45,0.03
CoinIMP (CPU) (100%),Raspberry Pi 3B 1GB,1,Idle_browser_open,1.6,Cryptojacking,ACS712,02:48:15.914,0.32,2.45,0.03
CoinIMP (CPU) (100%),Raspberry Pi 3B 1GB,1,Idle_browser_open,1.6,Cryptojacking,ACS712,02:48:16.935,0.32,2.45,0.03
CoinIMP (CPU) (100%),Raspberry Pi 3B 1GB,1,Idle_browser_open,1.84,Cryptojacking,ACS712,02:48:17.919,0.37,2.45,0.04
CoinIMP (CPU) (100%),Raspberry Pi 3B 1GB,1,Idle_browser_open,1.35,Cryptojacking,ACS712,02:48:18.906,0.27,2.44,0.03
CoinIMP (CPU) (100%),Raspberry Pi 3B 1GB,1,Idle_browser_open,1.6,Cryptojacking,ACS712,02:48:19.924,0.32,2.45,0.03
CoinIMP (CPU) (100%),Raspberry Pi 3B 1GB,1,Idle_browser_open,0.62,Cryptojacking,ACS712,02:48:20.911,0.12,2.43,0.01
CoinIMP (CPU) (100%),Raspberry Pi 3B 1GB,1,Idle_browser_open,1.35,Cryptojacking,ACS712,02:48:21.918,0.27,2.44,0.03
CoinIMP (CPU) (100%),Raspberry Pi 3B 1GB,1,Idle_browser_open,1.11,Cryptojacking,ACS712,02:48:22.910,0.22,2.44,0.02
CoinIMP (CPU) (100%),Raspberry Pi 3B 1GB,1,Idle_browser_open,1.11,Cryptojacking,ACS712,02:48:23.934,0.22,2.44,0.02
CoinIMP (CPU) (100%),Raspberry Pi 3B 1GB,1,Idle_browser_open,2.09,Cryptojacking,ACS712,02:48:24.924,0.42,2.46,0.04
CoinIMP (CPU) (100%),Raspberry Pi 3B 1GB,1,Idle_browser_open,1.84,Cryptojacking,ACS712,02:48:25.909,0.37,2.45,0.04
CoinIMP (CPU) (100%),Raspberry Pi 3B 1GB,1,Idle_browser_open,1.6,Cryptojacking,ACS712,02:48:26.928,0.32,2.45,0.03
CoinIMP (CPU) (100%),Raspberry Pi 3B 1GB,1,Idle_browser_open,1.35,Cryptojacking,ACS712,02:48:27.915,0.27,2.44,0.03
CoinIMP (CPU) (100%),Raspberry Pi 3B 1GB,1,Idle_browser_open,1.6,Cryptojacking,ACS712,02:48:28.935,0.32,2.45,0.03
CoinIMP (CPU) (100%),Raspberry Pi 3B 1GB,1,Idle_browser_open,1.6,Cryptojacking,ACS712,02:48:29.921,0.32,2.45,0.03
CoinIMP (CPU) (100%),Raspberry Pi 3B 1GB,1,Idle_browser_open,1.6,Cryptojacking,ACS712,02:48:30.943,0.32,2.45,0.03
CoinIMP (CPU) (100%),Raspberry Pi 3B 1GB,1,Idle_browser_open,1.84,Cryptojacking,ACS712,02:48:31.931,0.37,2.45,0.04
CoinIMP (CPU) (100%),Raspberry Pi 3B 1GB,1,Idle_browser_open,2.09,Cryptojacking,ACS712,02:48:32.949,0.42,2.46,0.04
CoinIMP (CPU) (100%),Raspberry Pi 3B 1GB,1,Idle_browser_open,2.09,Cryptojacking,ACS712,02:48:33.934,0.42,2.46,0.04
CoinIMP (CPU) (100%),Raspberry Pi 3B 1GB,1,Idle_browser_open,1.6,Cryptojacking,ACS712,02:48:34.919,0.32,2.45,0.03
CoinIMP (CPU) (100%),Raspberry Pi 3B 1GB,1,Idle_browser_open,1.6,Cryptojacking,ACS712,02:48:35.937,0.32,2.45,0.03
CoinIMP (CPU) (100%),Raspberry Pi 3B 1GB,1,Idle_browser_open,1.6,Cryptojacking,ACS712,02:48:36.925,0.32,2.45,0.03
CoinIMP (CPU) (100%),Raspberry Pi 3B 1GB,1,Idle_browser_open,1.6,Cryptojacking,ACS712,02:48:37.948,0.32,2.45,0.03
CoinIMP (CPU) (100%),Raspberry Pi 3B 1GB,1,Idle_browser_open,1.6,Cryptojacking,ACS712,02:48:38.934,0.32,2.45,0.03
CoinIMP (CPU) (100%),Raspberry Pi 3B 1GB,1,Idle_browser_open,1.11,Cryptojacking,ACS712,02:48:39.922,0.22,2.44,0.02
CoinIMP (CPU) (100%),Raspberry Pi 3B 1GB,1,Idle_browser_open,1.6,Cryptojacking,ACS712,02:48:40.940,0.32,2.45,0.03
CoinIMP (CPU) (100%),Raspberry Pi 3B 1GB,1,Idle_browser_open,1.84,Cryptojacking,ACS712,02:48:41.925,0.37,2.45,0.04
CoinIMP (CPU) (100%),Raspberry Pi 3B 1GB,1,Idle_browser_open,1.6,Cryptojacking,ACS712,02:48:42.945,0.32,2.45,0.03
CoinIMP (CPU) (100%),Raspberry Pi 3B 1GB,1,Idle_browser_open,1.6,Cryptojacking,ACS712,02:48:43.927,0.32,2.45,0.03
CoinIMP (CPU) (100%),Raspberry Pi 3B 1GB,1,Idle_browser_open,1.6,Cryptojacking,ACS712,02:48:44.948,0.32,2.45,0.03
CoinIMP (CPU) (100%),Raspberry Pi 3B 1GB,1,Idle_browser_open,1.84,Cryptojacking,ACS712,02:48:45.937,0.37,2.45,0.04
CoinIMP (CPU) (100%),Raspberry Pi 3B 1GB,1,Idle_browser_open,1.35,Cryptojacking,ACS712,02:48:46.924,0.27,2.44,0.03
CoinIMP (CPU) (100%),Raspberry Pi 3B 1GB,1,Idle_browser_open,1.84,Cryptojacking,ACS712,02:48:47.946,0.37,2.45,0.04
CoinIMP (CPU) (100%),Raspberry Pi 3B 1GB,1,Idle_browser_open,1.11,Cryptojacking,ACS712,02:48:48.931,0.22,2.44,0.02
CoinIMP (CPU) (100%),Raspberry Pi 3B 1GB,1,Idle_browser_open,1.6,Cryptojacking,ACS712,02:48:49.928,0.32,2.45,0.03
CoinIMP (CPU) (100%),Raspberry Pi 3B 1GB,1,Idle_browser_open,1.6,Cryptojacking,ACS712,02:48:50.946,0.32,2.45,0.03
CoinIMP (CPU) (100%),Raspberry Pi 3B 1GB,1,Idle_browser_open,1.84,Cryptojacking,ACS712,02:48:51.933,0.37,2.45,0.04
CoinIMP (CPU) (100%),Raspberry Pi 3B 1GB,1,Idle_browser_open,1.35,Cryptojacking,ACS712,02:48:52.952,0.27,2.44,0.03
CoinIMP (CPU) (100%),Raspberry Pi 3B 1GB,1,Idle_browser_open,1.84,Cryptojacking,ACS712,02:48:53.939,0.37,2.45,0.04
CoinIMP (CPU) (100%),Raspberry Pi 3B 1GB,1,Idle_browser_open,0.86,Cryptojacking,ACS712,02:48:54.959,0.17,2.43,0.02
CoinIMP (CPU) (100%),Raspberry Pi 3B 1GB,1,Idle_browser_open,2.09,Cryptojacking,ACS712,02:48:55.950,0.42,2.46,0.04
CoinIMP (CPU) (100%),Raspberry Pi 3B 1GB,1,Idle_browser_open,1.84,Cryptojacking,ACS712,02:48:56.942,0.37,2.45,0.04
CoinIMP (CPU) (100%),Raspberry Pi 3B 1GB,1,Idle_browser_open,1.6,Cryptojacking,ACS712,02:48:57.961,0.32,2.45,0.03
CoinIMP (CPU) (100%),Raspberry Pi 3B 1GB,1,Idle_browser_open,1.11,Cryptojacking,ACS712,02:48:58.945,0.22,2.44,0.02
CoinIMP (CPU) (100%),Raspberry Pi 3B 1GB,1,Idle_browser_open,1.35,Cryptojacking,ACS712,02:48:59.933,0.27,2.44,0.03
CoinIMP (CPU) (100%),Raspberry Pi 3B 1GB,1,Idle_browser_open,1.35,Cryptojacking,ACS712,02:49:00.953,0.27,2.44,0.03
CoinIMP (CPU) (100%),Raspberry Pi 3B 1GB,1,Idle_browser_open,1.84,Cryptojacking,ACS712,02:49:01.937,0.37,2.45,0.04
CoinIMP (CPU) (100%),Raspberry Pi 3B 1GB,1,Idle_browser_open,2.09,Cryptojacking,ACS712,02:49:02.959,0.42,2.46,0.04
CoinIMP (CPU) (100%),Raspberry Pi 3B 1GB,1,Idle_browser_open,1.84,Cryptojacking,ACS712,02:49:03.950,0.37,2.45,0.04
CoinIMP (CPU) (100%),Raspberry Pi 3B 1GB,1,Idle_browser_open,1.84,Cryptojacking,ACS712,02:49:04.937,0.37,2.45,0.04
CoinIMP (CPU) (100%),Raspberry Pi 3B 1GB,1,Idle_browser_open,2.57,Cryptojacking,ACS712,02:49:05.960,0.51,2.47,0.05
CoinIMP (CPU) (100%),Raspberry Pi 3B 1GB,1,Idle_browser_open,1.84,Cryptojacking,ACS712,02:49:06.952,0.37,2.45,0.04
CoinIMP (CPU) (100%),Raspberry Pi 3B 1GB,1,Idle_browser_open,1.84,Cryptojacking,ACS712,02:49:07.939,0.37,2.45,0.04
CoinIMP (CPU) (100%),Raspberry Pi 3B 1GB,1,Idle_browser_open,2.09,Cryptojacking,ACS712,02:49:08.958,0.42,2.46,0.04
CoinIMP (CPU) (100%),Raspberry Pi 3B 1GB,1,Idle_browser_open,2.33,Cryptojacking,ACS712,02:49:09.945,0.47,2.46,0.05
CoinIMP (CPU) (100%),Raspberry Pi 3B 1GB,1,Idle_browser_open,2.57,Cryptojacking,ACS712,02:49:10.938,0.51,2.47,0.05
CoinIMP (CPU) (100%),Raspberry Pi 3B 1GB,1,Idle_browser_open,2.33,Cryptojacking,ACS712,02:49:11.952,0.47,2.46,0.05
CoinIMP (CPU) (100%),Raspberry Pi 3B 1GB,1,Idle_browser_open,1.84,Cryptojacking,ACS712,02:49:12.941,0.37,2.45,0.04
CoinIMP (CPU) (100%),Raspberry Pi 3B 1GB,1,Idle_browser_open,3.55,Cryptojacking,ACS712,02:49:13.966,0.71,2.49,0.07
CoinIMP (CPU) (100%),Raspberry Pi 3B 1GB,1,Idle_browser_open,2.57,Cryptojacking,ACS712,02:49:14.962,0.51,2.47,0.05
CoinIMP (CPU) (100%),Raspberry Pi 3B 1GB,1,Idle_browser_open,2.33,Cryptojacking,ACS712,02:49:15.949,0.47,2.46,0.05
CoinIMP (CPU) (100%),Raspberry Pi 3B 1GB,1,Idle_browser_open,2.09,Cryptojacking,ACS712,02:49:16.973,0.42,2.46,0.04
CoinIMP (CPU) (100%),Raspberry Pi 3B 1GB,1,Idle_browser_open,2.09,Cryptojacking,ACS712,02:49:17.968,0.42,2.46,0.04
CoinIMP (CPU) (100%),Raspberry Pi 3B 1GB,1,Idle_browser_open,1.84,Cryptojacking,ACS712,02:49:18.955,0.37,2.45,0.04
CoinIMP (CPU) (100%),Raspberry Pi 3B 1GB,1,Idle_browser_open,2.57,Cryptojacking,ACS712,02:49:19.948,0.51,2.47,0.05
CoinIMP (CPU) (100%),Raspberry Pi 3B 1GB,1,Idle_browser_open,1.84,Cryptojacking,ACS712,02:49:20.956,0.37,2.45,0.04
CoinIMP (CPU) (100%),Raspberry Pi 3B 1GB,1,Idle_browser_open,2.09,Cryptojacking,ACS712,02:49:21.959,0.42,2.46,0.04
CoinIMP (CPU) (100%),Raspberry Pi 3B 1GB,1,Idle_browser_open,2.09,Cryptojacking,ACS712,02:49:22.963,0.42,2.46,0.04
CoinIMP (CPU) (100%),Raspberry Pi 3B 1GB,1,Idle_browser_open,1.84,Cryptojacking,ACS712,02:49:23.971,0.37,2.45,0.04
CoinIMP (CPU) (100%),Raspberry Pi 3B 1GB,1,Idle_browser_open,2.09,Cryptojacking,ACS712,02:49:24.980,0.42,2.46,0.04
CoinIMP (CPU) (100%),Raspberry Pi 3B 1GB,1,Idle_browser_open,1.84,Cryptojacking,ACS712,02:49:25.955,0.37,2.45,0.04
CoinIMP (CPU) (100%),Raspberry Pi 3B 1GB,1,Idle_browser_open,1.6,Cryptojacking,ACS712,02:49:26.951,0.32,2.45,0.03
CoinIMP (CPU) (100%),Raspberry Pi 3B 1GB,1,Idle_browser_open,2.33,Cryptojacking,ACS712,02:49:27.985,0.47,2.46,0.05
CoinIMP (CPU) (100%),Raspberry Pi 3B 1GB,1,Idle_browser_open,2.09,Cryptojacking,ACS712,02:49:28.954,0.42,2.46,0.04
CoinIMP (CPU) (100%),Raspberry Pi 3B 1GB,1,Idle_browser_open,1.84,Cryptojacking,ACS712,02:49:29.963,0.37,2.45,0.04
CoinIMP (CPU) (100%),Raspberry Pi 3B 1GB,1,Idle_browser_open,2.09,Cryptojacking,ACS712,02:49:30.969,0.42,2.46,0.04
CoinIMP (CPU) (100%),Raspberry Pi 3B 1GB,1,Idle_browser_open,2.82,Cryptojacking,ACS712,02:49:31.975,0.56,2.47,0.06
CoinIMP (CPU) (100%),Raspberry Pi 3B 1GB,1,Idle_browser_open,1.35,Cryptojacking,ACS712,02:49:32.980,0.27,2.44,0.03
CoinIMP (CPU) (100%),Raspberry Pi 3B 1GB,1,Idle_browser_open,1.84,Cryptojacking,ACS712,02:49:33.985,0.37,2.45,0.04
CoinIMP (CPU) (100%),Raspberry Pi 3B 1GB,1,Idle_browser_open,1.84,Cryptojacking,ACS712,02:49:34.959,0.37,2.45,0.04
CoinIMP (CPU) (100%),Raspberry Pi 3B 1GB,1,Idle_browser_open,1.84,Cryptojacking,ACS712,02:49:35.965,0.37,2.45,0.04
CoinIMP (CPU) (100%),Raspberry Pi 3B 1GB,1,Idle_browser_open,1.6,Cryptojacking,ACS712,02:49:36.973,0.32,2.45,0.03
CoinIMP (CPU) (100%),Raspberry Pi 3B 1GB,1,Idle_browser_open,1.6,Cryptojacking,ACS712,02:49:37.987,0.32,2.45,0.03
CoinIMP (CPU) (100%),Raspberry Pi 3B 1GB,1,Idle_browser_open,3.31,Cryptojacking,ACS712,02:49:38.958,0.66,2.48,0.07
CoinIMP (CPU) (100%),Raspberry Pi 3B 1GB,1,Idle_browser_open,2.33,Cryptojacking,ACS712,02:49:39.967,0.47,2.46,0.05
CoinIMP (CPU) (100%),Raspberry Pi 3B 1GB,1,Idle_browser_open,1.84,Cryptojacking,ACS712,02:49:40.972,0.37,2.45,0.04
CoinIMP (CPU) (100%),Raspberry Pi 3B 1GB,1,Idle_browser_open,1.84,Cryptojacking,ACS712,02:49:41.980,0.37,2.45,0.04
CoinIMP (CPU) (100%),Raspberry Pi 3B 1GB,1,Idle_browser_open,2.33,Cryptojacking,ACS712,02:49:42.992,0.47,2.46,0.05
CoinIMP (CPU) (100%),Raspberry Pi 3B 1GB,1,Idle_browser_open,1.84,Cryptojacking,ACS712,02:49:43.967,0.37,2.45,0.04
CoinIMP (CPU) (100%),Raspberry Pi 3B 1GB,1,Idle_browser_open,3.06,Cryptojacking,ACS712,02:49:44.984,0.61,2.48,0.06
CoinIMP (CPU) (100%),Raspberry Pi 3B 1GB,1,Idle_browser_open,1.84,Cryptojacking,ACS712,02:49:45.964,0.37,2.45,0.04
CoinIMP (CPU) (100%),Raspberry Pi 3B 1GB,1,Idle_browser_open,1.84,Cryptojacking,ACS712,02:49:46.976,0.37,2.45,0.04
CoinIMP (CPU) (100%),Raspberry Pi 3B 1GB,1,Idle_browser_open,1.84,Cryptojacking,ACS712,02:49:47.983,0.37,2.45,0.04
CoinIMP (CPU) (100%),Raspberry Pi 3B 1GB,1,Idle_browser_open,2.09,Cryptojacking,ACS712,02:49:48.994,0.42,2.46,0.04
CoinIMP (CPU) (100%),Raspberry Pi 3B 1GB,1,Idle_browser_open,2.09,Cryptojacking,ACS712,02:49:49.969,0.42,2.46,0.04
CoinIMP (CPU) (100%),Raspberry Pi 3B 1GB,1,Idle_browser_open,2.33,Cryptojacking,ACS712,02:49:50.974,0.47,2.46,0.05
CoinIMP (CPU) (100%),Raspberry Pi 3B 1GB,1,Idle_browser_open,2.09,Cryptojacking,ACS712,02:49:51.981,0.42,2.46,0.04
CoinIMP (CPU) (100%),Raspberry Pi 3B 1GB,1,Idle_browser_open,1.84,Cryptojacking,ACS712,02:49:52.983,0.37,2.45,0.04
CoinIMP (CPU) (100%),Raspberry Pi 3B 1GB,1,Idle_browser_open,2.57,Cryptojacking,ACS712,02:49:53.988,0.51,2.47,0.05
CoinIMP (CPU) (100%),Raspberry Pi 3B 1GB,1,Idle_browser_open,2.09,Cryptojacking,ACS712,02:49:54.998,0.42,2.46,0.04
CoinIMP (CPU) (100%),Raspberry Pi 3B 1GB,1,Idle_browser_open,2.09,Cryptojacking,ACS712,02:49:55.972,0.42,2.46,0.04
CoinIMP (CPU) (100%),Raspberry Pi 3B 1GB,1,Idle_browser_open,2.09,Cryptojacking,ACS712,02:49:56.974,0.42,2.46,0.04
CoinIMP (CPU) (100%),Raspberry Pi 3B 1GB,1,Idle_browser_open,2.33,Cryptojacking,ACS712,02:49:57.979,0.47,2.46,0.05
CoinIMP (CPU) (100%),Raspberry Pi 3B 1GB,1,Idle_browser_open,2.33,Cryptojacking,ACS712,02:49:58.991,0.47,2.46,0.05
CoinIMP (CPU) (100%),Raspberry Pi 3B 1GB,1,Attack,1.6,Cryptojacking,ACS712,02:50:00.006,0.32,2.45,0.03
CoinIMP (CPU) (100%),Raspberry Pi 3B 1GB,1,Attack,2.09,Cryptojacking,ACS712,02:50:00.988,0.42,2.46,0.04
CoinIMP (CPU) (100%),Raspberry Pi 3B 1GB,1,Attack,3.31,Cryptojacking,ACS712,02:50:01.999,0.66,2.48,0.07
CoinIMP (CPU) (100%),Raspberry Pi 3B 1GB,1,Attack,3.06,Cryptojacking,ACS712,02:50:02.975,0.61,2.48,0.06
CoinIMP (CPU) (100%),Raspberry Pi 3B 1GB,1,Attack,4.04,Cryptojacking,ACS712,02:50:03.984,0.81,2.5,0.08
CoinIMP (CPU) (100%),Raspberry Pi 3B 1GB,1,Attack,5.26,Cryptojacking,ACS712,02:50:04.982,1.05,2.52,0.11
CoinIMP (CPU) (100%),Raspberry Pi 3B 1GB,1,Attack,4.77,Cryptojacking,ACS712,02:50:05.988,0.95,2.51,0.1
CoinIMP (CPU) (100%),Raspberry Pi 3B 1GB,1,Attack,4.04,Cryptojacking,ACS712,02:50:06.988,0.81,2.5,0.08
CoinIMP (CPU) (100%),Raspberry Pi 3B 1GB,1,Attack,4.77,Cryptojacking,ACS712,02:50:08.003,0.95,2.51,0.1
CoinIMP (CPU) (100%),Raspberry Pi 3B 1GB,1,Attack,4.77,Cryptojacking,ACS712,02:50:09.010,0.95,2.51,0.1
CoinIMP (CPU) (100%),Raspberry Pi 3B 1GB,1,Attack,4.04,Cryptojacking,ACS712,02:50:09.980,0.81,2.5,0.08
CoinIMP (CPU) (100%),Raspberry Pi 3B 1GB,1,Attack,4.53,Cryptojacking,ACS712,02:50:10.990,0.91,2.51,0.09
CoinIMP (CPU) (100%),Raspberry Pi 3B 1GB,1,Attack,4.28,Cryptojacking,ACS712,02:50:11.999,0.86,2.5,0.09
CoinIMP (CPU) (100%),Raspberry Pi 3B 1GB,1,Attack,5.02,Cryptojacking,ACS712,02:50:13.004,1.0,2.52,0.1
CoinIMP (CPU) (100%),Raspberry Pi 3B 1GB,1,Attack,5.02,Cryptojacking,ACS712,02:50:13.981,1.0,2.52,0.1
CoinIMP (CPU) (100%),Raspberry Pi 3B 1GB,1,Attack,4.77,Cryptojacking,ACS712,02:50:14.985,0.95,2.51,0.1
CoinIMP (CPU) (100%),Raspberry Pi 3B 1GB,1,Attack,5.02,Cryptojacking,ACS712,02:50:15.995,1.0,2.52,0.1
CoinIMP (CPU) (100%),Raspberry Pi 3B 1GB,1,Attack,5.02,Cryptojacking,ACS712,02:50:16.996,1.0,2.52,0.1
CoinIMP (CPU) (100%),Raspberry Pi 3B 1GB,1,Attack,4.53,Cryptojacking,ACS712,02:50:18.004,0.91,2.51,0.09
CoinIMP (CPU) (100%),Raspberry Pi 3B 1GB,1,Attack,4.04,Cryptojacking,ACS712,02:50:19.011,0.81,2.5,0.08
CoinIMP (CPU) (100%),Raspberry Pi 3B 1GB,1,Attack,4.53,Cryptojacking,ACS712,02:50:20.013,0.91,2.51,0.09
CoinIMP (CPU) (100%),Raspberry Pi 3B 1GB,1,Attack,5.02,Cryptojacking,ACS712,02:50:21.013,1.0,2.52,0.1
CoinIMP (CPU) (100%),Raspberry Pi 3B 1GB,1,Attack,4.77,Cryptojacking,ACS712,02:50:22.012,0.95,2.51,0.1
CoinIMP (CPU) (100%),Raspberry Pi 3B 1GB,1,Attack,3.8,Cryptojacking,ACS712,02:50:23.020,0.76,2.49,0.08
CoinIMP (CPU) (100%),Raspberry Pi 3B 1GB,1,Attack,4.28,Cryptojacking,ACS712,02:50:23.984,0.86,2.5,0.09
CoinIMP (CPU) (100%),Raspberry Pi 3B 1GB,1,Attack,4.28,Cryptojacking,ACS712,02:50:24.984,0.86,2.5,0.09
CoinIMP (CPU) (100%),Raspberry Pi 3B 1GB,1,Attack,4.53,Cryptojacking,ACS712,02:50:26.019,0.91,2.51,0.09
CoinIMP (CPU) (100%),Raspberry Pi 3B 1GB,1,Attack,4.53,Cryptojacking,ACS712,02:50:26.995,0.91,2.51,0.09
CoinIMP (CPU) (100%),Raspberry Pi 3B 1GB,1,Attack,4.28,Cryptojacking,ACS712,02:50:28.003,0.86,2.5,0.09
CoinIMP (CPU) (100%),Raspberry Pi 3B 1GB,1,Attack,4.28,Cryptojacking,ACS712,02:50:29.001,0.86,2.5,0.09
CoinIMP (CPU) (100%),Raspberry Pi 3B 1GB,1,Attack,4.77,Cryptojacking,ACS712,02:50:30.004,0.95,2.51,0.1
CoinIMP (CPU) (100%),Raspberry Pi 3B 1GB,1,Attack,4.77,Cryptojacking,ACS712,02:50:31.012,0.95,2.51,0.1
CoinIMP (CPU) (100%),Raspberry Pi 3B 1GB,1,Attack,5.02,Cryptojacking,ACS712,02:50:32.008,1.0,2.52,0.1
CoinIMP (CPU) (100%),Raspberry Pi 3B 1GB,1,Attack,5.02,Cryptojacking,ACS712,02:50:33.009,1.0,2.52,0.1
CoinIMP (CPU) (100%),Raspberry Pi 3B 1GB,1,Attack,4.28,Cryptojacking,ACS712,02:50:34.010,0.86,2.5,0.09
CoinIMP (CPU) (100%),Raspberry Pi 3B 1GB,1,Attack,4.53,Cryptojacking,ACS712,02:50:35.022,0.91,2.51,0.09
CoinIMP (CPU) (100%),Raspberry Pi 3B 1GB,1,Attack,4.53,Cryptojacking,ACS712,02:50:36.022,0.91,2.51,0.09
CoinIMP (CPU) (100%),Raspberry Pi 3B 1GB,1,Attack,4.28,Cryptojacking,ACS712,02:50:36.995,0.86,2.5,0.09
CoinIMP (CPU) (100%),Raspberry Pi 3B 1GB,1,Attack,4.53,Cryptojacking,ACS712,02:50:38.002,0.91,2.51,0.09
CoinIMP (CPU) (100%),Raspberry Pi 3B 1GB,1,Attack,4.53,Cryptojacking,ACS712,02:50:39.008,0.91,2.51,0.09
CoinIMP (CPU) (100%),Raspberry Pi 3B 1GB,1,Attack,4.77,Cryptojacking,ACS712,02:50:40.015,0.95,2.51,0.1
CoinIMP (CPU) (100%),Raspberry Pi 3B 1GB,1,Attack,4.77,Cryptojacking,ACS712,02:50:41.023,0.95,2.51,0.1
CoinIMP (CPU) (100%),Raspberry Pi 3B 1GB,1,Attack,4.77,Cryptojacking,ACS712,02:50:41.997,0.95,2.51,0.1
CoinIMP (CPU) (100%),Raspberry Pi 3B 1GB,1,Attack,4.77,Cryptojacking,ACS712,02:50:43.009,0.95,2.51,0.1
CoinIMP (CPU) (100%),Raspberry Pi 3B 1GB,1,Attack,5.02,Cryptojacking,ACS712,02:50:44.014,1.0,2.52,0.1
CoinIMP (CPU) (100%),Raspberry Pi 3B 1GB,1,Attack,4.53,Cryptojacking,ACS712,02:50:45.022,0.91,2.51,0.09
CoinIMP (CPU) (100%),Raspberry Pi 3B 1GB,1,Attack,4.53,Cryptojacking,ACS712,02:50:46.026,0.91,2.51,0.09
CoinIMP (CPU) (100%),Raspberry Pi 3B 1GB,1,Attack,4.53,Cryptojacking,ACS712,02:50:47.028,0.91,2.51,0.09
CoinIMP (CPU) (100%),Raspberry Pi 3B 1GB,1,Attack,4.53,Cryptojacking,ACS712,02:50:47.998,0.91,2.51,0.09
CoinIMP (CPU) (100%),Raspberry Pi 3B 1GB,1,Attack,4.77,Cryptojacking,ACS712,02:50:49.035,0.95,2.51,0.1
CoinIMP (CPU) (100%),Raspberry Pi 3B 1GB,1,Attack,5.26,Cryptojacking,ACS712,02:50:50.004,1.05,2.52,0.11
CoinIMP (CPU) (100%),Raspberry Pi 3B 1GB,1,Attack,4.53,Cryptojacking,ACS712,02:50:51.007,0.91,2.51,0.09
CoinIMP (CPU) (100%),Raspberry Pi 3B 1GB,1,Attack,5.26,Cryptojacking,ACS712,02:50:52.013,1.05,2.52,0.11
CoinIMP (CPU) (100%),Raspberry Pi 3B 1GB,1,Attack,5.02,Cryptojacking,ACS712,02:50:53.019,1.0,2.52,0.1
CoinIMP (CPU) (100%),Raspberry Pi 3B 1GB,1,Attack,4.28,Cryptojacking,ACS712,02:50:54.021,0.86,2.5,0.09
CoinIMP (CPU) (100%),Raspberry Pi 3B 1GB,1,Attack,5.02,Cryptojacking,ACS712,02:50:55.026,1.0,2.52,0.1
CoinIMP (CPU) (100%),Raspberry Pi 3B 1GB,1,Attack,4.77,Cryptojacking,ACS712,02:50:56.036,0.95,2.51,0.1
CoinIMP (CPU) (100%),Raspberry Pi 3B 1GB,1,Attack,4.53,Cryptojacking,ACS712,02:50:57.011,0.91,2.51,0.09
CoinIMP (CPU) (100%),Raspberry Pi 3B 1GB,1,Attack,4.77,Cryptojacking,ACS712,02:50:58.027,0.95,2.51,0.1
CoinIMP (CPU) (100%),Raspberry Pi 3B 1GB,1,Attack,4.53,Cryptojacking,ACS712,02:50:59.029,0.91,2.51,0.09
CoinIMP (CPU) (100%),Raspberry Pi 3B 1GB,1,Attack,5.02,Cryptojacking,ACS712,02:51:00.008,1.0,2.52,0.1
CoinIMP (CPU) (100%),Raspberry Pi 3B 1GB,1,Attack,4.28,Cryptojacking,ACS712,02:51:01.012,0.86,2.5,0.09
CoinIMP (CPU) (100%),Raspberry Pi 3B 1GB,1,Attack,4.04,Cryptojacking,ACS712,02:51:02.016,0.81,2.5,0.08
CoinIMP (CPU) (100%),Raspberry Pi 3B 1GB,1,Attack,4.28,Cryptojacking,ACS712,02:51:03.027,0.86,2.5,0.09
CoinIMP (CPU) (100%),Raspberry Pi 3B 1GB,1,Attack,4.77,Cryptojacking,ACS712,02:51:04.010,0.95,2.51,0.1
CoinIMP (CPU) (100%),Raspberry Pi 3B 1GB,1,Attack,5.26,Cryptojacking,ACS712,02:51:05.014,1.05,2.52,0.11
CoinIMP (CPU) (100%),Raspberry Pi 3B 1GB,1,Attack,5.26,Cryptojacking,ACS712,02:51:06.023,1.05,2.52,0.11
CoinIMP (CPU) (100%),Raspberry Pi 3B 1GB,1,Attack,5.26,Cryptojacking,ACS712,02:51:07.031,1.05,2.52,0.11
CoinIMP (CPU) (100%),Raspberry Pi 3B 1GB,1,Attack,5.02,Cryptojacking,ACS712,02:51:08.035,1.0,2.52,0.1
CoinIMP (CPU) (100%),Raspberry Pi 3B 1GB,1,Attack,5.26,Cryptojacking,ACS712,02:51:09.043,1.05,2.52,0.11
CoinIMP (CPU) (100%),Raspberry Pi 3B 1GB,1,Attack,5.02,Cryptojacking,ACS712,02:51:10.015,1.0,2.52,0.1
CoinIMP (CPU) (100%),Raspberry Pi 3B 1GB,1,Attack,4.77,Cryptojacking,ACS712,02:51:11.024,0.95,2.51,0.1
CoinIMP (CPU) (100%),Raspberry Pi 3B 1GB,1,Attack,4.77,Cryptojacking,ACS712,02:51:12.032,0.95,2.51,0.1
CoinIMP (CPU) (100%),Raspberry Pi 3B 1GB,1,Attack,4.77,Cryptojacking,ACS712,02:51:13.035,0.95,2.51,0.1
CoinIMP (CPU) (100%),Raspberry Pi 3B 1GB,1,Attack,4.77,Cryptojacking,ACS712,02:51:14.036,0.95,2.51,0.1
CoinIMP (CPU) (100%),Raspberry Pi 3B 1GB,1,Attack,4.04,Cryptojacking,ACS712,02:51:15.038,0.81,2.5,0.08
CoinIMP (CPU) (100%),Raspberry Pi 3B 1GB,1,Attack,4.04,Cryptojacking,ACS712,02:51:16.039,0.81,2.5,0.08
CoinIMP (CPU) (100%),Raspberry Pi 3B 1GB,1,Attack,5.26,Cryptojacking,ACS712,02:51:17.048,1.05,2.52,0.11
CoinIMP (CPU) (100%),Raspberry Pi 3B 1GB,1,Attack,4.77,Cryptojacking,ACS712,02:51:18.050,0.95,2.51,0.1
CoinIMP (CPU) (100%),Raspberry Pi 3B 1GB,1,Attack,4.53,Cryptojacking,ACS712,02:51:19.027,0.91,2.51,0.09
CoinIMP (CPU) (100%),Raspberry Pi 3B 1GB,1,Attack,5.26,Cryptojacking,ACS712,02:51:20.028,1.05,2.52,0.11
CoinIMP (CPU) (100%),Raspberry Pi 3B 1GB,1,Attack,5.02,Cryptojacking,ACS712,02:51:21.037,1.0,2.52,0.1
CoinIMP (CPU) (100%),Raspberry Pi 3B 1GB,1,Attack,5.51,Cryptojacking,ACS712,02:51:22.045,1.1,2.53,0.11
CoinIMP (CPU) (100%),Raspberry Pi 3B 1GB,1,Attack,4.77,Cryptojacking,ACS712,02:51:23.022,0.95,2.51,0.1
CoinIMP (CPU) (100%),Raspberry Pi 3B 1GB,1,Attack,4.77,Cryptojacking,ACS712,02:51:24.029,0.95,2.51,0.1
CoinIMP (CPU) (100%),Raspberry Pi 3B 1GB,1,Attack,4.77,Cryptojacking,ACS712,02:51:25.036,0.95,2.51,0.1
CoinIMP (CPU) (100%),Raspberry Pi 3B 1GB,1,Attack,5.02,Cryptojacking,ACS712,02:51:26.040,1.0,2.52,0.1
CoinIMP (CPU) (100%),Raspberry Pi 3B 1GB,1,Attack,5.26,Cryptojacking,ACS712,02:51:27.045,1.05,2.52,0.11
CoinIMP (CPU) (100%),Raspberry Pi 3B 1GB,1,Attack,5.02,Cryptojacking,ACS712,02:51:28.048,1.0,2.52,0.1
CoinIMP (CPU) (100%),Raspberry Pi 3B 1GB,1,Attack,4.53,Cryptojacking,ACS712,02:51:29.055,0.91,2.51,0.09
CoinIMP (CPU) (100%),Raspberry Pi 3B 1GB,1,Attack,5.02,Cryptojacking,ACS712,02:51:30.025,1.0,2.52,0.1
CoinIMP (CPU) (100%),Raspberry Pi 3B 1GB,1,Attack,4.53,Cryptojacking,ACS712,02:51:31.032,0.91,2.51,0.09
CoinIMP (CPU) (100%),Raspberry Pi 3B 1GB,1,Attack,5.02,Cryptojacking,ACS712,02:51:32.043,1.0,2.52,0.1
CoinIMP (CPU) (100%),Raspberry Pi 3B 1GB,1,Attack,5.26,Cryptojacking,ACS712,02:51:33.048,1.05,2.52,0.11
CoinIMP (CPU) (100%),Raspberry Pi 3B 1GB,1,Attack,4.77,Cryptojacking,ACS712,02:51:34.055,0.95,2.51,0.1
CoinIMP (CPU) (100%),Raspberry Pi 3B 1GB,1,Attack,5.51,Cryptojacking,ACS712,02:51:35.032,1.1,2.53,0.11
CoinIMP (CPU) (100%),Raspberry Pi 3B 1GB,1,Attack,5.51,Cryptojacking,ACS712,02:51:36.042,1.1,2.53,0.11
CoinIMP (CPU) (100%),Raspberry Pi 3B 1GB,1,Attack,5.26,Cryptojacking,ACS712,02:51:37.042,1.05,2.52,0.11
CoinIMP (CPU) (100%),Raspberry Pi 3B 1GB,1,Attack,4.77,Cryptojacking,ACS712,02:51:38.045,0.95,2.51,0.1
CoinIMP (CPU) (100%),Raspberry Pi 3B 1GB,1,Attack,4.77,Cryptojacking,ACS712,02:51:39.049,0.95,2.51,0.1
CoinIMP (CPU) (100%),Raspberry Pi 3B 1GB,1,Attack,5.75,Cryptojacking,ACS712,02:51:40.056,1.15,2.53,0.12
CoinIMP (CPU) (100%),Raspberry Pi 3B 1GB,1,Attack,5.02,Cryptojacking,ACS712,02:51:41.064,1.0,2.52,0.1
CoinIMP (CPU) (100%),Raspberry Pi 3B 1GB,1,Attack,5.51,Cryptojacking,ACS712,02:51:42.040,1.1,2.53,0.11
CoinIMP (CPU) (100%),Raspberry Pi 3B 1GB,1,Attack,5.51,Cryptojacking,ACS712,02:51:43.047,1.1,2.53,0.11
CoinIMP (CPU) (100%),Raspberry Pi 3B 1GB,1,Attack,5.26,Cryptojacking,ACS712,02:51:44.058,1.05,2.52,0.11
CoinIMP (CPU) (100%),Raspberry Pi 3B 1GB,1,Attack,5.02,Cryptojacking,ACS712,02:51:45.066,1.0,2.52,0.1
CoinIMP (CPU) (100%),Raspberry Pi 3B 1GB,1,Attack,5.26,Cryptojacking,ACS712,02:51:46.067,1.05,2.52,0.11
CoinIMP (CPU) (100%),Raspberry Pi 3B 1GB,1,Attack,5.51,Cryptojacking,ACS712,02:51:47.067,1.1,2.53,0.11
CoinIMP (CPU) (100%),Raspberry Pi 3B 1GB,1,Attack,4.77,Cryptojacking,ACS712,02:51:48.068,0.95,2.51,0.1
CoinIMP (CPU) (100%),Raspberry Pi 3B 1GB,1,Attack,5.26,Cryptojacking,ACS712,02:51:49.045,1.05,2.52,0.11
CoinIMP (CPU) (100%),Raspberry Pi 3B 1GB,1,Attack,5.51,Cryptojacking,ACS712,02:51:50.053,1.1,2.53,0.11
CoinIMP (CPU) (100%),Raspberry Pi 3B 1GB,1,Attack,6.0,Cryptojacking,ACS712,02:51:51.052,1.2,2.54,0.12
CoinIMP (CPU) (100%),Raspberry Pi 3B 1GB,1,Attack,5.51,Cryptojacking,ACS712,02:51:52.055,1.1,2.53,0.11
CoinIMP (CPU) (100%),Raspberry Pi 3B 1GB,1,Attack,5.02,Cryptojacking,ACS712,02:51:53.071,1.0,2.52,0.1
CoinIMP (CPU) (100%),Raspberry Pi 3B 1GB,1,Attack,5.26,Cryptojacking,ACS712,02:51:54.046,1.05,2.52,0.11
CoinIMP (CPU) (100%),Raspberry Pi 3B 1GB,1,Attack,5.51,Cryptojacking,ACS712,02:51:55.049,1.1,2.53,0.11
CoinIMP (CPU) (100%),Raspberry Pi 3B 1GB,1,Attack,6.48,Cryptojacking,ACS712,02:51:56.056,1.3,2.55,0.13
CoinIMP (CPU) (100%),Raspberry Pi 3B 1GB,1,Attack,5.51,Cryptojacking,ACS712,02:51:57.065,1.1,2.53,0.11
CoinIMP (CPU) (100%),Raspberry Pi 3B 1GB,1,Attack,5.51,Cryptojacking,ACS712,02:51:58.070,1.1,2.53,0.11
CoinIMP (CPU) (100%),Raspberry Pi 3B 1GB,1,Attack,5.26,Cryptojacking,ACS712,02:51:59.075,1.05,2.52,0.11
CoinIMP (CPU) (100%),Raspberry Pi 3B 1GB,1,Attack,5.26,Cryptojacking,ACS712,02:52:00.078,1.05,2.52,0.11
CoinIMP (CPU) (100%),Raspberry Pi 3B 1GB,1,Attack,5.26,Cryptojacking,ACS712,02:52:01.050,1.05,2.52,0.11
CoinIMP (CPU) (100%),Raspberry Pi 3B 1GB,1,Attack,5.26,Cryptojacking,ACS712,02:52:02.057,1.05,2.52,0.11
CoinIMP (CPU) (100%),Raspberry Pi 3B 1GB,1,Attack,5.75,Cryptojacking,ACS712,02:52:03.065,1.15,2.53,0.12
CoinIMP (CPU) (100%),Raspberry Pi 3B 1GB,1,Attack,5.51,Cryptojacking,ACS712,02:52:04.064,1.1,2.53,0.11
CoinIMP (CPU) (100%),Raspberry Pi 3B 1GB,1,Attack,5.51,Cryptojacking,ACS712,02:52:05.064,1.1,2.53,0.11
CoinIMP (CPU) (100%),Raspberry Pi 3B 1GB,1,Attack,4.77,Cryptojacking,ACS712,02:52:06.074,0.95,2.51,0.1
CoinIMP (CPU) (100%),Raspberry Pi 3B 1GB,1,Attack,5.51,Cryptojacking,ACS712,02:52:07.080,1.1,2.53,0.11
CoinIMP (CPU) (100%),Raspberry Pi 3B 1GB,1,Attack,5.26,Cryptojacking,ACS712,02:52:08.053,1.05,2.52,0.11
CoinIMP (CPU) (100%),Raspberry Pi 3B 1GB,1,Attack,5.26,Cryptojacking,ACS712,02:52:09.065,1.05,2.52,0.11
CoinIMP (CPU) (100%),Raspberry Pi 3B 1GB,1,Attack,5.26,Cryptojacking,ACS712,02:52:10.073,1.05,2.52,0.11
CoinIMP (CPU) (100%),Raspberry Pi 3B 1GB,1,Attack,5.02,Cryptojacking,ACS712,02:52:11.079,1.0,2.52,0.1
CoinIMP (CPU) (100%),Raspberry Pi 3B 1GB,1,Attack,5.51,Cryptojacking,ACS712,02:52:12.085,1.1,2.53,0.11
CoinIMP (CPU) (100%),Raspberry Pi 3B 1GB,1,Attack,5.51,Cryptojacking,ACS712,02:52:13.085,1.1,2.53,0.11
CoinIMP (CPU) (100%),Raspberry Pi 3B 1GB,1,Attack,4.28,Cryptojacking,ACS712,02:52:14.056,0.86,2.5,0.09
CoinIMP (CPU) (100%),Raspberry Pi 3B 1GB,1,Attack,5.26,Cryptojacking,ACS712,02:52:15.055,1.05,2.52,0.11
CoinIMP (CPU) (100%),Raspberry Pi 3B 1GB,1,Attack,5.75,Cryptojacking,ACS712,02:52:16.058,1.15,2.53,0.12
CoinIMP (CPU) (100%),Raspberry Pi 3B 1GB,1,Attack,4.77,Cryptojacking,ACS712,02:52:17.064,0.95,2.51,0.1
CoinIMP (CPU) (100%),Raspberry Pi 3B 1GB,1,Attack,5.02,Cryptojacking,ACS712,02:52:18.070,1.0,2.52,0.1
CoinIMP (CPU) (100%),Raspberry Pi 3B 1GB,1,Attack,5.51,Cryptojacking,ACS712,02:52:19.075,1.1,2.53,0.11
CoinIMP (CPU) (100%),Raspberry Pi 3B 1GB,1,Attack,4.53,Cryptojacking,ACS712,02:52:20.085,0.91,2.51,0.09
CoinIMP (CPU) (100%),Raspberry Pi 3B 1GB,1,Attack,4.77,Cryptojacking,ACS712,02:52:21.090,0.95,2.51,0.1
CoinIMP (CPU) (100%),Raspberry Pi 3B 1GB,1,Attack,5.26,Cryptojacking,ACS712,02:52:22.094,1.05,2.52,0.11
CoinIMP (CPU) (100%),Raspberry Pi 3B 1GB,1,Attack,4.53,Cryptojacking,ACS712,02:52:23.066,0.91,2.51,0.09
CoinIMP (CPU) (100%),Raspberry Pi 3B 1GB,1,Attack,5.02,Cryptojacking,ACS712,02:52:24.072,1.0,2.52,0.1
CoinIMP (CPU) (100%),Raspberry Pi 3B 1GB,1,Attack,5.26,Cryptojacking,ACS712,02:52:25.084,1.05,2.52,0.11
CoinIMP (CPU) (100%),Raspberry Pi 3B 1GB,1,Attack,5.26,Cryptojacking,ACS712,02:52:26.091,1.05,2.52,0.11
CoinIMP (CPU) (100%),Raspberry Pi 3B 1GB,1,Attack,5.26,Cryptojacking,ACS712,02:52:27.068,1.05,2.52,0.11
CoinIMP (CPU) (100%),Raspberry Pi 3B 1GB,1,Attack,5.51,Cryptojacking,ACS712,02:52:28.078,1.1,2.53,0.11
CoinIMP (CPU) (100%),Raspberry Pi 3B 1GB,1,Attack,5.75,Cryptojacking,ACS712,02:52:29.089,1.15,2.53,0.12
CoinIMP (CPU) (100%),Raspberry Pi 3B 1GB,1,Attack,5.26,Cryptojacking,ACS712,02:52:30.096,1.05,2.52,0.11
CoinIMP (CPU) (100%),Raspberry Pi 3B 1GB,1,Attack,5.26,Cryptojacking,ACS712,02:52:31.066,1.05,2.52,0.11
CoinIMP (CPU) (100%),Raspberry Pi 3B 1GB,1,Attack,5.02,Cryptojacking,ACS712,02:52:32.067,1.0,2.52,0.1
CoinIMP (CPU) (100%),Raspberry Pi 3B 1GB,1,Attack,5.51,Cryptojacking,ACS712,02:52:33.075,1.1,2.53,0.11
CoinIMP (CPU) (100%),Raspberry Pi 3B 1GB,1,Attack,5.02,Cryptojacking,ACS712,02:52:34.079,1.0,2.52,0.1
CoinIMP (CPU) (100%),Raspberry Pi 3B 1GB,1,Attack,4.77,Cryptojacking,ACS712,02:52:35.084,0.95,2.51,0.1
CoinIMP (CPU) (100%),Raspberry Pi 3B 1GB,1,Attack,5.02,Cryptojacking,ACS712,02:52:36.085,1.0,2.52,0.1
CoinIMP (CPU) (100%),Raspberry Pi 3B 1GB,1,Attack,4.77,Cryptojacking,ACS712,02:52:37.092,0.95,2.51,0.1
CoinIMP (CPU) (100%),Raspberry Pi 3B 1GB,1,Attack,4.77,Cryptojacking,ACS712,02:52:38.101,0.95,2.51,0.1
CoinIMP (CPU) (100%),Raspberry Pi 3B 1GB,1,Attack,5.26,Cryptojacking,ACS712,02:52:39.075,1.05,2.52,0.11
CoinIMP (CPU) (100%),Raspberry Pi 3B 1GB,1,Attack,4.77,Cryptojacking,ACS712,02:52:40.079,0.95,2.51,0.1
CoinIMP (CPU) (100%),Raspberry Pi 3B 1GB,1,Attack,5.26,Cryptojacking,ACS712,02:52:41.080,1.05,2.52,0.11
CoinIMP (CPU) (100%),Raspberry Pi 3B 1GB,1,Attack,4.53,Cryptojacking,ACS712,02:52:42.086,0.91,2.51,0.09
CoinIMP (CPU) (100%),Raspberry Pi 3B 1GB,1,Attack,4.28,Cryptojacking,ACS712,02:52:43.084,0.86,2.5,0.09
CoinIMP (CPU) (100%),Raspberry Pi 3B 1GB,1,Attack,4.77,Cryptojacking,ACS712,02:52:44.087,0.95,2.51,0.1
CoinIMP (CPU) (100%),Raspberry Pi 3B 1GB,1,Attack,4.53,Cryptojacking,ACS712,02:52:45.096,0.91,2.51,0.09
CoinIMP (CPU) (100%),Raspberry Pi 3B 1GB,1,Attack,5.26,Cryptojacking,ACS712,02:52:46.099,1.05,2.52,0.11
CoinIMP (CPU) (100%),Raspberry Pi 3B 1GB,1,Attack,4.53,Cryptojacking,ACS712,02:52:47.105,0.91,2.51,0.09
CoinIMP (CPU) (100%),Raspberry Pi 3B 1GB,1,Attack,4.53,Cryptojacking,ACS712,02:52:48.083,0.91,2.51,0.09
CoinIMP (CPU) (100%),Raspberry Pi 3B 1GB,1,Attack,3.8,Cryptojacking,ACS712,02:52:49.085,0.76,2.49,0.08
CoinIMP (CPU) (100%),Raspberry Pi 3B 1GB,1,Attack,4.77,Cryptojacking,ACS712,02:52:50.096,0.95,2.51,0.1
CoinIMP (CPU) (100%),Raspberry Pi 3B 1GB,1,Attack,4.77,Cryptojacking,ACS712,02:52:51.088,0.95,2.51,0.1
CoinIMP (CPU) (100%),Raspberry Pi 3B 1GB,1,Attack,4.53,Cryptojacking,ACS712,02:52:52.101,0.91,2.51,0.09
CoinIMP (CPU) (100%),Raspberry Pi 3B 1GB,1,Attack,4.77,Cryptojacking,ACS712,02:52:53.079,0.95,2.51,0.1
CoinIMP (CPU) (100%),Raspberry Pi 3B 1GB,1,Attack,4.28,Cryptojacking,ACS712,02:52:54.088,0.86,2.5,0.09
CoinIMP (CPU) (100%),Raspberry Pi 3B 1GB,1,Attack,4.77,Cryptojacking,ACS712,02:52:55.115,0.95,2.51,0.1
CoinIMP (CPU) (100%),Raspberry Pi 3B 1GB,1,Attack,5.02,Cryptojacking,ACS712,02:52:56.106,1.0,2.52,0.1
CoinIMP (CPU) (100%),Raspberry Pi 3B 1GB,1,Attack,4.28,Cryptojacking,ACS712,02:52:57.109,0.86,2.5,0.09
CoinIMP (CPU) (100%),Raspberry Pi 3B 1GB,1,Attack,4.53,Cryptojacking,ACS712,02:52:58.112,0.91,2.51,0.09
CoinIMP (CPU) (100%),Raspberry Pi 3B 1GB,1,Attack,4.77,Cryptojacking,ACS712,02:52:59.085,0.95,2.51,0.1
CoinIMP (CPU) (100%),Raspberry Pi 3B 1GB,1,Attack,5.51,Cryptojacking,ACS712,02:53:00.088,1.1,2.53,0.11
CoinIMP (CPU) (100%),Raspberry Pi 3B 1GB,1,Attack,4.28,Cryptojacking,ACS712,02:53:01.096,0.86,2.5,0.09
CoinIMP (CPU) (100%),Raspberry Pi 3B 1GB,1,Attack,4.77,Cryptojacking,ACS712,02:53:02.101,0.95,2.51,0.1
CoinIMP (CPU) (100%),Raspberry Pi 3B 1GB,1,Attack,5.02,Cryptojacking,ACS712,02:53:03.103,1.0,2.52,0.1
CoinIMP (CPU) (100%),Raspberry Pi 3B 1GB,1,Attack,4.77,Cryptojacking,ACS712,02:53:04.106,0.95,2.51,0.1
CoinIMP (CPU) (100%),Raspberry Pi 3B 1GB,1,Attack,4.77,Cryptojacking,ACS712,02:53:05.108,0.95,2.51,0.1
CoinIMP (CPU) (100%),Raspberry Pi 3B 1GB,1,Attack,5.02,Cryptojacking,ACS712,02:53:06.111,1.0,2.52,0.1
CoinIMP (CPU) (100%),Raspberry Pi 3B 1GB,1,Attack,4.28,Cryptojacking,ACS712,02:53:07.115,0.86,2.5,0.09
CoinIMP (CPU) (100%),Raspberry Pi 3B 1GB,1,Attack,5.02,Cryptojacking,ACS712,02:53:08.118,1.0,2.52,0.1
CoinIMP (CPU) (100%),Raspberry Pi 3B 1GB,1,Attack,5.02,Cryptojacking,ACS712,02:53:09.116,1.0,2.52,0.1
CoinIMP (CPU) (100%),Raspberry Pi 3B 1GB,1,Attack,5.02,Cryptojacking,ACS712,02:53:10.120,1.0,2.52,0.1
CoinIMP (CPU) (100%),Raspberry Pi 3B 1GB,1,Attack,5.02,Cryptojacking,ACS712,02:53:11.096,1.0,2.52,0.1
CoinIMP (CPU) (100%),Raspberry Pi 3B 1GB,1,Attack,5.26,Cryptojacking,ACS712,02:53:12.104,1.05,2.52,0.11
CoinIMP (CPU) (100%),Raspberry Pi 3B 1GB,1,Attack,4.77,Cryptojacking,ACS712,02:53:13.103,0.95,2.51,0.1
CoinIMP (CPU) (100%),Raspberry Pi 3B 1GB,1,Attack,4.77,Cryptojacking,ACS712,02:53:14.113,0.95,2.51,0.1
CoinIMP (CPU) (100%),Raspberry Pi 3B 1GB,1,Attack,4.77,Cryptojacking,ACS712,02:53:15.127,0.95,2.51,0.1
CoinIMP (CPU) (100%),Raspberry Pi 3B 1GB,1,Attack,5.26,Cryptojacking,ACS712,02:53:16.096,1.05,2.52,0.11
CoinIMP (CPU) (100%),Raspberry Pi 3B 1GB,1,Attack,5.02,Cryptojacking,ACS712,02:53:17.104,1.0,2.52,0.1
CoinIMP (CPU) (100%),Raspberry Pi 3B 1GB,1,Attack,4.77,Cryptojacking,ACS712,02:53:18.108,0.95,2.51,0.1
CoinIMP (CPU) (100%),Raspberry Pi 3B 1GB,1,Attack,4.77,Cryptojacking,ACS712,02:53:19.110,0.95,2.51,0.1
CoinIMP (CPU) (100%),Raspberry Pi 3B 1GB,1,Attack,5.51,Cryptojacking,ACS712,02:53:20.108,1.1,2.53,0.11
CoinIMP (CPU) (100%),Raspberry Pi 3B 1GB,1,Attack,4.77,Cryptojacking,ACS712,02:53:21.122,0.95,2.51,0.1
CoinIMP (CPU) (100%),Raspberry Pi 3B 1GB,1,Attack,5.26,Cryptojacking,ACS712,02:53:22.120,1.05,2.52,0.11
CoinIMP (CPU) (100%),Raspberry Pi 3B 1GB,1,Attack,5.02,Cryptojacking,ACS712,02:53:23.131,1.0,2.52,0.1
CoinIMP (CPU) (100%),Raspberry Pi 3B 1GB,1,Attack,5.02,Cryptojacking,ACS712,02:53:24.101,1.0,2.52,0.1
CoinIMP (CPU) (100%),Raspberry Pi 3B 1GB,1,Attack,4.53,Cryptojacking,ACS712,02:53:25.109,0.91,2.51,0.09
CoinIMP (CPU) (100%),Raspberry Pi 3B 1GB,1,Attack,5.02,Cryptojacking,ACS712,02:53:26.121,1.0,2.52,0.1
CoinIMP (CPU) (100%),Raspberry Pi 3B 1GB,1,Attack,4.53,Cryptojacking,ACS712,02:53:27.132,0.91,2.51,0.09
CoinIMP (CPU) (100%),Raspberry Pi 3B 1GB,1,Attack,5.51,Cryptojacking,ACS712,02:53:28.134,1.1,2.53,0.11
CoinIMP (CPU) (100%),Raspberry Pi 3B 1GB,1,Attack,4.77,Cryptojacking,ACS712,02:53:29.102,0.95,2.51,0.1
CoinIMP (CPU) (100%),Raspberry Pi 3B 1GB,1,Attack,5.02,Cryptojacking,ACS712,02:53:30.138,1.0,2.52,0.1
CoinIMP (CPU) (100%),Raspberry Pi 3B 1GB,1,Attack,4.77,Cryptojacking,ACS712,02:53:31.110,0.95,2.51,0.1
CoinIMP (CPU) (100%),Raspberry Pi 3B 1GB,1,Attack,4.77,Cryptojacking,ACS712,02:53:32.117,0.95,2.51,0.1
CoinIMP (CPU) (100%),Raspberry Pi 3B 1GB,1,Attack,5.26,Cryptojacking,ACS712,02:53:33.117,1.05,2.52,0.11
CoinIMP (CPU) (100%),Raspberry Pi 3B 1GB,1,Attack,5.26,Cryptojacking,ACS712,02:53:34.118,1.05,2.52,0.11
CoinIMP (CPU) (100%),Raspberry Pi 3B 1GB,1,Attack,5.02,Cryptojacking,ACS712,02:53:35.122,1.0,2.52,0.1
CoinIMP (CPU) (100%),Raspberry Pi 3B 1GB,1,Attack,5.02,Cryptojacking,ACS712,02:53:36.126,1.0,2.52,0.1
CoinIMP (CPU) (100%),Raspberry Pi 3B 1GB,1,Attack,5.02,Cryptojacking,ACS712,02:53:37.130,1.0,2.52,0.1
CoinIMP (CPU) (100%),Raspberry Pi 3B 1GB,1,Attack,5.02,Cryptojacking,ACS712,02:53:38.133,1.0,2.52,0.1
CoinIMP (CPU) (100%),Raspberry Pi 3B 1GB,1,Attack,4.77,Cryptojacking,ACS712,02:53:39.143,0.95,2.51,0.1
CoinIMP (CPU) (100%),Raspberry Pi 3B 1GB,1,Attack,5.26,Cryptojacking,ACS712,02:53:40.119,1.05,2.52,0.11
CoinIMP (CPU) (100%),Raspberry Pi 3B 1GB,1,Attack,5.02,Cryptojacking,ACS712,02:53:41.122,1.0,2.52,0.1
CoinIMP (CPU) (100%),Raspberry Pi 3B 1GB,1,Attack,5.26,Cryptojacking,ACS712,02:53:42.129,1.05,2.52,0.11
CoinIMP (CPU) (100%),Raspberry Pi 3B 1GB,1,Attack,5.51,Cryptojacking,ACS712,02:53:43.130,1.1,2.53,0.11
CoinIMP (CPU) (100%),Raspberry Pi 3B 1GB,1,Attack,4.77,Cryptojacking,ACS712,02:53:44.133,0.95,2.51,0.1
CoinIMP (CPU) (100%),Raspberry Pi 3B 1GB,1,Attack,5.02,Cryptojacking,ACS712,02:53:45.125,1.0,2.52,0.1
CoinIMP (CPU) (100%),Raspberry Pi 3B 1GB,1,Attack,5.02,Cryptojacking,ACS712,02:53:46.132,1.0,2.52,0.1
CoinIMP (CPU) (100%),Raspberry Pi 3B 1GB,1,Attack,4.53,Cryptojacking,ACS712,02:53:47.139,0.91,2.51,0.09
CoinIMP (CPU) (100%),Raspberry Pi 3B 1GB,1,Attack,4.53,Cryptojacking,ACS712,02:53:48.148,0.91,2.51,0.09
CoinIMP (CPU) (100%),Raspberry Pi 3B 1GB,1,Attack,5.02,Cryptojacking,ACS712,02:53:49.123,1.0,2.52,0.1
CoinIMP (CPU) (100%),Raspberry Pi 3B 1GB,1,Attack,5.02,Cryptojacking,ACS712,02:53:50.133,1.0,2.52,0.1
CoinIMP (CPU) (100%),Raspberry Pi 3B 1GB,1,Attack,5.26,Cryptojacking,ACS712,02:53:51.137,1.05,2.52,0.11
CoinIMP (CPU) (100%),Raspberry Pi 3B 1GB,1,Attack,5.26,Cryptojacking,ACS712,02:53:52.143,1.05,2.52,0.11
CoinIMP (CPU) (100%),Raspberry Pi 3B 1GB,1,Attack,4.53,Cryptojacking,ACS712,02:53:53.148,0.91,2.51,0.09
CoinIMP (CPU) (100%),Raspberry Pi 3B 1GB,1,Attack,5.26,Cryptojacking,ACS712,02:53:54.122,1.05,2.52,0.11
CoinIMP (CPU) (100%),Raspberry Pi 3B 1GB,1,Attack,5.51,Cryptojacking,ACS712,02:53:55.129,1.1,2.53,0.11
CoinIMP (CPU) (100%),Raspberry Pi 3B 1GB,1,Attack,5.26,Cryptojacking,ACS712,02:53:56.138,1.05,2.52,0.11
CoinIMP (CPU) (100%),Raspberry Pi 3B 1GB,1,Attack,4.77,Cryptojacking,ACS712,02:53:57.141,0.95,2.51,0.1
CoinIMP (CPU) (100%),Raspberry Pi 3B 1GB,1,Attack,5.51,Cryptojacking,ACS712,02:53:58.147,1.1,2.53,0.11
CoinIMP (CPU) (100%),Raspberry Pi 3B 1GB,1,Attack,5.26,Cryptojacking,ACS712,02:53:59.126,1.05,2.52,0.11
CoinIMP (CPU) (100%),Raspberry Pi 3B 1GB,1,Attack,4.53,Cryptojacking,ACS712,02:54:00.132,0.91,2.51,0.09
CoinIMP (CPU) (100%),Raspberry Pi 3B 1GB,1,Attack,5.02,Cryptojacking,ACS712,02:54:01.138,1.0,2.52,0.1
CoinIMP (CPU) (100%),Raspberry Pi 3B 1GB,1,Attack,4.04,Cryptojacking,ACS712,02:54:02.146,0.81,2.5,0.08
CoinIMP (CPU) (100%),Raspberry Pi 3B 1GB,1,Attack,4.77,Cryptojacking,ACS712,02:54:03.153,0.95,2.51,0.1
CoinIMP (CPU) (100%),Raspberry Pi 3B 1GB,1,Attack,5.51,Cryptojacking,ACS712,02:54:04.130,1.1,2.53,0.11
CoinIMP (CPU) (100%),Raspberry Pi 3B 1GB,1,Attack,5.75,Cryptojacking,ACS712,02:54:05.159,1.15,2.53,0.12
CoinIMP (CPU) (100%),Raspberry Pi 3B 1GB,1,Attack,5.02,Cryptojacking,ACS712,02:54:06.131,1.0,2.52,0.1
CoinIMP (CPU) (100%),Raspberry Pi 3B 1GB,1,Attack,5.02,Cryptojacking,ACS712,02:54:07.135,1.0,2.52,0.1
CoinIMP (CPU) (100%),Raspberry Pi 3B 1GB,1,Attack,5.02,Cryptojacking,ACS712,02:54:08.142,1.0,2.52,0.1
CoinIMP (CPU) (100%),Raspberry Pi 3B 1GB,1,Attack,4.77,Cryptojacking,ACS712,02:54:09.149,0.95,2.51,0.1
CoinIMP (CPU) (100%),Raspberry Pi 3B 1GB,1,Attack,5.51,Cryptojacking,ACS712,02:54:10.151,1.1,2.53,0.11
CoinIMP (CPU) (100%),Raspberry Pi 3B 1GB,1,Attack,4.53,Cryptojacking,ACS712,02:54:11.159,0.91,2.51,0.09
CoinIMP (CPU) (100%),Raspberry Pi 3B 1GB,1,Attack,4.77,Cryptojacking,ACS712,02:54:12.132,0.95,2.51,0.1
CoinIMP (CPU) (100%),Raspberry Pi 3B 1GB,1,Attack,4.53,Cryptojacking,ACS712,02:54:13.136,0.91,2.51,0.09
CoinIMP (CPU) (100%),Raspberry Pi 3B 1GB,1,Attack,5.02,Cryptojacking,ACS712,02:54:14.137,1.0,2.52,0.1
CoinIMP (CPU) (100%),Raspberry Pi 3B 1GB,1,Attack,5.26,Cryptojacking,ACS712,02:54:15.145,1.05,2.52,0.11
CoinIMP (CPU) (100%),Raspberry Pi 3B 1GB,1,Attack,5.02,Cryptojacking,ACS712,02:54:16.151,1.0,2.52,0.1
CoinIMP (CPU) (100%),Raspberry Pi 3B 1GB,1,Attack,5.26,Cryptojacking,ACS712,02:54:17.157,1.05,2.52,0.11
CoinIMP (CPU) (100%),Raspberry Pi 3B 1GB,1,Attack,4.77,Cryptojacking,ACS712,02:54:18.162,0.95,2.51,0.1
CoinIMP (CPU) (100%),Raspberry Pi 3B 1GB,1,Attack,5.51,Cryptojacking,ACS712,02:54:19.169,1.1,2.53,0.11
CoinIMP (CPU) (100%),Raspberry Pi 3B 1GB,1,Attack,5.02,Cryptojacking,ACS712,02:54:20.143,1.0,2.52,0.1
CoinIMP (CPU) (100%),Raspberry Pi 3B 1GB,1,Attack,5.51,Cryptojacking,ACS712,02:54:21.141,1.1,2.53,0.11
CoinIMP (CPU) (100%),Raspberry Pi 3B 1GB,1,Attack,4.53,Cryptojacking,ACS712,02:54:22.142,0.91,2.51,0.09
CoinIMP (CPU) (100%),Raspberry Pi 3B 1GB,1,Attack,4.53,Cryptojacking,ACS712,02:54:23.147,0.91,2.51,0.09
CoinIMP (CPU) (100%),Raspberry Pi 3B 1GB,1,Attack,5.02,Cryptojacking,ACS712,02:54:24.165,1.0,2.52,0.1
CoinIMP (CPU) (100%),Raspberry Pi 3B 1GB,1,Attack,5.51,Cryptojacking,ACS712,02:54:25.174,1.1,2.53,0.11
CoinIMP (CPU) (100%),Raspberry Pi 3B 1GB,1,Attack,5.02,Cryptojacking,ACS712,02:54:26.143,1.0,2.52,0.1
CoinIMP (CPU) (100%),Raspberry Pi 3B 1GB,1,Attack,5.51,Cryptojacking,ACS712,02:54:27.154,1.1,2.53,0.11
CoinIMP (CPU) (100%),Raspberry Pi 3B 1GB,1,Attack,5.75,Cryptojacking,ACS712,02:54:28.157,1.15,2.53,0.12
CoinIMP (CPU) (100%),Raspberry Pi 3B 1GB,1,Attack,5.75,Cryptojacking,ACS712,02:54:29.166,1.15,2.53,0.12
CoinIMP (CPU) (100%),Raspberry Pi 3B 1GB,1,Attack,5.02,Cryptojacking,ACS712,02:54:30.172,1.0,2.52,0.1
CoinIMP (CPU) (100%),Raspberry Pi 3B 1GB,1,Attack,4.77,Cryptojacking,ACS712,02:54:31.145,0.95,2.51,0.1
CoinIMP (CPU) (100%),Raspberry Pi 3B 1GB,1,Attack,4.77,Cryptojacking,ACS712,02:54:32.151,0.95,2.51,0.1
CoinIMP (CPU) (100%),Raspberry Pi 3B 1GB,1,Attack,4.53,Cryptojacking,ACS712,02:54:33.160,0.91,2.51,0.09
CoinIMP (CPU) (100%),Raspberry Pi 3B 1GB,1,Attack,5.75,Cryptojacking,ACS712,02:54:34.163,1.15,2.53,0.12
CoinIMP (CPU) (100%),Raspberry Pi 3B 1GB,1,Attack,5.02,Cryptojacking,ACS712,02:54:35.177,1.0,2.52,0.1
CoinIMP (CPU) (100%),Raspberry Pi 3B 1GB,1,Attack,4.77,Cryptojacking,ACS712,02:54:36.148,0.95,2.51,0.1
CoinIMP (CPU) (100%),Raspberry Pi 3B 1GB,1,Attack,5.26,Cryptojacking,ACS712,02:54:37.156,1.05,2.52,0.11
CoinIMP (CPU) (100%),Raspberry Pi 3B 1GB,1,Attack,4.77,Cryptojacking,ACS712,02:54:38.169,0.95,2.51,0.1
CoinIMP (CPU) (100%),Raspberry Pi 3B 1GB,1,Attack,4.77,Cryptojacking,ACS712,02:54:39.176,0.95,2.51,0.1
CoinIMP (CPU) (100%),Raspberry Pi 3B 1GB,1,Attack,5.02,Cryptojacking,ACS712,02:54:40.178,1.0,2.52,0.1
CoinIMP (CPU) (100%),Raspberry Pi 3B 1GB,1,Attack,5.02,Cryptojacking,ACS712,02:54:41.154,1.0,2.52,0.1
CoinIMP (CPU) (100%),Raspberry Pi 3B 1GB,1,Attack,4.53,Cryptojacking,ACS712,02:54:42.158,0.91,2.51,0.09
CoinIMP (CPU) (100%),Raspberry Pi 3B 1GB,1,Attack,5.26,Cryptojacking,ACS712,02:54:43.159,1.05,2.52,0.11
CoinIMP (CPU) (100%),Raspberry Pi 3B 1GB,1,Attack,5.26,Cryptojacking,ACS712,02:54:44.165,1.05,2.52,0.11
CoinIMP (CPU) (100%),Raspberry Pi 3B 1GB,1,Attack,4.28,Cryptojacking,ACS712,02:54:45.170,0.86,2.5,0.09
CoinIMP (CPU) (100%),Raspberry Pi 3B 1GB,1,Attack,5.51,Cryptojacking,ACS712,02:54:46.181,1.1,2.53,0.11
CoinIMP (CPU) (100%),Raspberry Pi 3B 1GB,1,Attack,5.02,Cryptojacking,ACS712,02:54:47.186,1.0,2.52,0.1
CoinIMP (CPU) (100%),Raspberry Pi 3B 1GB,1,Attack,4.53,Cryptojacking,ACS712,02:54:48.155,0.91,2.51,0.09
CoinIMP (CPU) (100%),Raspberry Pi 3B 1GB,1,Attack,5.26,Cryptojacking,ACS712,02:54:49.165,1.05,2.52,0.11
CoinIMP (CPU) (100%),Raspberry Pi 3B 1GB,1,Attack,4.28,Cryptojacking,ACS712,02:54:50.165,0.86,2.5,0.09
CoinIMP (CPU) (100%),Raspberry Pi 3B 1GB,1,Attack,5.26,Cryptojacking,ACS712,02:54:51.174,1.05,2.52,0.11
CoinIMP (CPU) (100%),Raspberry Pi 3B 1GB,1,Attack,4.77,Cryptojacking,ACS712,02:54:52.181,0.95,2.51,0.1
CoinIMP (CPU) (100%),Raspberry Pi 3B 1GB,1,Attack,5.51,Cryptojacking,ACS712,02:54:53.168,1.1,2.53,0.11
CoinIMP (CPU) (100%),Raspberry Pi 3B 1GB,1,Attack,5.26,Cryptojacking,ACS712,02:54:54.173,1.05,2.52,0.11
CoinIMP (CPU) (100%),Raspberry Pi 3B 1GB,1,Attack,4.28,Cryptojacking,ACS712,02:54:55.180,0.86,2.5,0.09
CoinIMP (CPU) (100%),Raspberry Pi 3B 1GB,1,Attack,4.28,Cryptojacking,ACS712,02:54:56.187,0.86,2.5,0.09
CoinIMP (CPU) (100%),Raspberry Pi 3B 1GB,1,Attack,5.51,Cryptojacking,ACS712,02:54:57.190,1.1,2.53,0.11
CoinIMP (CPU) (100%),Raspberry Pi 3B 1GB,1,Attack,5.02,Cryptojacking,ACS712,02:54:58.163,1.0,2.52,0.1
CoinIMP (CPU) (100%),Raspberry Pi 3B 1GB,1,Attack,5.26,Cryptojacking,ACS712,02:54:59.167,1.05,2.52,0.11
CoinIMP (CPU) (100%),Raspberry Pi 3B 1GB,1,Recovery,5.02,Cryptojacking,ACS712,02:55:00.180,1.0,2.52,0.1
CoinIMP (CPU) (100%),Raspberry Pi 3B 1GB,1,Recovery,5.02,Cryptojacking,ACS712,02:55:01.195,1.0,2.52,0.1
CoinIMP (CPU) (100%),Raspberry Pi 3B 1GB,1,Recovery,2.57,Cryptojacking,ACS712,02:55:02.168,0.51,2.47,0.05
CoinIMP (CPU) (100%),Raspberry Pi 3B 1GB,1,Recovery,2.57,Cryptojacking,ACS712,02:55:03.171,0.51,2.47,0.05
CoinIMP (CPU) (100%),Raspberry Pi 3B 1GB,1,Recovery,3.06,Cryptojacking,ACS712,02:55:04.179,0.61,2.48,0.06
CoinIMP (CPU) (100%),Raspberry Pi 3B 1GB,1,Recovery,2.33,Cryptojacking,ACS712,02:55:05.185,0.47,2.46,0.05
CoinIMP (CPU) (100%),Raspberry Pi 3B 1GB,1,Recovery,2.57,Cryptojacking,ACS712,02:55:06.190,0.51,2.47,0.05
CoinIMP (CPU) (100%),Raspberry Pi 3B 1GB,1,Recovery,2.57,Cryptojacking,ACS712,02:55:07.201,0.51,2.47,0.05
CoinIMP (CPU) (100%),Raspberry Pi 3B 1GB,1,Recovery,2.33,Cryptojacking,ACS712,02:55:08.179,0.47,2.46,0.05
CoinIMP (CPU) (100%),Raspberry Pi 3B 1GB,1,Recovery,2.33,Cryptojacking,ACS712,02:55:09.178,0.47,2.46,0.05
CoinIMP (CPU) (100%),Raspberry Pi 3B 1GB,1,Recovery,2.82,Cryptojacking,ACS712,02:55:10.182,0.56,2.47,0.06
CoinIMP (CPU) (100%),Raspberry Pi 3B 1GB,1,Recovery,2.33,Cryptojacking,ACS712,02:55:11.187,0.47,2.46,0.05
CoinIMP (CPU) (100%),Raspberry Pi 3B 1GB,1,Recovery,2.09,Cryptojacking,ACS712,02:55:12.197,0.42,2.46,0.04
CoinIMP (CPU) (100%),Raspberry Pi 3B 1GB,1,Recovery,2.57,Cryptojacking,ACS712,02:55:13.200,0.51,2.47,0.05
CoinIMP (CPU) (100%),Raspberry Pi 3B 1GB,1,Recovery,2.09,Cryptojacking,ACS712,02:55:14.202,0.42,2.46,0.04
CoinIMP (CPU) (100%),Raspberry Pi 3B 1GB,1,Recovery,1.6,Cryptojacking,ACS712,02:55:15.172,0.32,2.45,0.03
CoinIMP (CPU) (100%),Raspberry Pi 3B 1GB,1,Recovery,2.82,Cryptojacking,ACS712,02:55:16.181,0.56,2.47,0.06
CoinIMP (CPU) (100%),Raspberry Pi 3B 1GB,1,Recovery,1.6,Cryptojacking,ACS712,02:55:17.190,0.32,2.45,0.03
CoinIMP (CPU) (100%),Raspberry Pi 3B 1GB,1,Recovery,2.33,Cryptojacking,ACS712,02:55:18.193,0.47,2.46,0.05
CoinIMP (CPU) (100%),Raspberry Pi 3B 1GB,1,Recovery,2.33,Cryptojacking,ACS712,02:55:19.199,0.47,2.46,0.05
CoinIMP (CPU) (100%),Raspberry Pi 3B 1GB,1,Recovery,2.09,Cryptojacking,ACS712,02:55:20.206,0.42,2.46,0.04
CoinIMP (CPU) (100%),Raspberry Pi 3B 1GB,1,Recovery,2.09,Cryptojacking,ACS712,02:55:21.179,0.42,2.46,0.04
CoinIMP (CPU) (100%),Raspberry Pi 3B 1GB,1,Recovery,2.33,Cryptojacking,ACS712,02:55:22.188,0.47,2.46,0.05
CoinIMP (CPU) (100%),Raspberry Pi 3B 1GB,1,Recovery,2.33,Cryptojacking,ACS712,02:55:23.194,0.47,2.46,0.05
CoinIMP (CPU) (100%),Raspberry Pi 3B 1GB,1,Recovery,2.09,Cryptojacking,ACS712,02:55:24.193,0.42,2.46,0.04
CoinIMP (CPU) (100%),Raspberry Pi 3B 1GB,1,Recovery,1.35,Cryptojacking,ACS712,02:55:25.200,0.27,2.44,0.03
CoinIMP (CPU) (100%),Raspberry Pi 3B 1GB,1,Recovery,2.33,Cryptojacking,ACS712,02:55:26.205,0.47,2.46,0.05
CoinIMP (CPU) (100%),Raspberry Pi 3B 1GB,1,Recovery,2.33,Cryptojacking,ACS712,02:55:27.211,0.47,2.46,0.05
CoinIMP (CPU) (100%),Raspberry Pi 3B 1GB,1,Recovery,2.09,Cryptojacking,ACS712,02:55:28.183,0.42,2.46,0.04
CoinIMP (CPU) (100%),Raspberry Pi 3B 1GB,1,Recovery,2.33,Cryptojacking,ACS712,02:55:29.186,0.47,2.46,0.05
CoinIMP (CPU) (100%),Raspberry Pi 3B 1GB,1,Recovery,2.33,Cryptojacking,ACS712,02:55:30.199,0.47,2.46,0.05
CoinIMP (CPU) (100%),Raspberry Pi 3B 1GB,1,Recovery,2.33,Cryptojacking,ACS712,02:55:31.201,0.47,2.46,0.05
CoinIMP (CPU) (100%),Raspberry Pi 3B 1GB,1,Recovery,2.57,Cryptojacking,ACS712,02:55:32.208,0.51,2.47,0.05
CoinIMP (CPU) (100%),Raspberry Pi 3B 1GB,1,Recovery,2.09,Cryptojacking,ACS712,02:55:33.213,0.42,2.46,0.04
CoinIMP (CPU) (100%),Raspberry Pi 3B 1GB,1,Recovery,1.84,Cryptojacking,ACS712,02:55:34.215,0.37,2.45,0.04
CoinIMP (CPU) (100%),Raspberry Pi 3B 1GB,1,Recovery,1.84,Cryptojacking,ACS712,02:55:35.190,0.37,2.45,0.04
CoinIMP (CPU) (100%),Raspberry Pi 3B 1GB,1,Recovery,2.33,Cryptojacking,ACS712,02:55:36.189,0.47,2.46,0.05
CoinIMP (CPU) (100%),Raspberry Pi 3B 1GB,1,Recovery,2.33,Cryptojacking,ACS712,02:55:37.199,0.47,2.46,0.05
CoinIMP (CPU) (100%),Raspberry Pi 3B 1GB,1,Recovery,2.33,Cryptojacking,ACS712,02:55:38.208,0.47,2.46,0.05
CoinIMP (CPU) (100%),Raspberry Pi 3B 1GB,1,Recovery,2.33,Cryptojacking,ACS712,02:55:39.210,0.47,2.46,0.05
CoinIMP (CPU) (100%),Raspberry Pi 3B 1GB,1,Recovery,2.33,Cryptojacking,ACS712,02:55:40.188,0.47,2.46,0.05
CoinIMP (CPU) (100%),Raspberry Pi 3B 1GB,1,Recovery,2.57,Cryptojacking,ACS712,02:55:41.194,0.51,2.47,0.05
CoinIMP (CPU) (100%),Raspberry Pi 3B 1GB,1,Recovery,2.09,Cryptojacking,ACS712,02:55:42.200,0.42,2.46,0.04
CoinIMP (CPU) (100%),Raspberry Pi 3B 1GB,1,Recovery,2.33,Cryptojacking,ACS712,02:55:43.198,0.47,2.46,0.05
CoinIMP (CPU) (100%),Raspberry Pi 3B 1GB,1,Recovery,1.84,Cryptojacking,ACS712,02:55:44.205,0.37,2.45,0.04
CoinIMP (CPU) (100%),Raspberry Pi 3B 1GB,1,Recovery,2.33,Cryptojacking,ACS712,02:55:45.208,0.47,2.46,0.05
CoinIMP (CPU) (100%),Raspberry Pi 3B 1GB,1,Recovery,2.09,Cryptojacking,ACS712,02:55:46.214,0.42,2.46,0.04
CoinIMP (CPU) (100%),Raspberry Pi 3B 1GB,1,Recovery,2.09,Cryptojacking,ACS712,02:55:47.223,0.42,2.46,0.04
CoinIMP (CPU) (100%),Raspberry Pi 3B 1GB,1,Recovery,1.84,Cryptojacking,ACS712,02:55:48.199,0.37,2.45,0.04
CoinIMP (CPU) (100%),Raspberry Pi 3B 1GB,1,Recovery,1.6,Cryptojacking,ACS712,02:55:49.207,0.32,2.45,0.03
CoinIMP (CPU) (100%),Raspberry Pi 3B 1GB,1,Recovery,2.33,Cryptojacking,ACS712,02:55:50.217,0.47,2.46,0.05
CoinIMP (CPU) (100%),Raspberry Pi 3B 1GB,1,Recovery,2.09,Cryptojacking,ACS712,02:55:51.227,0.42,2.46,0.04
CoinIMP (CPU) (100%),Raspberry Pi 3B 1GB,1,Recovery,2.33,Cryptojacking,ACS712,02:55:52.230,0.47,2.46,0.05
CoinIMP (CPU) (100%),Raspberry Pi 3B 1GB,1,Recovery,2.57,Cryptojacking,ACS712,02:55:53.200,0.51,2.47,0.05
CoinIMP (CPU) (100%),Raspberry Pi 3B 1GB,1,Recovery,1.6,Cryptojacking,ACS712,02:55:54.203,0.32,2.45,0.03
CoinIMP (CPU) (100%),Raspberry Pi 3B 1GB,1,Recovery,1.84,Cryptojacking,ACS712,02:55:55.206,0.37,2.45,0.04
CoinIMP (CPU) (100%),Raspberry Pi 3B 1GB,1,Recovery,1.6,Cryptojacking,ACS712,02:55:56.219,0.32,2.45,0.03
CoinIMP (CPU) (100%),Raspberry Pi 3B 1GB,1,Recovery,1.6,Cryptojacking,ACS712,02:55:57.226,0.32,2.45,0.03
CoinIMP (CPU) (100%),Raspberry Pi 3B 1GB,1,Recovery,1.84,Cryptojacking,ACS712,02:55:58.227,0.37,2.45,0.04
CoinIMP (CPU) (100%),Raspberry Pi 3B 1GB,1,Recovery,2.09,Cryptojacking,ACS712,02:55:59.234,0.42,2.46,0.04
CoinIMP (CPU) (100%),Raspberry Pi 3B 1GB,1,Recovery,2.82,Cryptojacking,ACS712,02:56:00.200,0.56,2.47,0.06
CoinIMP (CPU) (100%),Raspberry Pi 3B 1GB,1,Recovery,1.6,Cryptojacking,ACS712,02:56:01.204,0.32,2.45,0.03
CoinIMP (CPU) (100%),Raspberry Pi 3B 1GB,1,Recovery,1.6,Cryptojacking,ACS712,02:56:02.208,0.32,2.45,0.03
CoinIMP (CPU) (100%),Raspberry Pi 3B 1GB,1,Recovery,2.09,Cryptojacking,ACS712,02:56:03.212,0.42,2.46,0.04
CoinIMP (CPU) (100%),Raspberry Pi 3B 1GB,1,Recovery,2.09,Cryptojacking,ACS712,02:56:04.220,0.42,2.46,0.04
CoinIMP (CPU) (100%),Raspberry Pi 3B 1GB,1,Recovery,2.33,Cryptojacking,ACS712,02:56:05.227,0.47,2.46,0.05
CoinIMP (CPU) (100%),Raspberry Pi 3B 1GB,1,Recovery,3.06,Cryptojacking,ACS712,02:56:06.232,0.61,2.48,0.06
CoinIMP (CPU) (100%),Raspberry Pi 3B 1GB,1,Recovery,2.09,Cryptojacking,ACS712,02:56:07.237,0.42,2.46,0.04
CoinIMP (CPU) (100%),Raspberry Pi 3B 1GB,1,Recovery,2.33,Cryptojacking,ACS712,02:56:08.208,0.47,2.46,0.05
CoinIMP (CPU) (100%),Raspberry Pi 3B 1GB,1,Recovery,1.84,Cryptojacking,ACS712,02:56:09.223,0.37,2.45,0.04
CoinIMP (CPU) (100%),Raspberry Pi 3B 1GB,1,Recovery,2.57,Cryptojacking,ACS712,02:56:10.226,0.51,2.47,0.05
CoinIMP (CPU) (100%),Raspberry Pi 3B 1GB,1,Recovery,2.57,Cryptojacking,ACS712,02:56:11.230,0.51,2.47,0.05
CoinIMP (CPU) (100%),Raspberry Pi 3B 1GB,1,Recovery,1.6,Cryptojacking,ACS712,02:56:12.237,0.32,2.45,0.03
CoinIMP (CPU) (100%),Raspberry Pi 3B 1GB,1,Recovery,1.84,Cryptojacking,ACS712,02:56:13.213,0.37,2.45,0.04
CoinIMP (CPU) (100%),Raspberry Pi 3B 1GB,1,Recovery,2.33,Cryptojacking,ACS712,02:56:14.219,0.47,2.46,0.05
CoinIMP (CPU) (100%),Raspberry Pi 3B 1GB,1,Recovery,1.6,Cryptojacking,ACS712,02:56:15.223,0.32,2.45,0.03
CoinIMP (CPU) (100%),Raspberry Pi 3B 1GB,1,Recovery,2.09,Cryptojacking,ACS712,02:56:16.227,0.42,2.46,0.04
CoinIMP (CPU) (100%),Raspberry Pi 3B 1GB,1,Recovery,2.33,Cryptojacking,ACS712,02:56:17.235,0.47,2.46,0.05
CoinIMP (CPU) (100%),Raspberry Pi 3B 1GB,1,Recovery,1.84,Cryptojacking,ACS712,02:56:18.246,0.37,2.45,0.04
CoinIMP (CPU) (100%),Raspberry Pi 3B 1GB,1,Recovery,2.09,Cryptojacking,ACS712,02:56:19.218,0.42,2.46,0.04
CoinIMP (CPU) (100%),Raspberry Pi 3B 1GB,1,Recovery,2.33,Cryptojacking,ACS712,02:56:20.220,0.47,2.46,0.05
CoinIMP (CPU) (100%),Raspberry Pi 3B 1GB,1,Recovery,2.57,Cryptojacking,ACS712,02:56:21.226,0.51,2.47,0.05
CoinIMP (CPU) (100%),Raspberry Pi 3B 1GB,1,Recovery,2.57,Cryptojacking,ACS712,02:56:22.243,0.51,2.47,0.05
CoinIMP (CPU) (100%),Raspberry Pi 3B 1GB,1,Recovery,2.33,Cryptojacking,ACS712,02:56:23.246,0.47,2.46,0.05
CoinIMP (CPU) (100%),Raspberry Pi 3B 1GB,1,Recovery,2.33,Cryptojacking,ACS712,02:56:24.219,0.47,2.46,0.05
CoinIMP (CPU) (100%),Raspberry Pi 3B 1GB,1,Recovery,2.82,Cryptojacking,ACS712,02:56:25.225,0.56,2.47,0.06
CoinIMP (CPU) (100%),Raspberry Pi 3B 1GB,1,Recovery,2.82,Cryptojacking,ACS712,02:56:26.235,0.56,2.47,0.06
CoinIMP (CPU) (100%),Raspberry Pi 3B 1GB,1,Recovery,2.33,Cryptojacking,ACS712,02:56:27.236,0.47,2.46,0.05
CoinIMP (CPU) (100%),Raspberry Pi 3B 1GB,1,Recovery,2.33,Cryptojacking,ACS712,02:56:28.240,0.47,2.46,0.05
CoinIMP (CPU) (100%),Raspberry Pi 3B 1GB,1,Recovery,2.33,Cryptojacking,ACS712,02:56:29.249,0.47,2.46,0.05
CoinIMP (CPU) (100%),Raspberry Pi 3B 1GB,1,Recovery,2.82,Cryptojacking,ACS712,02:56:30.226,0.56,2.47,0.06
CoinIMP (CPU) (100%),Raspberry Pi 3B 1GB,1,Recovery,2.57,Cryptojacking,ACS712,02:56:31.246,0.51,2.47,0.05
CoinIMP (CPU) (100%),Raspberry Pi 3B 1GB,1,Recovery,2.57,Cryptojacking,ACS712,02:56:32.221,0.51,2.47,0.05
CoinIMP (CPU) (100%),Raspberry Pi 3B 1GB,1,Recovery,3.06,Cryptojacking,ACS712,02:56:33.225,0.61,2.48,0.06
CoinIMP (CPU) (100%),Raspberry Pi 3B 1GB,1,Recovery,2.82,Cryptojacking,ACS712,02:56:34.232,0.56,2.47,0.06
CoinIMP (CPU) (100%),Raspberry Pi 3B 1GB,1,Recovery,2.57,Cryptojacking,ACS712,02:56:35.238,0.51,2.47,0.05
CoinIMP (CPU) (100%),Raspberry Pi 3B 1GB,1,Recovery,2.82,Cryptojacking,ACS712,02:56:36.244,0.56,2.47,0.06
CoinIMP (CPU) (100%),Raspberry Pi 3B 1GB,1,Recovery,2.09,Cryptojacking,ACS712,02:56:37.250,0.42,2.46,0.04
CoinIMP (CPU) (100%),Raspberry Pi 3B 1GB,1,Recovery,2.82,Cryptojacking,ACS712,02:56:38.259,0.56,2.47,0.06
CoinIMP (CPU) (100%),Raspberry Pi 3B 1GB,1,Recovery,2.09,Cryptojacking,ACS712,02:56:39.237,0.42,2.46,0.04
CoinIMP (CPU) (100%),Raspberry Pi 3B 1GB,1,Recovery,2.82,Cryptojacking,ACS712,02:56:40.245,0.56,2.47,0.06
CoinIMP (CPU) (100%),Raspberry Pi 3B 1GB,1,Recovery,3.06,Cryptojacking,ACS712,02:56:41.244,0.61,2.48,0.06
CoinIMP (CPU) (100%),Raspberry Pi 3B 1GB,1,Recovery,2.82,Cryptojacking,ACS712,02:56:42.256,0.56,2.47,0.06
CoinIMP (CPU) (100%),Raspberry Pi 3B 1GB,1,Recovery,2.82,Cryptojacking,ACS712,02:56:43.262,0.56,2.47,0.06
CoinIMP (CPU) (100%),Raspberry Pi 3B 1GB,1,Recovery,2.33,Cryptojacking,ACS712,02:56:44.233,0.47,2.46,0.05
CoinIMP (CPU) (100%),Raspberry Pi 3B 1GB,1,Recovery,2.57,Cryptojacking,ACS712,02:56:45.237,0.51,2.47,0.05
CoinIMP (CPU) (100%),Raspberry Pi 3B 1GB,1,Recovery,2.82,Cryptojacking,ACS712,02:56:46.241,0.56,2.47,0.06
CoinIMP (CPU) (100%),Raspberry Pi 3B 1GB,1,Recovery,3.06,Cryptojacking,ACS712,02:56:47.250,0.61,2.48,0.06
CoinIMP (CPU) (100%),Raspberry Pi 3B 1GB,1,Recovery,2.09,Cryptojacking,ACS712,02:56:48.250,0.42,2.46,0.04
CoinIMP (CPU) (100%),Raspberry Pi 3B 1GB,1,Recovery,2.57,Cryptojacking,ACS712,02:56:49.254,0.51,2.47,0.05
CoinIMP (CPU) (100%),Raspberry Pi 3B 1GB,1,Recovery,2.09,Cryptojacking,ACS712,02:56:50.261,0.42,2.46,0.04
CoinIMP (CPU) (100%),Raspberry Pi 3B 1GB,1,Recovery,3.31,Cryptojacking,ACS712,02:56:51.263,0.66,2.48,0.07
CoinIMP (CPU) (100%),Raspberry Pi 3B 1GB,1,Recovery,3.06,Cryptojacking,ACS712,02:56:52.235,0.61,2.48,0.06
CoinIMP (CPU) (100%),Raspberry Pi 3B 1GB,1,Recovery,2.57,Cryptojacking,ACS712,02:56:53.249,0.51,2.47,0.05
CoinIMP (CPU) (100%),Raspberry Pi 3B 1GB,1,Recovery,3.06,Cryptojacking,ACS712,02:56:54.255,0.61,2.48,0.06
CoinIMP (CPU) (100%),Raspberry Pi 3B 1GB,1,Recovery,2.09,Cryptojacking,ACS712,02:56:55.252,0.42,2.46,0.04
CoinIMP (CPU) (100%),Raspberry Pi 3B 1GB,1,Recovery,2.57,Cryptojacking,ACS712,02:56:56.259,0.51,2.47,0.05
CoinIMP (CPU) (100%),Raspberry Pi 3B 1GB,1,Recovery,3.55,Cryptojacking,ACS712,02:56:57.267,0.71,2.49,0.07
CoinIMP (CPU) (100%),Raspberry Pi 3B 1GB,1,Recovery,2.82,Cryptojacking,ACS712,02:56:58.240,0.56,2.47,0.06
CoinIMP (CPU) (100%),Raspberry Pi 3B 1GB,1,Recovery,2.33,Cryptojacking,ACS712,02:56:59.241,0.47,2.46,0.05
CoinIMP (CPU) (100%),Raspberry Pi 3B 1GB,1,Recovery,3.06,Cryptojacking,ACS712,02:57:00.252,0.61,2.48,0.06
CoinIMP (CPU) (100%),Raspberry Pi 3B 1GB,1,Recovery,2.33,Cryptojacking,ACS712,02:57:01.257,0.47,2.46,0.05
CoinIMP (CPU) (100%),Raspberry Pi 3B 1GB,1,Recovery,3.06,Cryptojacking,ACS712,02:57:02.262,0.61,2.48,0.06
CoinIMP (CPU) (100%),Raspberry Pi 3B 1GB,1,Recovery,2.09,Cryptojacking,ACS712,02:57:03.265,0.42,2.46,0.04
CoinIMP (CPU) (100%),Raspberry Pi 3B 1GB,1,Recovery,2.82,Cryptojacking,ACS712,02:57:04.242,0.56,2.47,0.06
CoinIMP (CPU) (100%),Raspberry Pi 3B 1GB,1,Recovery,3.06,Cryptojacking,ACS712,02:57:05.250,0.61,2.48,0.06
CoinIMP (CPU) (100%),Raspberry Pi 3B 1GB,1,Recovery,2.82,Cryptojacking,ACS712,02:57:06.253,0.56,2.47,0.06
CoinIMP (CPU) (100%),Raspberry Pi 3B 1GB,1,Recovery,3.06,Cryptojacking,ACS712,02:57:07.259,0.61,2.48,0.06
CoinIMP (CPU) (100%),Raspberry Pi 3B 1GB,1,Recovery,2.57,Cryptojacking,ACS712,02:57:08.264,0.51,2.47,0.05
CoinIMP (CPU) (100%),Raspberry Pi 3B 1GB,1,Recovery,1.84,Cryptojacking,ACS712,02:57:09.278,0.37,2.45,0.04
CoinIMP (CPU) (100%),Raspberry Pi 3B 1GB,1,Recovery,2.33,Cryptojacking,ACS712,02:57:10.248,0.47,2.46,0.05
CoinIMP (CPU) (100%),Raspberry Pi 3B 1GB,1,Recovery,2.57,Cryptojacking,ACS712,02:57:11.251,0.51,2.47,0.05
CoinIMP (CPU) (100%),Raspberry Pi 3B 1GB,1,Recovery,2.33,Cryptojacking,ACS712,02:57:12.257,0.47,2.46,0.05
CoinIMP (CPU) (100%),Raspberry Pi 3B 1GB,1,Recovery,2.57,Cryptojacking,ACS712,02:57:13.268,0.51,2.47,0.05
CoinIMP (CPU) (100%),Raspberry Pi 3B 1GB,1,Recovery,2.82,Cryptojacking,ACS712,02:57:14.273,0.56,2.47,0.06
CoinIMP (CPU) (100%),Raspberry Pi 3B 1GB,1,Recovery,2.57,Cryptojacking,ACS712,02:57:15.281,0.51,2.47,0.05
CoinIMP (CPU) (100%),Raspberry Pi 3B 1GB,1,Recovery,2.57,Cryptojacking,ACS712,02:57:16.256,0.51,2.47,0.05
CoinIMP (CPU) (100%),Raspberry Pi 3B 1GB,1,Recovery,2.57,Cryptojacking,ACS712,02:57:17.258,0.51,2.47,0.05
CoinIMP (CPU) (100%),Raspberry Pi 3B 1GB,1,Recovery,2.57,Cryptojacking,ACS712,02:57:18.273,0.51,2.47,0.05
CoinIMP (CPU) (100%),Raspberry Pi 3B 1GB,1,Recovery,2.82,Cryptojacking,ACS712,02:57:19.272,0.56,2.47,0.06
CoinIMP (CPU) (100%),Raspberry Pi 3B 1GB,1,Recovery,2.57,Cryptojacking,ACS712,02:57:20.275,0.51,2.47,0.05
CoinIMP (CPU) (100%),Raspberry Pi 3B 1GB,1,Recovery,2.33,Cryptojacking,ACS712,02:57:21.276,0.47,2.46,0.05
CoinIMP (CPU) (100%),Raspberry Pi 3B 1GB,1,Recovery,3.31,Cryptojacking,ACS712,02:57:22.283,0.66,2.48,0.07
CoinIMP (CPU) (100%),Raspberry Pi 3B 1GB,1,Recovery,2.33,Cryptojacking,ACS712,02:57:23.281,0.47,2.46,0.05
CoinIMP (CPU) (100%),Raspberry Pi 3B 1GB,1,Recovery,3.06,Cryptojacking,ACS712,02:57:24.256,0.61,2.48,0.06
CoinIMP (CPU) (100%),Raspberry Pi 3B 1GB,1,Recovery,3.06,Cryptojacking,ACS712,02:57:25.266,0.61,2.48,0.06
CoinIMP (CPU) (100%),Raspberry Pi 3B 1GB,1,Recovery,2.82,Cryptojacking,ACS712,02:57:26.280,0.56,2.47,0.06
CoinIMP (CPU) (100%),Raspberry Pi 3B 1GB,1,Recovery,2.57,Cryptojacking,ACS712,02:57:27.257,0.51,2.47,0.05
CoinIMP (CPU) (100%),Raspberry Pi 3B 1GB,1,Recovery,3.06,Cryptojacking,ACS712,02:57:28.267,0.61,2.48,0.06
CoinIMP (CPU) (100%),Raspberry Pi 3B 1GB,1,Recovery,2.57,Cryptojacking,ACS712,02:57:29.273,0.51,2.47,0.05
CoinIMP (CPU) (100%),Raspberry Pi 3B 1GB,1,Recovery,2.82,Cryptojacking,ACS712,02:57:30.279,0.56,2.47,0.06
CoinIMP (CPU) (100%),Raspberry Pi 3B 1GB,1,Recovery,2.82,Cryptojacking,ACS712,02:57:31.284,0.56,2.47,0.06
CoinIMP (CPU) (100%),Raspberry Pi 3B 1GB,1,Recovery,3.55,Cryptojacking,ACS712,02:57:32.262,0.71,2.49,0.07
CoinIMP (CPU) (100%),Raspberry Pi 3B 1GB,1,Recovery,2.09,Cryptojacking,ACS712,02:57:33.266,0.42,2.46,0.04
CoinIMP (CPU) (100%),Raspberry Pi 3B 1GB,1,Recovery,2.33,Cryptojacking,ACS712,02:57:34.264,0.47,2.46,0.05
CoinIMP (CPU) (100%),Raspberry Pi 3B 1GB,1,Recovery,2.09,Cryptojacking,ACS712,02:57:35.269,0.42,2.46,0.04
CoinIMP (CPU) (100%),Raspberry Pi 3B 1GB,1,Recovery,2.33,Cryptojacking,ACS712,02:57:36.271,0.47,2.46,0.05
CoinIMP (CPU) (100%),Raspberry Pi 3B 1GB,1,Recovery,3.06,Cryptojacking,ACS712,02:57:37.267,0.61,2.48,0.06
CoinIMP (CPU) (100%),Raspberry Pi 3B 1GB,1,Recovery,2.82,Cryptojacking,ACS712,02:57:38.278,0.56,2.47,0.06
CoinIMP (CPU) (100%),Raspberry Pi 3B 1GB,1,Recovery,2.33,Cryptojacking,ACS712,02:57:39.283,0.47,2.46,0.05
CoinIMP (CPU) (100%),Raspberry Pi 3B 1GB,1,Recovery,2.09,Cryptojacking,ACS712,02:57:40.287,0.42,2.46,0.04
CoinIMP (CPU) (100%),Raspberry Pi 3B 1GB,1,Recovery,2.82,Cryptojacking,ACS712,02:57:41.268,0.56,2.47,0.06
CoinIMP (CPU) (100%),Raspberry Pi 3B 1GB,1,Recovery,3.06,Cryptojacking,ACS712,02:57:42.275,0.61,2.48,0.06
CoinIMP (CPU) (100%),Raspberry Pi 3B 1GB,1,Recovery,2.82,Cryptojacking,ACS712,02:57:43.289,0.56,2.47,0.06
CoinIMP (CPU) (100%),Raspberry Pi 3B 1GB,1,Recovery,2.82,Cryptojacking,ACS712,02:57:44.294,0.56,2.47,0.06
CoinIMP (CPU) (100%),Raspberry Pi 3B 1GB,1,Recovery,2.57,Cryptojacking,ACS712,02:57:45.301,0.51,2.47,0.05
CoinIMP (CPU) (100%),Raspberry Pi 3B 1GB,1,Recovery,2.82,Cryptojacking,ACS712,02:57:46.270,0.56,2.47,0.06
CoinIMP (CPU) (100%),Raspberry Pi 3B 1GB,1,Recovery,4.53,Cryptojacking,ACS712,02:57:47.276,0.91,2.51,0.09
CoinIMP (CPU) (100%),Raspberry Pi 3B 1GB,1,Recovery,2.09,Cryptojacking,ACS712,02:57:48.278,0.42,2.46,0.04
CoinIMP (CPU) (100%),Raspberry Pi 3B 1GB,1,Recovery,2.57,Cryptojacking,ACS712,02:57:49.282,0.51,2.47,0.05
CoinIMP (CPU) (100%),Raspberry Pi 3B 1GB,1,Recovery,2.57,Cryptojacking,ACS712,02:57:50.285,0.51,2.47,0.05
CoinIMP (CPU) (100%),Raspberry Pi 3B 1GB,1,Recovery,2.09,Cryptojacking,ACS712,02:57:51.286,0.42,2.46,0.04
CoinIMP (CPU) (100%),Raspberry Pi 3B 1GB,1,Recovery,1.84,Cryptojacking,ACS712,02:57:52.282,0.37,2.45,0.04
CoinIMP (CPU) (100%),Raspberry Pi 3B 1GB,1,Recovery,3.55,Cryptojacking,ACS712,02:57:53.282,0.71,2.49,0.07
CoinIMP (CPU) (100%),Raspberry Pi 3B 1GB,1,Recovery,2.33,Cryptojacking,ACS712,02:57:54.283,0.47,2.46,0.05
CoinIMP (CPU) (100%),Raspberry Pi 3B 1GB,1,Recovery,2.57,Cryptojacking,ACS712,02:57:55.287,0.51,2.47,0.05
CoinIMP (CPU) (100%),Raspberry Pi 3B 1GB,1,Recovery,2.33,Cryptojacking,ACS712,02:57:56.302,0.47,2.46,0.05
CoinIMP (CPU) (100%),Raspberry Pi 3B 1GB,1,Recovery,1.84,Cryptojacking,ACS712,02:57:57.309,0.37,2.45,0.04
CoinIMP (CPU) (100%),Raspberry Pi 3B 1GB,1,Recovery,2.33,Cryptojacking,ACS712,02:57:58.283,0.47,2.46,0.05
CoinIMP (CPU) (100%),Raspberry Pi 3B 1GB,1,Recovery,2.57,Cryptojacking,ACS712,02:57:59.292,0.51,2.47,0.05
CoinIMP (CPU) (100%),Raspberry Pi 3B 1GB,1,Recovery,2.57,Cryptojacking,ACS712,02:58:00.303,0.51,2.47,0.05
CoinIMP (CPU) (100%),Raspberry Pi 3B 1GB,1,Recovery,1.84,Cryptojacking,ACS712,02:58:01.307,0.37,2.45,0.04
CoinIMP (CPU) (100%),Raspberry Pi 3B 1GB,1,Recovery,2.57,Cryptojacking,ACS712,02:58:02.313,0.51,2.47,0.05
CoinIMP (CPU) (100%),Raspberry Pi 3B 1GB,1,Recovery,2.33,Cryptojacking,ACS712,02:58:03.284,0.47,2.46,0.05
CoinIMP (CPU) (100%),Raspberry Pi 3B 1GB,1,Recovery,2.09,Cryptojacking,ACS712,02:58:04.292,0.42,2.46,0.04
CoinIMP (CPU) (100%),Raspberry Pi 3B 1GB,1,Recovery,2.33,Cryptojacking,ACS712,02:58:05.297,0.47,2.46,0.05
CoinIMP (CPU) (100%),Raspberry Pi 3B 1GB,1,Recovery,2.57,Cryptojacking,ACS712,02:58:06.296,0.51,2.47,0.05
CoinIMP (CPU) (100%),Raspberry Pi 3B 1GB,1,Recovery,2.33,Cryptojacking,ACS712,02:58:07.305,0.47,2.46,0.05
CoinIMP (CPU) (100%),Raspberry Pi 3B 1GB,1,Recovery,2.82,Cryptojacking,ACS712,02:58:08.304,0.56,2.47,0.06
CoinIMP (CPU) (100%),Raspberry Pi 3B 1GB,1,Recovery,2.57,Cryptojacking,ACS712,02:58:09.311,0.51,2.47,0.05
CoinIMP (CPU) (100%),Raspberry Pi 3B 1GB,1,Recovery,2.57,Cryptojacking,ACS712,02:58:10.315,0.51,2.47,0.05
CoinIMP (CPU) (100%),Raspberry Pi 3B 1GB,1,Recovery,2.57,Cryptojacking,ACS712,02:58:11.319,0.51,2.47,0.05
CoinIMP (CPU) (100%),Raspberry Pi 3B 1GB,1,Recovery,2.33,Cryptojacking,ACS712,02:58:12.294,0.47,2.46,0.05
CoinIMP (CPU) (100%),Raspberry Pi 3B 1GB,1,Recovery,2.33,Cryptojacking,ACS712,02:58:13.294,0.47,2.46,0.05
CoinIMP (CPU) (100%),Raspberry Pi 3B 1GB,1,Recovery,2.82,Cryptojacking,ACS712,02:58:14.305,0.56,2.47,0.06
CoinIMP (CPU) (100%),Raspberry Pi 3B 1GB,1,Recovery,2.57,Cryptojacking,ACS712,02:58:15.299,0.51,2.47,0.05
CoinIMP (CPU) (100%),Raspberry Pi 3B 1GB,1,Recovery,2.09,Cryptojacking,ACS712,02:58:16.307,0.42,2.46,0.04
CoinIMP (CPU) (100%),Raspberry Pi 3B 1GB,1,Recovery,2.33,Cryptojacking,ACS712,02:58:17.308,0.47,2.46,0.05
CoinIMP (CPU) (100%),Raspberry Pi 3B 1GB,1,Recovery,2.33,Cryptojacking,ACS712,02:58:18.307,0.47,2.46,0.05
CoinIMP (CPU) (100%),Raspberry Pi 3B 1GB,1,Recovery,2.57,Cryptojacking,ACS712,02:58:19.311,0.51,2.47,0.05
CoinIMP (CPU) (100%),Raspberry Pi 3B 1GB,1,Recovery,2.09,Cryptojacking,ACS712,02:58:20.318,0.42,2.46,0.04
CoinIMP (CPU) (100%),Raspberry Pi 3B 1GB,1,Recovery,2.57,Cryptojacking,ACS712,02:58:21.294,0.51,2.47,0.05
CoinIMP (CPU) (100%),Raspberry Pi 3B 1GB,1,Recovery,2.57,Cryptojacking,ACS712,02:58:22.301,0.51,2.47,0.05
CoinIMP (CPU) (100%),Raspberry Pi 3B 1GB,1,Recovery,2.57,Cryptojacking,ACS712,02:58:23.312,0.51,2.47,0.05
CoinIMP (CPU) (100%),Raspberry Pi 3B 1GB,1,Recovery,1.84,Cryptojacking,ACS712,02:58:24.325,0.37,2.45,0.04
CoinIMP (CPU) (100%),Raspberry Pi 3B 1GB,1,Recovery,2.09,Cryptojacking,ACS712,02:58:25.298,0.42,2.46,0.04
CoinIMP (CPU) (100%),Raspberry Pi 3B 1GB,1,Recovery,2.33,Cryptojacking,ACS712,02:58:26.301,0.47,2.46,0.05
CoinIMP (CPU) (100%),Raspberry Pi 3B 1GB,1,Recovery,2.33,Cryptojacking,ACS712,02:58:27.308,0.47,2.46,0.05
CoinIMP (CPU) (100%),Raspberry Pi 3B 1GB,1,Recovery,2.09,Cryptojacking,ACS712,02:58:28.314,0.42,2.46,0.04
CoinIMP (CPU) (100%),Raspberry Pi 3B 1GB,1,Recovery,2.33,Cryptojacking,ACS712,02:58:29.317,0.47,2.46,0.05
CoinIMP (CPU) (100%),Raspberry Pi 3B 1GB,1,Recovery,2.33,Cryptojacking,ACS712,02:58:30.320,0.47,2.46,0.05
CoinIMP (CPU) (100%),Raspberry Pi 3B 1GB,1,Recovery,2.33,Cryptojacking,ACS712,02:58:31.322,0.47,2.46,0.05
CoinIMP (CPU) (100%),Raspberry Pi 3B 1GB,1,Recovery,1.6,Cryptojacking,ACS712,02:58:32.300,0.32,2.45,0.03
CoinIMP (CPU) (100%),Raspberry Pi 3B 1GB,1,Recovery,2.33,Cryptojacking,ACS712,02:58:33.313,0.47,2.46,0.05
CoinIMP (CPU) (100%),Raspberry Pi 3B 1GB,1,Recovery,2.57,Cryptojacking,ACS712,02:58:34.318,0.51,2.47,0.05
CoinIMP (CPU) (100%),Raspberry Pi 3B 1GB,1,Recovery,2.57,Cryptojacking,ACS712,02:58:35.323,0.51,2.47,0.05
CoinIMP (CPU) (100%),Raspberry Pi 3B 1GB,1,Recovery,2.09,Cryptojacking,ACS712,02:58:36.328,0.42,2.46,0.04
CoinIMP (CPU) (100%),Raspberry Pi 3B 1GB,1,Recovery,2.57,Cryptojacking,ACS712,02:58:37.324,0.51,2.47,0.05
CoinIMP (CPU) (100%),Raspberry Pi 3B 1GB,1,Recovery,2.33,Cryptojacking,ACS712,02:58:38.333,0.47,2.46,0.05
CoinIMP (CPU) (100%),Raspberry Pi 3B 1GB,1,Recovery,3.31,Cryptojacking,ACS712,02:58:39.335,0.66,2.48,0.07
CoinIMP (CPU) (100%),Raspberry Pi 3B 1GB,1,Recovery,1.84,Cryptojacking,ACS712,02:58:40.307,0.37,2.45,0.04
CoinIMP (CPU) (100%),Raspberry Pi 3B 1GB,1,Recovery,1.84,Cryptojacking,ACS712,02:58:41.307,0.37,2.45,0.04
CoinIMP (CPU) (100%),Raspberry Pi 3B 1GB,1,Recovery,2.09,Cryptojacking,ACS712,02:58:42.324,0.42,2.46,0.04
CoinIMP (CPU) (100%),Raspberry Pi 3B 1GB,1,Recovery,2.82,Cryptojacking,ACS712,02:58:43.328,0.56,2.47,0.06
CoinIMP (CPU) (100%),Raspberry Pi 3B 1GB,1,Recovery,1.84,Cryptojacking,ACS712,02:58:44.336,0.37,2.45,0.04
CoinIMP (CPU) (100%),Raspberry Pi 3B 1GB,1,Recovery,2.09,Cryptojacking,ACS712,02:58:45.314,0.42,2.46,0.04
CoinIMP (CPU) (100%),Raspberry Pi 3B 1GB,1,Recovery,2.09,Cryptojacking,ACS712,02:58:46.316,0.42,2.46,0.04
CoinIMP (CPU) (100%),Raspberry Pi 3B 1GB,1,Recovery,2.09,Cryptojacking,ACS712,02:58:47.330,0.42,2.46,0.04
CoinIMP (CPU) (100%),Raspberry Pi 3B 1GB,1,Recovery,2.09,Cryptojacking,ACS712,02:58:48.329,0.42,2.46,0.04
CoinIMP (CPU) (100%),Raspberry Pi 3B 1GB,1,Recovery,3.06,Cryptojacking,ACS712,02:58:49.336,0.61,2.48,0.06
CoinIMP (CPU) (100%),Raspberry Pi 3B 1GB,1,Recovery,2.09,Cryptojacking,ACS712,02:58:50.342,0.42,2.46,0.04
CoinIMP (CPU) (100%),Raspberry Pi 3B 1GB,1,Recovery,2.09,Cryptojacking,ACS712,02:58:51.337,0.42,2.46,0.04
CoinIMP (CPU) (100%),Raspberry Pi 3B 1GB,1,Recovery,2.09,Cryptojacking,ACS712,02:58:52.344,0.42,2.46,0.04
CoinIMP (CPU) (100%),Raspberry Pi 3B 1GB,1,Recovery,2.09,Cryptojacking,ACS712,02:58:53.348,0.42,2.46,0.04
CoinIMP (CPU) (100%),Raspberry Pi 3B 1GB,1,Recovery,2.33,Cryptojacking,ACS712,02:58:54.322,0.47,2.46,0.05
CoinIMP (CPU) (100%),Raspberry Pi 3B 1GB,1,Recovery,1.84,Cryptojacking,ACS712,02:58:55.324,0.37,2.45,0.04
CoinIMP (CPU) (100%),Raspberry Pi 3B 1GB,1,Recovery,1.84,Cryptojacking,ACS712,02:58:56.328,0.37,2.45,0.04
CoinIMP (CPU) (100%),Raspberry Pi 3B 1GB,1,Recovery,1.6,Cryptojacking,ACS712,02:58:57.335,0.32,2.45,0.03
CoinIMP (CPU) (100%),Raspberry Pi 3B 1GB,1,Recovery,2.09,Cryptojacking,ACS712,02:58:58.341,0.42,2.46,0.04
CoinIMP (CPU) (100%),Raspberry Pi 3B 1GB,1,Recovery,3.06,Cryptojacking,ACS712,02:58:59.339,0.61,2.48,0.06
CoinIMP (CPU) (100%),Raspberry Pi 3B 1GB,1,Recovery,1.6,Cryptojacking,ACS712,02:59:00.341,0.32,2.45,0.03
CoinIMP (CPU) (100%),Raspberry Pi 3B 1GB,1,Recovery,2.57,Cryptojacking,ACS712,02:59:01.345,0.51,2.47,0.05
CoinIMP (CPU) (100%),Raspberry Pi 3B 1GB,1,Recovery,1.84,Cryptojacking,ACS712,02:59:02.320,0.37,2.45,0.04
CoinIMP (CPU) (100%),Raspberry Pi 3B 1GB,1,Recovery,1.6,Cryptojacking,ACS712,02:59:03.327,0.32,2.45,0.03
CoinIMP (CPU) (100%),Raspberry Pi 3B 1GB,1,Recovery,2.82,Cryptojacking,ACS712,02:59:04.337,0.56,2.47,0.06
CoinIMP (CPU) (100%),Raspberry Pi 3B 1GB,1,Recovery,1.84,Cryptojacking,ACS712,02:59:05.350,0.37,2.45,0.04
CoinIMP (CPU) (100%),Raspberry Pi 3B 1GB,1,Recovery,1.84,Cryptojacking,ACS712,02:59:06.327,0.37,2.45,0.04
CoinIMP (CPU) (100%),Raspberry Pi 3B 1GB,1,Recovery,2.09,Cryptojacking,ACS712,02:59:07.329,0.42,2.46,0.04
CoinIMP (CPU) (100%),Raspberry Pi 3B 1GB,1,Recovery,1.84,Cryptojacking,ACS712,02:59:08.335,0.37,2.45,0.04
CoinIMP (CPU) (100%),Raspberry Pi 3B 1GB,1,Recovery,3.31,Cryptojacking,ACS712,02:59:09.337,0.66,2.48,0.07
CoinIMP (CPU) (100%),Raspberry Pi 3B 1GB,1,Recovery,1.84,Cryptojacking,ACS712,02:59:10.347,0.37,2.45,0.04
CoinIMP (CPU) (100%),Raspberry Pi 3B 1GB,1,Recovery,1.84,Cryptojacking,ACS712,02:59:11.349,0.37,2.45,0.04
CoinIMP (CPU) (100%),Raspberry Pi 3B 1GB,1,Recovery,1.84,Cryptojacking,ACS712,02:59:12.358,0.37,2.45,0.04
CoinIMP (CPU) (100%),Raspberry Pi 3B 1GB,1,Recovery,1.6,Cryptojacking,ACS712,02:59:13.328,0.32,2.45,0.03
CoinIMP (CPU) (100%),Raspberry Pi 3B 1GB,1,Recovery,1.6,Cryptojacking,ACS712,02:59:14.333,0.32,2.45,0.03
CoinIMP (CPU) (100%),Raspberry Pi 3B 1GB,1,Recovery,1.6,Cryptojacking,ACS712,02:59:15.338,0.32,2.45,0.03
CoinIMP (CPU) (100%),Raspberry Pi 3B 1GB,1,Recovery,1.84,Cryptojacking,ACS712,02:59:16.341,0.37,2.45,0.04
CoinIMP (CPU) (100%),Raspberry Pi 3B 1GB,1,Recovery,1.84,Cryptojacking,ACS712,02:59:17.348,0.37,2.45,0.04
CoinIMP (CPU) (100%),Raspberry Pi 3B 1GB,1,Recovery,1.84,Cryptojacking,ACS712,02:59:18.356,0.37,2.45,0.04
CoinIMP (CPU) (100%),Raspberry Pi 3B 1GB,1,Recovery,1.84,Cryptojacking,ACS712,02:59:19.331,0.37,2.45,0.04
CoinIMP (CPU) (100%),Raspberry Pi 3B 1GB,1,Recovery,1.6,Cryptojacking,ACS712,02:59:20.332,0.32,2.45,0.03
CoinIMP (CPU) (100%),Raspberry Pi 3B 1GB,1,Recovery,1.6,Cryptojacking,ACS712,02:59:21.335,0.32,2.45,0.03
CoinIMP (CPU) (100%),Raspberry Pi 3B 1GB,1,Recovery,1.35,Cryptojacking,ACS712,02:59:22.336,0.27,2.44,0.03
CoinIMP (CPU) (100%),Raspberry Pi 3B 1GB,1,Recovery,1.84,Cryptojacking,ACS712,02:59:23.340,0.37,2.45,0.04
CoinIMP (CPU) (100%),Raspberry Pi 3B 1GB,1,Recovery,0.86,Cryptojacking,ACS712,02:59:24.347,0.17,2.43,0.02
CoinIMP (CPU) (100%),Raspberry Pi 3B 1GB,1,Recovery,1.6,Cryptojacking,ACS712,02:59:25.357,0.32,2.45,0.03
CoinIMP (CPU) (100%),Raspberry Pi 3B 1GB,1,Recovery,2.09,Cryptojacking,ACS712,02:59:26.365,0.42,2.46,0.04
CoinIMP (CPU) (100%),Raspberry Pi 3B 1GB,1,Recovery,2.09,Cryptojacking,ACS712,02:59:27.370,0.42,2.46,0.04
CoinIMP (CPU) (100%),Raspberry Pi 3B 1GB,1,Recovery,1.84,Cryptojacking,ACS712,02:59:28.346,0.37,2.45,0.04
CoinIMP (CPU) (100%),Raspberry Pi 3B 1GB,1,Recovery,2.09,Cryptojacking,ACS712,02:59:29.355,0.42,2.46,0.04
CoinIMP (CPU) (100%),Raspberry Pi 3B 1GB,1,Recovery,1.6,Cryptojacking,ACS712,02:59:30.363,0.32,2.45,0.03
CoinIMP (CPU) (100%),Raspberry Pi 3B 1GB,1,Recovery,2.33,Cryptojacking,ACS712,02:59:31.366,0.47,2.46,0.05
CoinIMP (CPU) (100%),Raspberry Pi 3B 1GB,1,Recovery,1.84,Cryptojacking,ACS712,02:59:32.367,0.37,2.45,0.04
CoinIMP (CPU) (100%),Raspberry Pi 3B 1GB,1,Recovery,1.84,Cryptojacking,ACS712,02:59:33.347,0.37,2.45,0.04
CoinIMP (CPU) (100%),Raspberry Pi 3B 1GB,1,Recovery,2.09,Cryptojacking,ACS712,02:59:34.350,0.42,2.46,0.04
CoinIMP (CPU) (100%),Raspberry Pi 3B 1GB,1,Recovery,1.11,Cryptojacking,ACS712,02:59:35.355,0.22,2.44,0.02
CoinIMP (CPU) (100%),Raspberry Pi 3B 1GB,1,Recovery,1.6,Cryptojacking,ACS712,02:59:36.358,0.32,2.45,0.03
CoinIMP (CPU) (100%),Raspberry Pi 3B 1GB,1,Recovery,2.09,Cryptojacking,ACS712,02:59:37.363,0.42,2.46,0.04
CoinIMP (CPU) (100%),Raspberry Pi 3B 1GB,1,Recovery,1.6,Cryptojacking,ACS712,02:59:38.376,0.32,2.45,0.03
CoinIMP (CPU) (100%),Raspberry Pi 3B 1GB,1,Recovery,1.35,Cryptojacking,ACS712,02:59:39.346,0.27,2.44,0.03
CoinIMP (CPU) (100%),Raspberry Pi 3B 1GB,1,Recovery,1.35,Cryptojacking,ACS712,02:59:40.358,0.27,2.44,0.03
CoinIMP (CPU) (100%),Raspberry Pi 3B 1GB,1,Recovery,0.86,Cryptojacking,ACS712,02:59:41.364,0.17,2.43,0.02
CoinIMP (CPU) (100%),Raspberry Pi 3B 1GB,1,Recovery,1.35,Cryptojacking,ACS712,02:59:42.375,0.27,2.44,0.03
CoinIMP (CPU) (100%),Raspberry Pi 3B 1GB,1,Recovery,1.84,Cryptojacking,ACS712,02:59:43.349,0.37,2.45,0.04
CoinIMP (CPU) (100%),Raspberry Pi 3B 1GB,1,Recovery,1.11,Cryptojacking,ACS712,02:59:44.355,0.22,2.44,0.02
CoinIMP (CPU) (100%),Raspberry Pi 3B 1GB,1,Recovery,1.6,Cryptojacking,ACS712,02:59:45.361,0.32,2.45,0.03
CoinIMP (CPU) (100%),Raspberry Pi 3B 1GB,1,Recovery,1.6,Cryptojacking,ACS712,02:59:46.368,0.32,2.45,0.03
CoinIMP (CPU) (100%),Raspberry Pi 3B 1GB,1,Recovery,1.11,Cryptojacking,ACS712,02:59:47.373,0.22,2.44,0.02
CoinIMP (CPU) (100%),Raspberry Pi 3B 1GB,1,Recovery,2.09,Cryptojacking,ACS712,02:59:48.352,0.42,2.46,0.04
CoinIMP (CPU) (100%),Raspberry Pi 3B 1GB,1,Recovery,1.6,Cryptojacking,ACS712,02:59:49.356,0.32,2.45,0.03
CoinIMP (CPU) (100%),Raspberry Pi 3B 1GB,1,Recovery,1.6,Cryptojacking,ACS712,02:59:50.363,0.32,2.45,0.03
CoinIMP (CPU) (100%),Raspberry Pi 3B 1GB,1,Recovery,1.35,Cryptojacking,ACS712,02:59:51.364,0.27,2.44,0.03
CoinIMP (CPU) (100%),Raspberry Pi 3B 1GB,1,Recovery,1.6,Cryptojacking,ACS712,02:59:52.358,0.32,2.45,0.03
CoinIMP (CPU) (100%),Raspberry Pi 3B 1GB,1,Recovery,1.84,Cryptojacking,ACS712,02:59:53.364,0.37,2.45,0.04
CoinIMP (CPU) (100%),Raspberry Pi 3B 1GB,1,Recovery,1.35,Cryptojacking,ACS712,02:59:54.369,0.27,2.44,0.03
CoinIMP (CPU) (100%),Raspberry Pi 3B 1GB,1,Recovery,1.6,Cryptojacking,ACS712,02:59:55.373,0.32,2.45,0.03
CoinIMP (CPU) (100%),Raspberry Pi 3B 1GB,1,Recovery,1.84,Cryptojacking,ACS712,02:59:56.372,0.37,2.45,0.04
CoinIMP (CPU) (100%),Raspberry Pi 3B 1GB,1,Recovery,1.6,Cryptojacking,ACS712,02:59:57.382,0.32,2.45,0.03
CoinIMP (CPU) (100%),Raspberry Pi 3B 1GB,1,Recovery,1.84,Cryptojacking,ACS712,02:59:58.357,0.37,2.45,0.04
CoinIMP (CPU) (100%),Raspberry Pi 3B 1GB,1,Recovery,1.6,Cryptojacking,ACS712,02:59:59.368,0.32,2.45,0.03
CoinIMP (CPU) (100%),Raspberry Pi 3B 1GB,1,Recovery,1.84,Cryptojacking,ACS712,03:00:00.370,0.37,2.45,0.04
CoinIMP (CPU) (100%),Raspberry Pi 3B 1GB,1,Recovery,1.11,Cryptojacking,ACS712,03:00:01.373,0.22,2.44,0.02
